lane_key,lane,pickup_city,pickup_state,pickup_state_name,delivery_city,delivery_state,delivery_state_name
018c3887bb72cdaf128d4eced247471b,"North Charleston,SC -> Laredo,TX",North Charleston,SC,South Carolina,Laredo,TX,Texas
7844be4b31cb2eab50b504223face7f3,"Decatur,IN -> Cleveland,NC",Decatur,IN,Indiana,Cleveland,NC,North Carolina
491e74934672eeb4d02f97a174727c0e,"Sycamore,IL -> Lakeland,FL",Sycamore,IL,Illinois,Lakeland,FL,Florida
f5795191feca53183d8a5b8206a3006f,"Fort Collins,CO -> Portland,OR",Fort Collins,CO,Colorado,Portland,OR,Oregon
ecb69e76be01944a6905202891d57ea9,"Pleasant Prairie,WI -> Williamsburg,VA",Pleasant Prairie,WI,Wisconsin,Williamsburg,VA,Virginia
1ff6733b0d2953b7dd34f1f0856e6091,"Williamsburg,VA -> Piedmont,SC",Williamsburg,VA,Virginia,Piedmont,SC,South Carolina
1ecbbc921a44279aacb7ebd2e6cddf58,"Granite City,IL -> Kirksville,MO",Granite City,IL,Illinois,Kirksville,MO,Missouri
45e31b8991db781c60ec7073ebc247dd,"Cartersville,GA -> Ebro,FL",Cartersville,GA,Georgia,Ebro,FL,Florida
7218527bf381efc81e468b9e444b0fab,"Medley,FL -> Rome,GA",Medley,FL,Florida,Rome,GA,Georgia
238adb40847d6c18c5e0bc73f7467a77,"Newark,NJ -> State College,PA",Newark,NJ,New Jersey,State College,PA,Pennsylvania
86add9c7948a0dc60662ab731d684336,"Richmond,CA -> Tracy,CA",Richmond,CA,California,Tracy,CA,California
8f0b45bbef650db1824d0ad269addcc4,"Newark,NJ -> Mount Vernon,NY",Newark,NJ,New Jersey,Mount Vernon,NY,New York
46ab9b7d467bd71c51f6e2757cbf5cbb,"Santa Ana,CA -> Jurupa Valley,CA",Santa Ana,CA,California,Jurupa Valley,CA,California
11089b18db875b232f7b7501af9586a7,"Hillsborough Township,NJ -> Philadelphia,PA",Hillsborough Township,NJ,New Jersey,Philadelphia,PA,Pennsylvania
a5bc0ae822e7e436b0e87a090f04db16,"Queens,NY -> Newark,NJ",Queens,NY,New York,Newark,NJ,New Jersey
3464a85eb0171b9d01c5375b4fd606d3,"Perrysburg,OH -> Toledo,OH",Perrysburg,OH,Ohio,Toledo,OH,Ohio
f5f985c111e32016f6206819e8139dd4,"Miami,FL -> Athens,AL",Miami,FL,Florida,Athens,AL,Alabama
c2312dff519279a8e73390d067a94af9,"Houston,TX -> Pacific,WA",Houston,TX,Texas,Pacific,WA,Washington
07e6fb8fe9643b822abee3ba4192c845,"Laredo,TX -> Conover,NC",Laredo,TX,Texas,Conover,NC,North Carolina
484a2e49a0b23f7b2ced303f27fad5c7,"Reading,PA -> Mundelein,IL",Reading,PA,Pennsylvania,Mundelein,IL,Illinois
c9a726ae0b71bc2b2414cc533c190fe1,"Goose Creek,SC -> Charlotte,NC",Goose Creek,SC,South Carolina,Charlotte,NC,North Carolina
d664f3f6240d7f6dd47ebc9963d6df1e,"Baldwinsville,NY -> Little Falls,NY",Baldwinsville,NY,New York,Little Falls,NY,New York
f217674c41032c1cedaa29ee31d49419,"Lynn,MA -> Newark,NJ",Lynn,MA,Massachusetts,Newark,NJ,New Jersey
d4471085ef8e2fc0086b9858d5b9a49d,"Trenton,MO -> Mount Holly,NC",Trenton,MO,Missouri,Mount Holly,NC,North Carolina
106614e5a451a08796784b5b487d994f,"Trenton,MO -> Laredo,TX",Trenton,MO,Missouri,Laredo,TX,Texas
4211c278fe76c00232790c9587855a55,"Sioux City,IA -> Longmont,CO",Sioux City,IA,Iowa,Longmont,CO,Colorado
daea1affdeba64df3e75f4a620c9db48,"Fort Collins,CO -> Moorhead,MN",Fort Collins,CO,Colorado,Moorhead,MN,Minnesota
76fb7d8cfab880b086456a7eee1a57ca,"Aurora,CO -> Ogden,UT",Aurora,CO,Colorado,Ogden,UT,Utah
07522c4ab4dd8ec5b7013c3b209e7732,"Fort Collins,CO -> Cedar City,UT",Fort Collins,CO,Colorado,Cedar City,UT,Utah
b6dd8769d2496839f2a4f22d81f6a2ad,"Normal,IL -> Bryan,OH",Normal,IL,Illinois,Bryan,OH,Ohio
69cb72dd2ea61c2458a5715e88c61f19,"Dunkirk,IN -> Wilson,NC",Dunkirk,IN,Indiana,Wilson,NC,North Carolina
554308f3f821fc22d69d660c750feb8d,"Chillicothe,OH -> Portland,OR",Chillicothe,OH,Ohio,Portland,OR,Oregon
7922999ad95b399472194d537bbbee7d,"Fort Collins,CO -> Puyallup,WA",Fort Collins,CO,Colorado,Puyallup,WA,Washington
5787a74af9977089351f425264801f5f,"Plant City,FL -> Woodbridge Township,NJ",Plant City,FL,Florida,Woodbridge Township,NJ,New Jersey
2ef38921b106a48d8962cfff5299c259,"Columbus,OH -> Jacksonville,FL",Columbus,OH,Ohio,Jacksonville,FL,Florida
941c897175021ba352f907d2aa599068,"Fort Collins,CO -> Durango,CO",Fort Collins,CO,Colorado,Durango,CO,Colorado
4c40a7916b626a6f8ec306635471f3ab,"Vineland,NJ -> Bronx,NY",Vineland,NJ,New Jersey,Bronx,NY,New York
a4fb9e8e685efe985128bd3838673d8d,"Houston,TX -> Houma,LA",Houston,TX,Texas,Houma,LA,Louisiana
f2056bf224f8a1194d563aabfce05d6c,"Statesville,NC -> Canton,OH",Statesville,NC,North Carolina,Canton,OH,Ohio
aa893a344049f2f61d936f9ad76c5519,"Warrenton,VA -> Ephrata,PA",Warrenton,VA,Virginia,Ephrata,PA,Pennsylvania
fc8d7b3bfaeb3f413df5da101571d3b8,"Casa Grande,AZ -> San Diego,CA",Casa Grande,AZ,Arizona,San Diego,CA,California
43d4c0069f5af1257081c97644e8be1f,"Fairfield,CA -> Jacksonville,FL",Fairfield,CA,California,Jacksonville,FL,Florida
1af7ea14b8ff389140b40d1c31e12f48,"Bolingbrook,IL -> Tracy,CA",Bolingbrook,IL,Illinois,Tracy,CA,California
91a171eb1ede735a6e231c0b87043cc6,"St. Louis,MO -> Schofield,WI",St. Louis,MO,Missouri,Schofield,WI,Wisconsin
5f4e97385a9c9ca5e8a62d7ebcd9f09b,"Brooklyn,NY -> Augusta,GA",Brooklyn,NY,New York,Augusta,GA,Georgia
b754edea2e0d3ab47f563e05366a2aad,"La Porte,TX -> Longview,TX",La Porte,TX,Texas,Longview,TX,Texas
302fb322b401b2c6c00eb8e215ce3c57,"Winchester,VA -> East Berlin,PA",Winchester,VA,Virginia,East Berlin,PA,Pennsylvania
f6256a25de6252277d6b30bd7194c74d,"Jacksonville,FL -> Spartanburg,SC",Jacksonville,FL,Florida,Spartanburg,SC,South Carolina
6750c7de7dac770f74c99344d94829a1,"Christiansburg,VA -> Lebanon,OH",Christiansburg,VA,Virginia,Lebanon,OH,Ohio
bc8b8e6ef67dcfc431c125fdaeaa1ddf,"Fort Collins,CO -> Grand Island,NE",Fort Collins,CO,Colorado,Grand Island,NE,Nebraska
da4af4cdc878cafeed1cfad8126ec2cc,"Granite City,IL -> Muskegon Heights,MI",Granite City,IL,Illinois,Muskegon Heights,MI,Michigan
b86be562e5c7edaec5f206c257d026a2,"Brooklyn,NY -> Jersey City,NJ",Brooklyn,NY,New York,Jersey City,NJ,New Jersey
91bffdf210fa3d006ceeb25518360355,"Pasadena,TX -> Commerce,TX",Pasadena,TX,Texas,Commerce,TX,Texas
eaffa58cefaa58553fae537d29f12813,"Tennille,GA -> Vienna,GA",Tennille,GA,Georgia,Vienna,GA,Georgia
e686f1eea83b1c41fcf4a84300a3acff,"Pennsauken Township,NJ -> Newark,NJ",Pennsauken Township,NJ,New Jersey,Newark,NJ,New Jersey
ae8822de78e376de22310132211b6ebf,"Tucson,AZ -> Methuen,MA",Tucson,AZ,Arizona,Methuen,MA,Massachusetts
db0ceb6ee0fa4926780ff5b5c3fc8945,"Anderson,SC -> Warren,OH",Anderson,SC,South Carolina,Warren,OH,Ohio
5fe93a8f269a2a7c0a534d67adfdd310,"Granite City,IL -> Brecksville,OH",Granite City,IL,Illinois,Brecksville,OH,Ohio
7e85d41d57a1f067b18eaef49316233c,"Statesboro,GA -> Brooklyn,NY",Statesboro,GA,Georgia,Brooklyn,NY,New York
e6354df2808879ff04db37d483c43e5d,"Baldwinsville,NY -> Chesapeake,VA",Baldwinsville,NY,New York,Chesapeake,VA,Virginia
d3d5e00e14384a0a0f0f51d67cbf6275,"Houston,TX -> Hutchinson,KS",Houston,TX,Texas,Hutchinson,KS,Kansas
e8de23bf64c0dbb200cc0128574c99e2,"Pittsburgh,PA -> Tolleson,AZ",Pittsburgh,PA,Pennsylvania,Tolleson,AZ,Arizona
b713f1f470862a672caec5c474ee3ee5,"Las Vegas,NV -> Chicago,IL",Las Vegas,NV,Nevada,Chicago,IL,Illinois
ea4876b649954bc78b593cdfd77e60b1,"Granite City,IL -> Charter Township of Clinton,MI",Granite City,IL,Illinois,Charter Township of Clinton,MI,Michigan
a35e99913ffee3b361a86e16b5871d5b,"Granite City,IL -> Sauk Rapids,MN",Granite City,IL,Illinois,Sauk Rapids,MN,Minnesota
73d03e96722d2dcedbe743095af8a42e,"Columbus,OH -> Johnstown,PA",Columbus,OH,Ohio,Johnstown,PA,Pennsylvania
ae5c00374ad0a0ad09a26de442de58e5,"Commerce,CA -> Chandler,AZ",Commerce,CA,California,Chandler,AZ,Arizona
1a4cd07b5d1ef91abf37f73825d5156a,"La Palma,CA -> Plant City,FL",La Palma,CA,California,Plant City,FL,Florida
04474b8cfbee7705d78d6f8e16e81960,"Quincy,WA -> Brea,CA",Quincy,WA,Washington,Brea,CA,California
46aa412d72debddd0ccd15b8e312dd07,"Plant City,FL -> Hatfield,MA",Plant City,FL,Florida,Hatfield,MA,Massachusetts
a8b5b833224e6e6f1a54144d322c4259,"Los Angeles,CA -> Watsonville,CA",Los Angeles,CA,California,Watsonville,CA,California
43ee035c6e9f21e0f1b548f0c9211ed5,"La Pine,OR -> Tolleson,AZ",La Pine,OR,Oregon,Tolleson,AZ,Arizona
8f2f387468fbdecbc0f0a2d91511e768,"Lakeland,FL -> Compton,CA",Lakeland,FL,Florida,Compton,CA,California
82cff93f4ce52b1f1363a819fb999c33,"Holiday City,OH -> Baldwinsville,NY",Holiday City,OH,Ohio,Baldwinsville,NY,New York
58237539298dd519710268b13f0ccbbe,"St. Louis,MO -> Cartersville,GA",St. Louis,MO,Missouri,Cartersville,GA,Georgia
894fdb76158bac6ebc1bf072dcd148f9,"Spring Valley,NY -> Waterbury,CT",Spring Valley,NY,New York,Waterbury,CT,Connecticut
e2be1f03a77f13680a13062a0ad9ece5,"Aurora,CO -> Omaha,NE",Aurora,CO,Colorado,Omaha,NE,Nebraska
30b76096158689cc8c892d8c556cd75e,"Fairfield,CA -> Merrimack,NH",Fairfield,CA,California,Merrimack,NH,New Hampshire
d41c1f8164cbe937868cdb47c96d45cd,"Santa Ana,CA -> Sacramento,CA",Santa Ana,CA,California,Sacramento,CA,California
0c876ed442699e92124f212a910379ad,"Los Angeles,CA -> Greensboro,NC",Los Angeles,CA,California,Greensboro,NC,North Carolina
675f94375f59446afaecef32260f81a5,"Broomfield,CO -> Las Vegas,NV",Broomfield,CO,Colorado,Las Vegas,NV,Nevada
d8dad47697c248b7371f24c103d0e777,"Columbus,OH -> Danville,VA",Columbus,OH,Ohio,Danville,VA,Virginia
b0b12a73fdcfa6d4b49656fae756aef5,"Granite City,IL -> Muskegon,MI",Granite City,IL,Illinois,Muskegon,MI,Michigan
3225e2c323695ed1c2dc1c45c2969c55,"Carlisle,PA -> Orange,CT",Carlisle,PA,Pennsylvania,Orange,CT,Connecticut
6c8823550dfa59ffb84ff9dd0fbc5724,"Williamsburg,VA -> Greensboro,NC",Williamsburg,VA,Virginia,Greensboro,NC,North Carolina
321372e7243d967eefa01aaf1919c04a,"Columbus,OH -> Erie,PA",Columbus,OH,Ohio,Erie,PA,Pennsylvania
4f383d38cf4ec8690ea4fbdb93c15215,"St. Louis,MO -> Rogers,MN",St. Louis,MO,Missouri,Rogers,MN,Minnesota
bb14c5222691423095a57648364c6e32,"Newark,NJ -> Warren,MI",Newark,NJ,New Jersey,Warren,MI,Michigan
9eebd33390296b8a30577d6b5f58791c,"Brooklyn,NY -> Kearny,NJ",Brooklyn,NY,New York,Kearny,NJ,New Jersey
fa8ec741e47b59d69218b8534c9d06af,"Granite City,IL -> Albert Lea,MN",Granite City,IL,Illinois,Albert Lea,MN,Minnesota
a59159f8e283e89edd422f7dec9f6918,"Fort Collins,CO -> Elko,NV",Fort Collins,CO,Colorado,Elko,NV,Nevada
adbf22d18ba05ec2d52315df96ba7742,"Wray,CO -> Denver,CO",Wray,CO,Colorado,Denver,CO,Colorado
fff0e397ef4bb5d4a2df36d4371ec7f6,"Georgetown,SC -> Lexington,NC",Georgetown,SC,South Carolina,Lexington,NC,North Carolina
c151427cafaa314d37c45c435329d103,"Owensboro,KY -> Grand Rapids,MI",Owensboro,KY,Kentucky,Grand Rapids,MI,Michigan
f16db9a293d6e1b761d609648f8a0db2,"Dublin,VA -> Mount Holly,NC",Dublin,VA,Virginia,Mount Holly,NC,North Carolina
410f9132f624f1c7c36dc2a1cfbd2e45,"Edinburg,VA -> York,PA",Edinburg,VA,Virginia,York,PA,Pennsylvania
219c5cb7c3a28974a480970f7df533c5,"Lakewood,NY -> Statesville,NC",Lakewood,NY,New York,Statesville,NC,North Carolina
bf0f74965495aa62122a443cc9e40480,"Baldwinsville,NY -> Columbus,OH",Baldwinsville,NY,New York,Columbus,OH,Ohio
0793f0bc2d869d4fb035365cdd701902,"St. Louis,MO -> Metairie,LA",St. Louis,MO,Missouri,Metairie,LA,Louisiana
5b5255e6d337e62eb898904e4511d085,"Aurora,CO -> Amarillo,TX",Aurora,CO,Colorado,Amarillo,TX,Texas
37de9e9f207e8f67686fd0aeb2331730,"La Porte,TX -> Madisonville,LA",La Porte,TX,Texas,Madisonville,LA,Louisiana
bc7f43195c7ab61355fa65edc10ba5c2,"Bridgewater,NJ -> York,PA",Bridgewater,NJ,New Jersey,York,PA,Pennsylvania
729cc7924a40eb4a48f0afca2888e303,"Aurora,CO -> Glenwood Springs,CO",Aurora,CO,Colorado,Glenwood Springs,CO,Colorado
2aa3e857fbeefd7d5ca1423efe61fae9,"Gulfport,MS -> Upper Marlboro,MD",Gulfport,MS,Mississippi,Upper Marlboro,MD,Maryland
31728a1d092e63e0a190109857ba64eb,"Granite City,IL -> Thief River Falls,MN",Granite City,IL,Illinois,Thief River Falls,MN,Minnesota
80e48a5b3a5d47eb8e6fd01cab648813,"Upper Marlboro,MD -> Methuen,MA",Upper Marlboro,MD,Maryland,Methuen,MA,Massachusetts
ea6e20f767fdb067dbb8f2c3fe2d84cd,"Wyomissing,PA -> Mundelein,IL",Wyomissing,PA,Pennsylvania,Mundelein,IL,Illinois
5255c824b96f3dbfb9c934729e1f23e7,"Williamsburg,VA -> Elkins,WV",Williamsburg,VA,Virginia,Elkins,WV,West Virginia
2097d2fbb15fac5d64ab761259f8b741,"Phoenix,AZ -> Downey,CA",Phoenix,AZ,Arizona,Downey,CA,California
b499b47cd1a7189e8bf966e812bfabb6,"Williamsburg,VA -> San Antonio,TX",Williamsburg,VA,Virginia,San Antonio,TX,Texas
c025f5c5437bf65bc376d3a27933397a,"Granite City,IL -> Sioux City,IA",Granite City,IL,Illinois,Sioux City,IA,Iowa
4907c17c7f0cb9891aa82d9ab9eaeca0,"Mount Ayr,IA -> Laceys Spring,AL",Mount Ayr,IA,Iowa,Laceys Spring,AL,Alabama
3cd03c2929be7a22d3928f28d666aeed,"St. Louis,MO -> Decatur,IL",St. Louis,MO,Missouri,Decatur,IL,Illinois
7fef6d6d3c5f883356866d3804b079ee,"Newark,NJ -> Tampa,FL",Newark,NJ,New Jersey,Tampa,FL,Florida
c0e0f0699a86b5af9945bea99683b4c1,"Lockport,IL -> Cleveland,NC",Lockport,IL,Illinois,Cleveland,NC,North Carolina
7680d5c93a90a2054a78bca3f3fac0e5,"Georgetown,SC -> Anaheim,CA",Georgetown,SC,South Carolina,Anaheim,CA,California
d9b55bc4add4c4d7ea5f4f011d37842d,"Laredo,TX -> Milwaukee,WI",Laredo,TX,Texas,Milwaukee,WI,Wisconsin
65122734a605a362d72e0eb8f620cbef,"Huntingdon,TN -> Darlington,SC",Huntingdon,TN,Tennessee,Darlington,SC,South Carolina
f3ccb1718e39a179e9dd1cbd6bf8796b,"Yakima,WA -> Methuen,MA",Yakima,WA,Washington,Methuen,MA,Massachusetts
ebda9d8cbb52f2163c2a3c2e40c5b304,"Clackamas,OR -> Roanoke,TX",Clackamas,OR,Oregon,Roanoke,TX,Texas
e0a5bc4e45ef332e4a5c6c50297f63fd,"Fort Collins,CO -> Great Falls,MT",Fort Collins,CO,Colorado,Great Falls,MT,Montana
0bdf9f7cb7af8db9564d27e3810b5690,"Los Angeles,CA -> Visalia,CA",Los Angeles,CA,California,Visalia,CA,California
92c10c6badb40b384a4c56ea1cac7601,"Brighton,MI -> Canton,OH",Brighton,MI,Michigan,Canton,OH,Ohio
90d9d2bfd07dc8a9393173307f54ee15,"Santa Ana,CA -> Carson,CA",Santa Ana,CA,California,Carson,CA,California
9883f53d0fb298f53e78a914c79a1db4,"Brooklyn,NY -> Newark,NJ",Brooklyn,NY,New York,Newark,NJ,New Jersey
dcfa529c8e6206d12e9d8e4d7ef70b2f,"Buffalo,NY -> New Brunswick,NJ",Buffalo,NY,New York,New Brunswick,NJ,New Jersey
f9c8ce7b57ee967c39b873c8fd8582e7,"Compton,CA -> Portland,OR",Compton,CA,California,Portland,OR,Oregon
7782d8ac47a92bd59931c4f4e8675b35,"Newark,NJ -> Grand Forks,ND",Newark,NJ,New Jersey,Grand Forks,ND,North Dakota
1eff739b2cbe7ddbaa7a808269207d0e,"Baldwinsville,NY -> Milford,MA",Baldwinsville,NY,New York,Milford,MA,Massachusetts
c040d119f9486ae5bc99f7a0412c29e2,"1,LA -> Brazil,IN",1,LA,Louisiana,Brazil,IN,Indiana
806fc2826c2246f8d2559076dfeff201,"Opelika,AL -> Bryan,OH",Opelika,AL,Alabama,Bryan,OH,Ohio
83ba59d121427768bc179081b5f7ddf9,"Fort Collins,CO -> Rock Springs,WY",Fort Collins,CO,Colorado,Rock Springs,WY,Wyoming
4e168992171b3c86a404e5056d1b73ce,"Carlisle,PA -> Springfield,VA",Carlisle,PA,Pennsylvania,Springfield,VA,Virginia
120dd2e633ba696d19f56693d51386be,"Plant City,FL -> Monroe Township,NJ",Plant City,FL,Florida,Monroe Township,NJ,New Jersey
e2c4e418e7ed79f8891984fc3e40b272,"Georgetown,SC -> Akron,OH",Georgetown,SC,South Carolina,Akron,OH,Ohio
e335b2f7fe10b4992a425356e6611306,"Bridgewater,NJ -> Miami,FL",Bridgewater,NJ,New Jersey,Miami,FL,Florida
f5bc575352fac6a7f3619deb60ff684d,"St. Louis,MO -> West Union,IA",St. Louis,MO,Missouri,West Union,IA,Iowa
01b824a2e106c17bd1df3392686afc40,"Colfax,NC -> Abbottstown,PA",Colfax,NC,North Carolina,Abbottstown,PA,Pennsylvania
2018444d8d5de4d173de94caf33aa4c1,"Paris,TN -> New Haven,IN",Paris,TN,Tennessee,New Haven,IN,Indiana
2c80afe4b19bc91cfc8e9fa4a2b7c9e7,"Los Angeles,CA -> Newark,NJ",Los Angeles,CA,California,Newark,NJ,New Jersey
ec637f761fff876d73862e8d25aedb3d,"St. Louis,MO -> Indian River,MI",St. Louis,MO,Missouri,Indian River,MI,Michigan
899de8597874a1aca9b5df9806ff26ed,"Granite City,IL -> Highland Park,MI",Granite City,IL,Illinois,Highland Park,MI,Michigan
09cdaacd61d600275c4451991ca5724c,"Conover,NC -> Crothersville,IN",Conover,NC,North Carolina,Crothersville,IN,Indiana
f446ce3818ec321928ec7735b3d3ddee,"Bloomington,CA -> Phoenix,AZ",Bloomington,CA,California,Phoenix,AZ,Arizona
8770a0431bc07cb61fd409df49ab42d7,"Bridgewater,NJ -> Rochester,NY",Bridgewater,NJ,New Jersey,Rochester,NY,New York
81ce37c42a7d6884f9a1e70cee62cd63,"McCook,NE -> Russellville,KY",McCook,NE,Nebraska,Russellville,KY,Kentucky
4f939b60bddf49175f0a60b0c59f9e7b,"Colonial Heights,VA -> Nashville,TN",Colonial Heights,VA,Virginia,Nashville,TN,Tennessee
5861044d3e842c37c14e028402c05238,"Montpelier,OH -> Reno,NV",Montpelier,OH,Ohio,Reno,NV,Nevada
a021bceb4a10ad02cbb5aac3e77684a3,"Green Bay,WI -> Baldwinsville,NY",Green Bay,WI,Wisconsin,Baldwinsville,NY,New York
4c7e79832dc28128d1c1f4461e31e6e0,"Newark,NJ -> Milford,MA",Newark,NJ,New Jersey,Milford,MA,Massachusetts
bf9c7ef200110eb69b7adb18d0fe33ce,"St. Louis,MO -> Hibbing,MN",St. Louis,MO,Missouri,Hibbing,MN,Minnesota
08ae27ff108509ca47f60f857fce7dee,"Aurora,CO -> Riverton,WY",Aurora,CO,Colorado,Riverton,WY,Wyoming
b0f741f6509f0cce8d7fb7c705b7f63b,"Sinking Spring,PA -> Brook Park,OH",Sinking Spring,PA,Pennsylvania,Brook Park,OH,Ohio
5d470d974cefa16b453afe4ea00aacdd,"Portland,OR -> Memphis,TN",Portland,OR,Oregon,Memphis,TN,Tennessee
dd75bb6c1f0bafe9fa93ce2311326692,"Granite City,IL -> Houston,TX",Granite City,IL,Illinois,Houston,TX,Texas
b6b7aa9a247018e659690c90b888121e,"Baldwinsville,NY -> Rapid City,SD",Baldwinsville,NY,New York,Rapid City,SD,South Dakota
4a0ff29c7211f442422e5b7c0bc9d015,"Braithwaite,LA -> Cleveland,OH",Braithwaite,LA,Louisiana,Cleveland,OH,Ohio
ae879e303be0ff6534c822c6f8ed078b,"Fort Collins,CO -> San Antonio,TX",Fort Collins,CO,Colorado,San Antonio,TX,Texas
677c7313975ce2839ce0b84cc23de240,"Cartersville,GA -> Hickory,NC",Cartersville,GA,Georgia,Hickory,NC,North Carolina
2b9946a49b9fafff42aa6957a5c3d572,"Walled Lake,MI -> Laredo,TX",Walled Lake,MI,Michigan,Laredo,TX,Texas
7c2c7935978306a56785394b973c078d,"Austell,GA -> Cincinnati,OH",Austell,GA,Georgia,Cincinnati,OH,Ohio
8368cf3d924ca438dcf5bb2bae253df4,"Windsor Locks,CT -> York,PA",Windsor Locks,CT,Connecticut,York,PA,Pennsylvania
305cd1f03ccc2c64bd4df66a1b9d0ae6,"De Soto,KS -> Fort Collins,CO",De Soto,KS,Kansas,Fort Collins,CO,Colorado
c2ad4a4f0ee2c0ff7e300045bf81e44e,"Denver,PA -> Ponca City,OK",Denver,PA,Pennsylvania,Ponca City,OK,Oklahoma
ac05883f72d1db2d0de145186e260a7a,"Aurora,CO -> Huron,SD",Aurora,CO,Colorado,Huron,SD,South Dakota
6d87375e5f96eec55271b0821d93445b,"Granite City,IL -> Carroll,IA",Granite City,IL,Illinois,Carroll,IA,Iowa
f651ab146e6ff3659dd791a661076d4a,"Englewood,CO -> Ponca City,OK",Englewood,CO,Colorado,Ponca City,OK,Oklahoma
3bc9f2de26c91201576c5acb25e598e2,"Wellton,AZ -> Bakersfield,CA",Wellton,AZ,Arizona,Bakersfield,CA,California
2dc027ac9c708479ea0dc36ca1274868,"Franklin,IN -> Mount Vernon,OH",Franklin,IN,Indiana,Mount Vernon,OH,Ohio
8d113235b5aa032e03432449f9c14968,"Casa Grande,AZ -> Palmdale,CA",Casa Grande,AZ,Arizona,Palmdale,CA,California
d58e1f9f26f6c740568c31724247b078,"Granite City,IL -> Calumet Township,MI",Granite City,IL,Illinois,Calumet Township,MI,Michigan
b99fdee906a479e3735c8824256123d9,"Granite City,IL -> Marshfield,WI",Granite City,IL,Illinois,Marshfield,WI,Wisconsin
8fb79f2c2ad8d14070dcbd25259624c7,"Fort Collins,CO -> Missoula,MT",Fort Collins,CO,Colorado,Missoula,MT,Montana
d471ce32f989a4d8168412660ecd3094,"Newark,NJ -> Green Bay,WI",Newark,NJ,New Jersey,Green Bay,WI,Wisconsin
a54d0dfc7b17aa8ed9175b027e2cc064,"Cerritos,CA -> Tracy,CA",Cerritos,CA,California,Tracy,CA,California
0aad73e397dfc594b0475616c9930a11,"Aurora,CO -> Colorado Springs,CO",Aurora,CO,Colorado,Colorado Springs,CO,Colorado
e33412d4ecf9ded6e075f2349e6bc9b6,"Jurupa Valley,CA -> Brea,CA",Jurupa Valley,CA,California,Brea,CA,California
b55e56d7c2768db20d50fec25625e56e,"Jacksonville,FL -> Evans,GA",Jacksonville,FL,Florida,Evans,GA,Georgia
f0350502bb0316524a2ad05d0a58fc7c,"St. Louis,MO -> Fletcher,NC",St. Louis,MO,Missouri,Fletcher,NC,North Carolina
fadae79018528d6fc676d9d1f546012b,"Atlanta,GA -> South Brunswick Township,NJ",Atlanta,GA,Georgia,South Brunswick Township,NJ,New Jersey
78ad1cf5714d5ae6c53c7e973a2a5810,"Bellevue,WA -> Momence,IL",Bellevue,WA,Washington,Momence,IL,Illinois
6cc3e53ab52f6bf80b2fce77ca026b0b,"Newark,NJ -> Sanford,FL",Newark,NJ,New Jersey,Sanford,FL,Florida
9b4bd06059102460d9f64532e2906b7c,"Fort Collins,CO -> Salem,OR",Fort Collins,CO,Colorado,Salem,OR,Oregon
dff334ec9400923391d5b4c223cff70c,"Fort Collins,CO -> Grand Forks,ND",Fort Collins,CO,Colorado,Grand Forks,ND,North Dakota
90911ab0763a576b10d80e8a17241af2,"Denver,CO -> Las Vegas,NV",Denver,CO,Colorado,Las Vegas,NV,Nevada
cf83dc2095760402ceda29b002383e07,"Covesville,VA -> Jacksonville,FL",Covesville,VA,Virginia,Jacksonville,FL,Florida
eb0beff67bcf90904e32f1ac54f787b9,"Los Angeles,CA -> Bisbee,AZ",Los Angeles,CA,California,Bisbee,AZ,Arizona
8d41d0cd9891781592ef22bf3fe42cd5,"St. Louis,MO -> Des Moines,IA",St. Louis,MO,Missouri,Des Moines,IA,Iowa
fe72f99f559ab419974481726b4c0014,"Morris,IL -> Grand Rapids,MI",Morris,IL,Illinois,Grand Rapids,MI,Michigan
1f41b2e3495740a5c3446f92a9369d3f,"Cartersville,GA -> Vicksburg,MS",Cartersville,GA,Georgia,Vicksburg,MS,Mississippi
32d2be2019ed8397f9496d6f32ce3efa,"Newark,NJ -> Winchester,VA",Newark,NJ,New Jersey,Winchester,VA,Virginia
52e1d6888cb7d207814985a37c9adb7a,"Newark,NJ -> Lincolnwood,IL",Newark,NJ,New Jersey,Lincolnwood,IL,Illinois
48db9ee035638ad14a0d62bbf4977b16,"Granite City,IL -> New Albany,IN",Granite City,IL,Illinois,New Albany,IN,Indiana
d2f0b1477f415cf4735c3f1033e61a52,"Sioux City,IA -> Temple,TX",Sioux City,IA,Iowa,Temple,TX,Texas
b9148ef11f897436e09d73f73c6e276c,"Janesville,WI -> Tucson,AZ",Janesville,WI,Wisconsin,Tucson,AZ,Arizona
150893be3596197f82fcebd937ba0594,"Idaho Falls,ID -> Denver,CO",Idaho Falls,ID,Idaho,Denver,CO,Colorado
3ebe68883f1687be0669174389c1731b,"Colonial Heights,VA -> Sanford,FL",Colonial Heights,VA,Virginia,Sanford,FL,Florida
e014a34772b7093cb7176d9ed07f20e5,"Gastonia,NC -> Clinton,IA",Gastonia,NC,North Carolina,Clinton,IA,Iowa
40de2c30b0bb1f5f614e45a450f59f06,"Newark,NJ -> Norwich,CT",Newark,NJ,New Jersey,Norwich,CT,Connecticut
e2d63c0824812b4a4d3784de291fa38d,"North Salt Lake,UT -> Roanoke,TX",North Salt Lake,UT,Utah,Roanoke,TX,Texas
f6e1e61ac8bbb60607525b01e19e66f2,"Granite City,IL -> Muskogee,OK",Granite City,IL,Illinois,Muskogee,OK,Oklahoma
111d750c86098fbc97f4f0d218f4c9da,"Pleasant Prairie,WI -> Pevely,MO",Pleasant Prairie,WI,Wisconsin,Pevely,MO,Missouri
5d43169fb54b1c56ecad65c2d9460f89,"Newark,NJ -> Aurora,IN",Newark,NJ,New Jersey,Aurora,IN,Indiana
830700c6abde082933ddfcb848690726,"Portland,OR -> Tracy,CA",Portland,OR,Oregon,Tracy,CA,California
bf7e4e6cdbcdfcddd8c4c838a4e1436f,"Pennsauken Township,NJ -> Farmingdale,NY",Pennsauken Township,NJ,New Jersey,Farmingdale,NY,New York
b88e75f58c93a8f16af36547e9f96245,"Yakima,WA -> Upper Marlboro,MD",Yakima,WA,Washington,Upper Marlboro,MD,Maryland
3ca91e11ae5e1b2c3ea9af09d48fbd0e,"Sapulpa,OK -> Warner Robins,GA",Sapulpa,OK,Oklahoma,Warner Robins,GA,Georgia
c7ee9be3adaada33e263f6a065b58421,"Houston,TX -> Gallup,NM",Houston,TX,Texas,Gallup,NM,New Mexico
6d2c982656849c3d64a03211e9c79033,"St. Louis,MO -> Tulsa,OK",St. Louis,MO,Missouri,Tulsa,OK,Oklahoma
f5f099fffc3bbca85296fff0ee989cc5,"Yuma,AZ -> Delano,CA",Yuma,AZ,Arizona,Delano,CA,California
92767bffc0a20a232503026a8cfdb927,"Baldwinsville,NY -> Port Huron,MI",Baldwinsville,NY,New York,Port Huron,MI,Michigan
6b5a185d92e309a47433111fd22add05,"Los Angeles,CA -> Yuma,AZ",Los Angeles,CA,California,Yuma,AZ,Arizona
58075d9746e60b07226a175554eebd73,"Rio Rico,AZ -> Salt Lake City,UT",Rio Rico,AZ,Arizona,Salt Lake City,UT,Utah
2ddbc7db13827e882c7339bea0bc9bfc,"St. Louis,MO -> Lincoln,NE",St. Louis,MO,Missouri,Lincoln,NE,Nebraska
992cba724a1c62832cb616cc527c5d99,"Fort Collins,CO -> Las Cruces,NM",Fort Collins,CO,Colorado,Las Cruces,NM,New Mexico
d0ece6e69032ae68a0cc08b12e870162,"Bethlehem,PA -> Pittsburgh,PA",Bethlehem,PA,Pennsylvania,Pittsburgh,PA,Pennsylvania
2e894c7a24e195b709e510be9a257bd0,"Ontario,CA -> Laredo,TX",Ontario,CA,California,Laredo,TX,Texas
50e096f23e284342272b45f82359c1bc,"Bolingbrook,IL -> Wells,ME",Bolingbrook,IL,Illinois,Wells,ME,Maine
9233390610f741c217b1ca4608d47fda,"Colonial Heights,VA -> Huntington,WV",Colonial Heights,VA,Virginia,Huntington,WV,West Virginia
bf90aa57a0204df5a3d8436a7ffb9a3f,"Idaho Falls,ID -> Pacific,WA",Idaho Falls,ID,Idaho,Pacific,WA,Washington
7f47a6258006e30e63a2fd008b3321fa,"Aurora,CO -> Salt Lake City,UT",Aurora,CO,Colorado,Salt Lake City,UT,Utah
90c5ff5ea35e35b1e765458b28ad74b7,"Decatur,IN -> Mount Holly,NC",Decatur,IN,Indiana,Mount Holly,NC,North Carolina
678304e27ca144aafc653892208b9aab,"Granite City,IL -> Huron,SD",Granite City,IL,Illinois,Huron,SD,South Dakota
6209fd7238e9516b7cb1f94ec93e6fe5,"Aurora,CO -> Tulsa,OK",Aurora,CO,Colorado,Tulsa,OK,Oklahoma
f578ab0067d41de985633eabccdb99ae,"Houston,TX -> Alexandria,LA",Houston,TX,Texas,Alexandria,LA,Louisiana
4f986ba5704150bba6a919b26fc2ac48,"Conover,NC -> West Chester Township,OH",Conover,NC,North Carolina,West Chester Township,OH,Ohio
5e3e289516db01d46b6933db87d402cf,"1,LA -> Birmingham,AL",1,LA,Louisiana,Birmingham,AL,Alabama
638bc9f69152e3f20fd2766383b8a9dd,"Hackettstown,NJ -> York,PA",Hackettstown,NJ,New Jersey,York,PA,Pennsylvania
d271d767bac4698a04a7435960308921,"Philadelphia,PA -> Fleetwood,PA",Philadelphia,PA,Pennsylvania,Fleetwood,PA,Pennsylvania
0f3af58e3515f3dc6224d61d70cb7665,"Cartersville,GA -> Vidalia,GA",Cartersville,GA,Georgia,Vidalia,GA,Georgia
8ddebbacf489ef035e9c7ac5ba3ac3c3,"McCook,NE -> Sterling,IL",McCook,NE,Nebraska,Sterling,IL,Illinois
851a3b96fd445567b19ed8e736d77f50,"Fairfield,CA -> Granite City,IL",Fairfield,CA,California,Granite City,IL,Illinois
ff0a6c870400f0a93ff3a13bf5df54d5,"Pittsburgh,PA -> Salt Lake City,UT",Pittsburgh,PA,Pennsylvania,Salt Lake City,UT,Utah
2ffbcc6754a2180ebf8873f700d39210,"Los Angeles,CA -> Temecula,CA",Los Angeles,CA,California,Temecula,CA,California
1f9a9f903edd2cb2e680df6334916c90,"Omaha,NE -> Kansas City,MO",Omaha,NE,Nebraska,Kansas City,MO,Missouri
31c866c86de78a020e6908daf1a32286,"Greenville,SC -> Fort Payne,AL",Greenville,SC,South Carolina,Fort Payne,AL,Alabama
786b036430352db0c8a54a8b559fe322,"Newark,NJ -> Shirley,NY",Newark,NJ,New Jersey,Shirley,NY,New York
07b1b77a945335bc02a4dbb03e0732be,"Braitwaite,LA -> Brazil,IN",Braitwaite,LA,Louisiana,Brazil,IN,Indiana
1440261d9bbbfeefdc5a14a8c5b3cf98,"Richmond,CA -> Roanoke,TX",Richmond,CA,California,Roanoke,TX,Texas
d8f5c3b29300e309533a5c1016249e6e,"Bolingbrook,IL -> York,PA",Bolingbrook,IL,Illinois,York,PA,Pennsylvania
358f8dd86d5cc8f8a2fffeb6d65ead4c,"St. Louis,MO -> Mobile,AL",St. Louis,MO,Missouri,Mobile,AL,Alabama
bb70d93667a11c79f7d0ac78d0ebc0c2,"Williamsburg,VA -> Harrisburg,PA",Williamsburg,VA,Virginia,Harrisburg,PA,Pennsylvania
67d2a036ff5ff9b7444ef78ad0a88ada,"Jacksonville,FL -> Johnson City,TN",Jacksonville,FL,Florida,Johnson City,TN,Tennessee
618a654ea53430427935621706fc40c7,"New York,NY -> Clifton Park,NY",New York,NY,New York,Clifton Park,NY,New York
60eb1ff0c0419761739f85963f93e069,"Medley,FL -> Calhoun,KY",Medley,FL,Florida,Calhoun,KY,Kentucky
054e20973f47ba22a2eb8f9ffe16fef8,"Jacksonville,FL -> Rock Hill,SC",Jacksonville,FL,Florida,Rock Hill,SC,South Carolina
d257e18be20329ba57521476a8a97737,"Cartersville,GA -> Columbia,SC",Cartersville,GA,Georgia,Columbia,SC,South Carolina
448f1f592476ce5fc1bfde536655a404,"La Pine,OR -> Tempe,AZ",La Pine,OR,Oregon,Tempe,AZ,Arizona
412a30610c250a4edb68ecd73b7b0a63,"Los Angeles,CA -> Granite City,IL",Los Angeles,CA,California,Granite City,IL,Illinois
bfc3e9ddab7ea1452a362fa9ca37281f,"Fort Collins,CO -> Spokane Valley,WA",Fort Collins,CO,Colorado,Spokane Valley,WA,Washington
f3359ece56fe8b9efafea74e59c53a95,"Jacksonville,FL -> Rocky Mount,NC",Jacksonville,FL,Florida,Rocky Mount,NC,North Carolina
7767c5deb316a43218db3515bdaeebe8,"Plant City,FL -> Newark,NJ",Plant City,FL,Florida,Newark,NJ,New Jersey
5f9e7b83caab772326abc47bc22ccaa7,"Cartersville,GA -> Lake City,FL",Cartersville,GA,Georgia,Lake City,FL,Florida
4e1df48ea283fb5a7f5b63f11c6d8039,"Kansas City,MO -> Cedar Rapids,IA",Kansas City,MO,Missouri,Cedar Rapids,IA,Iowa
98d6ae1238fc8f2fd5cb9d99ec736fa8,"Fairfield,CA -> Idaho Falls,ID",Fairfield,CA,California,Idaho Falls,ID,Idaho
e7a1fd1d121a0cbe5849a6c0fdc85093,"Baldwinsville,NY -> Bronx,NY",Baldwinsville,NY,New York,Bronx,NY,New York
b3899f59dd0b91250a9f1d8f2a296aa9,"Akron,OH -> Statesville,NC",Akron,OH,Ohio,Statesville,NC,North Carolina
f1f7de96e66ca7562c5d0854a1984cba,"Walnut Ridge,AR -> Massillon,OH",Walnut Ridge,AR,Arkansas,Massillon,OH,Ohio
09d550590ba48d44a2adaf0f58f6573b,"Indianapolis,IN -> Clinton,IA",Indianapolis,IN,Indiana,Clinton,IA,Iowa
11c65fa40897c35cb3dda32b8ece7856,"Warren,OH -> Laredo,TX",Warren,OH,Ohio,Laredo,TX,Texas
e4622930d8d3893c672288686c0207f3,"Plant City,FL -> Melrose Park,IL",Plant City,FL,Florida,Melrose Park,IL,Illinois
00b7fd91f521d524b41b58e16d9fd867,"Georgetown,SC -> Tinton Falls,NJ",Georgetown,SC,South Carolina,Tinton Falls,NJ,New Jersey
35bf43dbc9a73016af5e252482f849a1,"Granite City,IL -> Kingsford,MI",Granite City,IL,Illinois,Kingsford,MI,Michigan
3107593039164fbd8ca799847012d3d0,"Reading,PA -> Olean,NY",Reading,PA,Pennsylvania,Olean,NY,New York
84c121291d603d10ad9acc4cde8ac7a0,"Plant City,FL -> Atlanta,GA",Plant City,FL,Florida,Atlanta,GA,Georgia
7831947a76017c632fe67ad573caeb15,"Hamlin,TX -> Ronkonkoma,NY",Hamlin,TX,Texas,Ronkonkoma,NY,New York
c123c23a1b621a6d092fe1711e65fc23,"Decatur,IN -> Laredo,TX",Decatur,IN,Indiana,Laredo,TX,Texas
a328a01a0beab5670539a8b15e0f11f1,"Trenton,MO -> Cleveland,NC",Trenton,MO,Missouri,Cleveland,NC,North Carolina
25b8ab0560812017dde8538a77a4cebf,"Granite City,IL -> Knoxville,TN",Granite City,IL,Illinois,Knoxville,TN,Tennessee
d4fa8707050759ea9b8cc47ed682d58f,"Angier,NC -> Brooklyn,NY",Angier,NC,North Carolina,Brooklyn,NY,New York
48a21b06b29fb93564e0de0678cd16ef,"Quincy,IL -> Lafayette,IN",Quincy,IL,Illinois,Lafayette,IN,Indiana
648b3336836865826efb9ab0a63ce598,"Raleigh,NC -> York,PA",Raleigh,NC,North Carolina,York,PA,Pennsylvania
21072682ef674eff8f774c9c89c461c1,"Baltimore,MD -> Altoona,PA",Baltimore,MD,Maryland,Altoona,PA,Pennsylvania
d2a69fb14eaf7a24fc32d8010e9e336a,"Bremen,IN -> Elk Grove Village,IL",Bremen,IN,Indiana,Elk Grove Village,IL,Illinois
626f1fed56b1bca520aee6f6d1656384,"Merrimack,NH -> Norwich,CT",Merrimack,NH,New Hampshire,Norwich,CT,Connecticut
62ce4ef166bf14961bded5d6094d8dcc,"Conover,NC -> Claremont,NC",Conover,NC,North Carolina,Claremont,NC,North Carolina
39b7235114783bd6272411225e8c6cc9,"Saint Albans City,VT -> Plant City,FL",Saint Albans City,VT,Vermont,Plant City,FL,Florida
a25e15b53890910971b3b1b2ca1cc3ea,"Altoona,PA -> Plant City,FL",Altoona,PA,Pennsylvania,Plant City,FL,Florida
4456ec74058ffc9856735d8fd2a75b62,"Columbus,IN -> Statesville,NC",Columbus,IN,Indiana,Statesville,NC,North Carolina
aea60bc910bfc8bb18716ec84a46d578,"Granite City,IL -> El Dorado,KS",Granite City,IL,Illinois,El Dorado,KS,Kansas
b53946c47e1d122a7e70ec5503bead19,"Opa-locka,FL -> Calhoun,KY",Opa-locka,FL,Florida,Calhoun,KY,Kentucky
81a31938b3b2c0692aeeff2d8108aa9b,"Granite City,IL -> Leland,MS",Granite City,IL,Illinois,Leland,MS,Mississippi
c1c14e296b6529ae747b5f787573766f,"Williamsburg,VA -> Florence,SC",Williamsburg,VA,Virginia,Florence,SC,South Carolina
0f0a8b7bd39fc89d063cd8bae334d3a0,"Bridgewater,NJ -> Ankeny,IA",Bridgewater,NJ,New Jersey,Ankeny,IA,Iowa
ebaa3a5a6b863a3b0287b1db0c27da3d,"Conover,NC -> Laredo,TX",Conover,NC,North Carolina,Laredo,TX,Texas
78bd9d3b0c426a378ea537887395f45f,"Newark,NJ -> Loxley,AL",Newark,NJ,New Jersey,Loxley,AL,Alabama
b24124159ff70c422004a6c7ec00b54e,"Houston,TX -> Loxley,AL",Houston,TX,Texas,Loxley,AL,Alabama
e53ca67ee725f1ac0f1be60c45ee6456,"Newark,NJ -> South San Francisco,CA",Newark,NJ,New Jersey,South San Francisco,CA,California
e1b78b4a7755bb954e1fb5dfdea3aca5,"Granite City,IL -> Oklahoma City,OK",Granite City,IL,Illinois,Oklahoma City,OK,Oklahoma
0dc14b8c6afd4414d5b0ca0dcc918485,"St. Louis,MO -> Laurel,MS",St. Louis,MO,Missouri,Laurel,MS,Mississippi
49138ea54aef6463c3594b9df86b8a02,"Hawthorne,CA -> Los Angeles,CA",Hawthorne,CA,California,Los Angeles,CA,California
05470fc7576984785e91d3122528f52e,"Pompano Beach,FL -> Los Angeles,CA",Pompano Beach,FL,Florida,Los Angeles,CA,California
3f8cd3bb267c56b3646c8bdd9040d69d,"St. Louis,MO -> Missoula,MT",St. Louis,MO,Missouri,Missoula,MT,Montana
63f8082175d54adf94ab16e3e326dc32,"Madison Heights,MI -> Mount Holly,NC",Madison Heights,MI,Michigan,Mount Holly,NC,North Carolina
24decbaad5366f829a3f15d4331c32f0,"Colonial Heights,VA -> Wrightsville,PA",Colonial Heights,VA,Virginia,Wrightsville,PA,Pennsylvania
f2590a9f7d13ce6d60953e65e3556321,"Bolingbrook,IL -> Wood Dale,IL",Bolingbrook,IL,Illinois,Wood Dale,IL,Illinois
4c31d98a004317de2c51c48a699cb923,"Granite City,IL -> Minot,ND",Granite City,IL,Illinois,Minot,ND,North Dakota
cd5929bff6143c823272d74c766f3c08,"Greenfield,IN -> Commerce,GA",Greenfield,IN,Indiana,Commerce,GA,Georgia
3bcae87e7b2bb329a63d8abdd044ae0f,"Salisbury,NC -> Reno,NV",Salisbury,NC,North Carolina,Reno,NV,Nevada
ef0f8faa4cd1256cc8364e32be9c8597,"Rio Rico,AZ -> Denver,CO",Rio Rico,AZ,Arizona,Denver,CO,Colorado
ab2f20f71dd6af7e59babb578b738dd2,"Fort Collins,CO -> Lewistown,MT",Fort Collins,CO,Colorado,Lewistown,MT,Montana
b9f0c1642ea60878409e81b9be9e3113,"Botkins,OH -> Mount Vernon,OH",Botkins,OH,Ohio,Mount Vernon,OH,Ohio
cea30d22be0d52d1813b3df413678a8a,"Houston,TX -> Lafayette,LA",Houston,TX,Texas,Lafayette,LA,Louisiana
56915254d53e4582db3cf6db5366a285,"Oconto,WI -> Alton,IL",Oconto,WI,Wisconsin,Alton,IL,Illinois
daa60fc1310f186d9ffb2035edced382,"Granite City,IL -> Villa Park,IL",Granite City,IL,Illinois,Villa Park,IL,Illinois
aed3e1bf471c72f6d647fbba2522e738,"Newton,NJ -> Newark,NJ",Newton,NJ,New Jersey,Newark,NJ,New Jersey
b87616e62d6522d3d47eb06c11329a7a,"Fort Collins,CO -> Harlingen,TX",Fort Collins,CO,Colorado,Harlingen,TX,Texas
a99bcc2f7d3e987d15d3ca8500dc61f1,"Granite City,IL -> Hibbing,MN",Granite City,IL,Illinois,Hibbing,MN,Minnesota
2f6b0c47e2fe20abe90477e7e33c6ff1,"Houston,TX -> Vicksburg,MS",Houston,TX,Texas,Vicksburg,MS,Mississippi
a6d969a966d9a4b98d9426334e540ffe,"Cartersville,GA -> Spartanburg,SC",Cartersville,GA,Georgia,Spartanburg,SC,South Carolina
cf79ce3ae2d185e9111e0640984ace54,"Los Angeles,CA -> Cartersville,GA",Los Angeles,CA,California,Cartersville,GA,Georgia
4f5e4eb30dc7e6ccb43eb581276f005b,"Canton,NC -> Laredo,TX",Canton,NC,North Carolina,Laredo,TX,Texas
8b9f47ea4cbec9b642eb8654884ef969,"Los Angeles,CA -> Hayden,ID",Los Angeles,CA,California,Hayden,ID,Idaho
c3d6ba6d85841e72fc31d43335986e54,"Piedmont,SC -> Laredo,TX",Piedmont,SC,South Carolina,Laredo,TX,Texas
9e41b2432235130876d91e03f6ae9fa1,"Rossville,GA -> Cleveland,NC",Rossville,GA,Georgia,Cleveland,NC,North Carolina
7febf55d1e291e1aaca6df2779242d47,"Jacksonville,FL -> Miami,FL",Jacksonville,FL,Florida,Miami,FL,Florida
bf2ad7c00f75cc350d3c7d5e0ff182b0,"Fort Payne,AL -> Conover,NC",Fort Payne,AL,Alabama,Conover,NC,North Carolina
03491814fb319a69cb443ab82664d80b,"Braithwaite,LA -> Chapel Hill,TN",Braithwaite,LA,Louisiana,Chapel Hill,TN,Tennessee
51c3cc53e6db509a70f10af04ec4606c,"Miami,FL -> Commerce,GA",Miami,FL,Florida,Commerce,GA,Georgia
4cb1ad3ee543b3fdede7b3bf6dc8c5b1,"Everett,MA -> Newark,NJ",Everett,MA,Massachusetts,Newark,NJ,New Jersey
e9f0d766adcb9a14bdd553af82671cdc,"Gaston,SC -> Gastonia,NC",Gaston,SC,South Carolina,Gastonia,NC,North Carolina
086395895b4ddd7bbd6aa9d2b8804cf8,"Olyphant,PA -> Berne,IN",Olyphant,PA,Pennsylvania,Berne,IN,Indiana
648de6961ca98d96ecb60e044a8f3251,"Colonial Heights,VA -> Myrtle Beach,SC",Colonial Heights,VA,Virginia,Myrtle Beach,SC,South Carolina
83f56109f4e5e1e068f5b9c31b9c02a8,"Sycamore,IL -> Plant City,FL",Sycamore,IL,Illinois,Plant City,FL,Florida
0e0528456114b10c9875b1eb91c681de,"Baldwinsville,NY -> Merrimack,NH",Baldwinsville,NY,New York,Merrimack,NH,New Hampshire
66d557fc186a6f7361a6bcd19a30401f,"La Porte,TX -> Ferriday,LA",La Porte,TX,Texas,Ferriday,LA,Louisiana
6f1c86944069fb7e18d48096d4cd12e9,"Greenville,SC -> Evans City,PA",Greenville,SC,South Carolina,Evans City,PA,Pennsylvania
f64356fc040c0c412f4d79addcd088dd,"Cartersville,GA -> LaGrange,GA",Cartersville,GA,Georgia,LaGrange,GA,Georgia
50ad8eab20003ff4c9904720faea06e4,"Plant City,FL -> Brook Park,OH",Plant City,FL,Florida,Brook Park,OH,Ohio
6f6382ad677582ceb718326d22cc27c6,"Lodi,CA -> Roanoke,TX",Lodi,CA,California,Roanoke,TX,Texas
653aaf68475f8cac72235615a915398d,"Beecher,IL -> Santa Ana,CA",Beecher,IL,Illinois,Santa Ana,CA,California
0147ef6509319f76de476325ce1381b5,"St. Louis,MO -> Rock Springs,WY",St. Louis,MO,Missouri,Rock Springs,WY,Wyoming
6c6c5f88831aae91b24b92f8ba74d94b,"Sioux City,IA -> Brookhaven,MS",Sioux City,IA,Iowa,Brookhaven,MS,Mississippi
56e5a1c15095d4254769abc265c18146,"Jacksonville,FL -> Columbus,OH",Jacksonville,FL,Florida,Columbus,OH,Ohio
6d79f85393f0259a012019d25a9b7b52,"Pueblo,CO -> Sioux City,IA",Pueblo,CO,Colorado,Sioux City,IA,Iowa
83bd9ce7ec6d2c574e9b2efbf1186e3a,"St. Louis,MO -> Omaha,NE",St. Louis,MO,Missouri,Omaha,NE,Nebraska
85133b254ab019dcbd7c1f7906724a3c,"Fairfield,CA -> Carson,CA",Fairfield,CA,California,Carson,CA,California
4706b63da6f00885ed19ed947abc6756,"South Windsor,CT -> Bernhards Bay,NY",South Windsor,CT,Connecticut,Bernhards Bay,NY,New York
2b473d2063814e0b5875dd303f6fa1e2,"Conover,NC -> Hartselle,AL",Conover,NC,North Carolina,Hartselle,AL,Alabama
bd440d5b28f4804a4f4c028e2db5f2fc,"Jackson,TN -> Laceys Spring,AL",Jackson,TN,Tennessee,Laceys Spring,AL,Alabama
23b0c0b8dbd5f68631b1b3e7f7ddff88,"Los Angeles,CA -> Safford,AZ",Los Angeles,CA,California,Safford,AZ,Arizona
40546b36666e18b8d42e1c8433a32195,"Salinas,CA -> Upper Marlboro,MD",Salinas,CA,California,Upper Marlboro,MD,Maryland
3c47530e536e10b7e95b341cbc737946,"Missouri City,TX -> Altamonte Springs,FL",Missouri City,TX,Texas,Altamonte Springs,FL,Florida
4533311933dc346142627c3d72e1afe4,"Fort Collins,CO -> Jacksonville,FL",Fort Collins,CO,Colorado,Jacksonville,FL,Florida
c671fc252e61bde75319cc94a1012702,"Newark,NJ -> Deerfield Beach,FL",Newark,NJ,New Jersey,Deerfield Beach,FL,Florida
6b3dd4c3b951475334923877f8d11241,"Williamsburg,VA -> Rapid City,SD",Williamsburg,VA,Virginia,Rapid City,SD,South Dakota
56281ae4cb9e137bea2aa4f50c06266c,"Louisville,KY -> Nashville,IL",Louisville,KY,Kentucky,Nashville,IL,Illinois
587a1b6cb16707287a307683cffdc480,"Livingston,CA -> Commerce,CA",Livingston,CA,California,Commerce,CA,California
f0104bc9933ae2521913827677441f71,"Williamsburg,VA -> Rocky Mount,NC",Williamsburg,VA,Virginia,Rocky Mount,NC,North Carolina
c66151b59d7f026a9eda38253df64097,"San Antonio,TX -> Houston,TX",San Antonio,TX,Texas,Houston,TX,Texas
b4122367b8840cb69d66a9af8c00b8bd,"Aurora,CO -> Williston,ND",Aurora,CO,Colorado,Williston,ND,North Dakota
f7040fc068cb6fde09d182ceef518da8,"Fort Collins,CO -> Cody,WY",Fort Collins,CO,Colorado,Cody,WY,Wyoming
8e6deab54f1a7f24605fc261ac1476be,"Newton,NC -> Romeoville,IL",Newton,NC,North Carolina,Romeoville,IL,Illinois
abc0c0b2099163223d88fb92621de2eb,"Fort Collins,CO -> Beloit,KS",Fort Collins,CO,Colorado,Beloit,KS,Kansas
44e0b43bf0479959aa226409e4bf29f5,"Merrimack,NH -> Newark,NJ",Merrimack,NH,New Hampshire,Newark,NJ,New Jersey
a393c24ddf6df037e62ce3706bdc8279,"Minneapolis,MN -> Denver,CO",Minneapolis,MN,Minnesota,Denver,CO,Colorado
fbcd86d4a2af838f03bd1650086ae253,"Manning,SC -> Portland,OR",Manning,SC,South Carolina,Portland,OR,Oregon
9c5a85000e44065cd75d5dad588a6742,"Los Angeles,CA -> McAllen,TX",Los Angeles,CA,California,McAllen,TX,Texas
6d5bc6aafe8c5b55ed56bbbc4ea71fe1,"Baltimore,MD -> Sayreville,NJ",Baltimore,MD,Maryland,Sayreville,NJ,New Jersey
ae6886902c9621ae2acd034e6da37d41,"Alexandria,VA -> Gastonia,NC",Alexandria,VA,Virginia,Gastonia,NC,North Carolina
bcb1b09ddc35b5dd7ca036198f2ef926,"Ontario,CA -> Roanoke,TX",Ontario,CA,California,Roanoke,TX,Texas
39f21addbe3ababe5c86d957f4fe6f09,"Wylie,TX -> Statesville,NC",Wylie,TX,Texas,Statesville,NC,North Carolina
53a49f5b08718cd1ec787b44f12f755a,"Brooklyn,NY -> Plant City,FL",Brooklyn,NY,New York,Plant City,FL,Florida
8030f5b4dbb06b10e49a96360f9fe5e3,"Long Beach,CA -> Long Beach,CA",Long Beach,CA,California,Long Beach,CA,California
8834522c995e71bcc55b5f7cf655101f,"Newark,NJ -> Fredericksburg,VA",Newark,NJ,New Jersey,Fredericksburg,VA,Virginia
d6423fb2ace5d32e04dc9c773b145b98,"Wanaque,NJ -> Farmingdale,NY",Wanaque,NJ,New Jersey,Farmingdale,NY,New York
e48846331a4eaaa1d9ede2e7511d4081,"Lakewood,NY -> Portland,OR",Lakewood,NY,New York,Portland,OR,Oregon
127bd0dff563dcf2983ee1e6e68766be,"Plant City,FL -> McCook,IL",Plant City,FL,Florida,McCook,IL,Illinois
3cbe03f986d058c51e2e3aa14a20adeb,"Hood River,OR -> Upper Marlboro,MD",Hood River,OR,Oregon,Upper Marlboro,MD,Maryland
486c3cefcbfc60d961368bf12564bee3,"Piedmont,SC -> Columbus,OH",Piedmont,SC,South Carolina,Columbus,OH,Ohio
dd42adc87eac18edeceafcddff0b31fd,"Carson,CA -> Stockton,CA",Carson,CA,California,Stockton,CA,California
c99476bdb146df1bd0e798f54c3d87b9,"Portland,OR -> Ukiah,CA",Portland,OR,Oregon,Ukiah,CA,California
52fb4bbacdf08b00cbe3e1ed682540f8,"St. Louis,MO -> Shannon,MS",St. Louis,MO,Missouri,Shannon,MS,Mississippi
64e4e9b46e7eb77daff43827879acb40,"Paragould,AR -> Reno,NV",Paragould,AR,Arkansas,Reno,NV,Nevada
73ce0d6f9e674d3b6b8e9cd520966f96,"Eagan,MN -> Fife,WA",Eagan,MN,Minnesota,Fife,WA,Washington
cc4fdf4a2cae0f6aa98e4a6131935e9a,"Santa Ana,CA -> Sumner,WA",Santa Ana,CA,California,Sumner,WA,Washington
f942f32437ec42deb499781c71541134,"Granite City,IL -> Mankato,MN",Granite City,IL,Illinois,Mankato,MN,Minnesota
a0e9bbf5e89007bbb15439732e3b4215,"Irvington,NJ -> Chicago,IL",Irvington,NJ,New Jersey,Chicago,IL,Illinois
2c59567da66ed6ab529d6c86badb623a,"Edgemere,MD -> Fleetwood,PA",Edgemere,MD,Maryland,Fleetwood,PA,Pennsylvania
6981eb9c706b2c442d34a4488df73b7f,"Fort Collins,CO -> Moab,UT",Fort Collins,CO,Colorado,Moab,UT,Utah
c70118b07ffe5d8bfd02572586386b91,"Brownsville,TX -> Swedesboro,NJ",Brownsville,TX,Texas,Swedesboro,NJ,New Jersey
8b6938de3bea3ccc385f11393760ab54,"Sioux City,IA -> Rocky Mount,NC",Sioux City,IA,Iowa,Rocky Mount,NC,North Carolina
4378218b6400493b6b772e445f848dbf,"Jacksonville,FL -> Bronx,NY",Jacksonville,FL,Florida,Bronx,NY,New York
c7acc65d350d141ade78ab3efe2cd774,"Granite City,IL -> Alpena,MI",Granite City,IL,Illinois,Alpena,MI,Michigan
d0e1ee0dc8dd13fa893baa870cecbb77,"Orlando,FL -> Laceys Spring,AL",Orlando,FL,Florida,Laceys Spring,AL,Alabama
6d7c499d17a08214f82e7f34bc9bda37,"Newark,NJ -> Medford,MA",Newark,NJ,New Jersey,Medford,MA,Massachusetts
8d231d885de50f0ca16dbea70afc304f,"Tampa,FL -> Prinsburg,MN",Tampa,FL,Florida,Prinsburg,MN,Minnesota
cc653bccfe1cde79f14b610682907191,"Burlington,NC -> Sacramento,CA",Burlington,NC,North Carolina,Sacramento,CA,California
1074b2708db44a305f52a9b0d6963a34,"Sioux City,IA -> Lubbock,TX",Sioux City,IA,Iowa,Lubbock,TX,Texas
6454564c7be6c984a94cbbf5c2e02ba8,"Williamsburg,VA -> Upper Marlboro,MD",Williamsburg,VA,Virginia,Upper Marlboro,MD,Maryland
5a2c5eb82f0a295209b3cfb9473f5b11,"Houston,TX -> Odessa,TX",Houston,TX,Texas,Odessa,TX,Texas
8d10462d47b95c62a8281bf946f8c5db,"Jackson,MS -> Athens,TN",Jackson,MS,Mississippi,Athens,TN,Tennessee
2598bbc0f5bd95d58e1e4ca280e982b9,"Paris,TN -> Sharonville,OH",Paris,TN,Tennessee,Sharonville,OH,Ohio
8a7505417645ad8844e1151676d1ce99,"Neenah,WI -> Minneapolis,MN",Neenah,WI,Wisconsin,Minneapolis,MN,Minnesota
829e0bf04af45478320a5f4406eaf5c8,"Houston,TX -> Corpus Christi,TX",Houston,TX,Texas,Corpus Christi,TX,Texas
8d846e014929789d9f400ac7911bb526,"Columbus,OH -> Owosso,MI",Columbus,OH,Ohio,Owosso,MI,Michigan
f330dc6b82369a13b4b961a2a183ac12,"Los Angeles,CA -> Raleigh,NC",Los Angeles,CA,California,Raleigh,NC,North Carolina
5744d6f71448aeedcf468417e681ead2,"Denver,CO -> Bolingbrook,IL",Denver,CO,Colorado,Bolingbrook,IL,Illinois
f9194dbaef7d81b37d5ffb9e305777c8,"La Porte,TX -> Lubbock,TX",La Porte,TX,Texas,Lubbock,TX,Texas
bf0920f00e7bac3841b689366250d3b4,"Candler,NC -> Atlanta,GA",Candler,NC,North Carolina,Atlanta,GA,Georgia
1f874f45f978bb21c6c7b05572e84f6e,"Fairfield,CA -> Salem,OR",Fairfield,CA,California,Salem,OR,Oregon
0d2ed789e811095716dcb8bc8c638c4b,"Newark,NJ -> Highland Park,MI",Newark,NJ,New Jersey,Highland Park,MI,Michigan
7cb3c19c46e3d888ae60777cf1fbaf79,"Newark,DE -> Cleveland,NC",Newark,DE,Delaware,Cleveland,NC,North Carolina
8f6a31090872b6333cbcc46eeaae15b8,"Fort Collins,CO -> Sioux City,IA",Fort Collins,CO,Colorado,Sioux City,IA,Iowa
d123102c35e2e13b5a56e88c6314d78c,"Aurora,CO -> Glasgow,MT",Aurora,CO,Colorado,Glasgow,MT,Montana
dc2cf22b98e959957304ccdd14197c87,"Tuscaloosa,AL -> Xenia,OH",Tuscaloosa,AL,Alabama,Xenia,OH,Ohio
663b1e533485da3d7dfd7f8b84b5b83c,"Lodi,CA -> Pacific,WA",Lodi,CA,California,Pacific,WA,Washington
a8a5233100e1f46eaf292370ede1a823,"Plant City,FL -> Uxbridge,MA",Plant City,FL,Florida,Uxbridge,MA,Massachusetts
c1eeb3ab51147bc717c8569101221c14,"Columbus,OH -> Pevely,MO",Columbus,OH,Ohio,Pevely,MO,Missouri
e97ba3a3983596728a5d39e6a1014ad9,"Tuscaloosa,AL -> Paris,TX",Tuscaloosa,AL,Alabama,Paris,TX,Texas
af53d45c26215a6a3ef02a92539db842,"Pittsburgh,PA -> Greenfield,IN",Pittsburgh,PA,Pennsylvania,Greenfield,IN,Indiana
bdc14a6ed13484761b57f6108a1c2357,"Baldwinsville,NY -> Newark,NJ",Baldwinsville,NY,New York,Newark,NJ,New Jersey
6c96ab6f7838fa39776d32daad9ff2e1,"Philadelphia,PA -> Chapel Hill,TN",Philadelphia,PA,Pennsylvania,Chapel Hill,TN,Tennessee
699f88bd38b3844b6eeeccb311cae608,"Columbus,OH -> York,PA",Columbus,OH,Ohio,York,PA,Pennsylvania
416f7432b20e322c8dda64b59829b494,"Jacksonville,FL -> Bowling Green,KY",Jacksonville,FL,Florida,Bowling Green,KY,Kentucky
d84400e8f27bf97fb287472b2af06c10,"Hawkins,TX -> Roanoke,TX",Hawkins,TX,Texas,Roanoke,TX,Texas
9b82be71a8e315a392eac55fd95da8a5,"St. Louis,MO -> Columbus,OH",St. Louis,MO,Missouri,Columbus,OH,Ohio
be4d05755f6f6c02b3bb8fe6673aad39,"Fostoria,OH -> Wells,ME",Fostoria,OH,Ohio,Wells,ME,Maine
557d4ae65ebff3a9d0f3c71421bfe0d4,"1,LA -> Fleetwood,PA",1,LA,Louisiana,Fleetwood,PA,Pennsylvania
6caa3a29d401b9e863953004d4f1fcf4,"Aurora,CO -> Elko,NV",Aurora,CO,Colorado,Elko,NV,Nevada
d5bbd8cbc39416151bfc988836a1aa2c,"Clayton,NC -> Tampa,FL",Clayton,NC,North Carolina,Tampa,FL,Florida
160e2fa27e59ee80009cc802677c679d,"Aurora,CO -> Grand Island,NE",Aurora,CO,Colorado,Grand Island,NE,Nebraska
d6e744b914923dcd91b4658efff91b44,"Fort Collins,CO -> Prescott Valley,AZ",Fort Collins,CO,Colorado,Prescott Valley,AZ,Arizona
6698a20b061e4b79061a16ad0b3628ab,"Brooklyn Park,MN -> Bolingbrook,IL",Brooklyn Park,MN,Minnesota,Bolingbrook,IL,Illinois
6c7a00da538b039121eea7bcfab9b6b6,"Kutztown,PA -> Shipshewana,IN",Kutztown,PA,Pennsylvania,Shipshewana,IN,Indiana
42ed7171a2f13a33e94b8156a7ad6dba,"Pleasant Prairie,WI -> St. Louis,MO",Pleasant Prairie,WI,Wisconsin,St. Louis,MO,Missouri
6388c118ca4d8560304a24d2edc8e8f2,"McCook,NE -> Rosemount,MN",McCook,NE,Nebraska,Rosemount,MN,Minnesota
d082a3bf86dbf9c45ede472cec888a52,"St. Louis,MO -> Parkersburg,WV",St. Louis,MO,Missouri,Parkersburg,WV,West Virginia
2456125bdd024b3f13693fd00abad8e6,"Casa Grande,AZ -> Fremont,CA",Casa Grande,AZ,Arizona,Fremont,CA,California
c9ecfe55f386605835ec29d4a2fa3b08,"Baltimore,MD -> Clinton,NY",Baltimore,MD,Maryland,Clinton,NY,New York
1c6ed03d1d29064c7d8161e22ef3b788,"Laredo,TX -> Houston,TX",Laredo,TX,Texas,Houston,TX,Texas
047bb83873469848c142a84813e00060,"Mukilteo,WA -> Pacific,WA",Mukilteo,WA,Washington,Pacific,WA,Washington
f8d4bb671814cb626d72bd7feaec4d6d,"Orlando,FL -> Commerce,GA",Orlando,FL,Florida,Commerce,GA,Georgia
4c45f030851a120457424494ae922051,"Monte Vista,CO -> Tracy,CA",Monte Vista,CO,Colorado,Tracy,CA,California
e65ec1e1efa5b3fb97f256431c5d1334,"Houston,TX -> Ebro,FL",Houston,TX,Texas,Ebro,FL,Florida
c657601255ddb78e6686e249364c8fc7,"Fort Payne,AL -> Orlando,FL",Fort Payne,AL,Alabama,Orlando,FL,Florida
4ae79a4d90d78c04e04a0c2cabed99e1,"Newark,NJ -> Westmoreland,NY",Newark,NJ,New Jersey,Westmoreland,NY,New York
3aa30e97b019acac1202b9d1d85fc117,"Newark,NJ -> Jackson,TN",Newark,NJ,New Jersey,Jackson,TN,Tennessee
4ec05654beb22769190489337b613cbb,"Martinsburg,WV -> Flint,MI",Martinsburg,WV,West Virginia,Flint,MI,Michigan
5764f7998c6db74b2099722a100ad721,"La Porte,TX -> Abilene,TX",La Porte,TX,Texas,Abilene,TX,Texas
09ae3442049559bc002364e57d366291,"Bethlehem,PA -> Plant City,FL",Bethlehem,PA,Pennsylvania,Plant City,FL,Florida
494f2b671c44a70e789a24ed1e9b438f,"Holiday City,OH -> St. Louis,MO",Holiday City,OH,Ohio,St. Louis,MO,Missouri
64bb6a801dd4c8bbd5804b5f7877a49e,"Fort Collins,CO -> Sauk Rapids,MN",Fort Collins,CO,Colorado,Sauk Rapids,MN,Minnesota
574f5f205dbf01f520efe7fb9e785047,"Wabash,IN -> Glasgow,KY",Wabash,IN,Indiana,Glasgow,KY,Kentucky
8b1ac567186b4c76d917319fd7053901,"Los Angeles,CA -> Richmond,CA",Los Angeles,CA,California,Richmond,CA,California
6808862e894aa92c3954ebdded1762e0,"McKenzie,TN -> West Monroe,LA",McKenzie,TN,Tennessee,West Monroe,LA,Louisiana
80302ecd5af5e079a9736d684f947d16,"Fairfield,CA -> Visalia,CA",Fairfield,CA,California,Visalia,CA,California
bb639a1b8c4c4cd58da6bd74f159bc8a,"Plant City,FL -> McDonough,GA",Plant City,FL,Florida,McDonough,GA,Georgia
7a86629c33311911977ea5459e40ed1c,"Jacksonville,FL -> Winston-Salem,NC",Jacksonville,FL,Florida,Winston-Salem,NC,North Carolina
c343565b6de0830a492c0c65091fbe44,"Westfield,MA -> Avon,MA",Westfield,MA,Massachusetts,Avon,MA,Massachusetts
07f04a824fa453afb91d10df60f7fe1b,"Philadelphia,PA -> Altoona,PA",Philadelphia,PA,Pennsylvania,Altoona,PA,Pennsylvania
80ee00d4d58fc626660289289f46ebd1,"Sunnyvale,TX -> Roanoke,TX",Sunnyvale,TX,Texas,Roanoke,TX,Texas
faee050ea72a7431efb28f10559e9e6b,"Plant City,FL -> Jacksonville,FL",Plant City,FL,Florida,Jacksonville,FL,Florida
f0ec952d229a7dc6a4ada3cbd7ee40c1,"Pescadero,CA -> Commerce,CA",Pescadero,CA,California,Commerce,CA,California
0649e1f9c4defa33c5ec8cb228ba1d80,"Williamsburg,VA -> Rock Hill,SC",Williamsburg,VA,Virginia,Rock Hill,SC,South Carolina
effc70a8814c6e2ad5c69c39571d1270,"St. Louis,MO -> Dubuque,IA",St. Louis,MO,Missouri,Dubuque,IA,Iowa
23a2b114a9db873b8fedf95ab42d48b9,"St. Louis,MO -> Poteau,OK",St. Louis,MO,Missouri,Poteau,OK,Oklahoma
0e3c20b6b003a5f3723dd0a488777056,"Tracy,CA -> Waddell,AZ",Tracy,CA,California,Waddell,AZ,Arizona
792838b9cd2e8da911a1ccaf7f722314,"Portland,OR -> Fairfield,CA",Portland,OR,Oregon,Fairfield,CA,California
d6439e84e127eb70eb777bcabca5bb63,"Williams Township,PA -> Newark,NJ",Williams Township,PA,Pennsylvania,Newark,NJ,New Jersey
29ac60a838dbcdbdcfcff20b9612d0a2,"Orlando,FL -> Plant City,FL",Orlando,FL,Florida,Plant City,FL,Florida
a66b335b6a0f8564273890e6af78e454,"Georgetown Township,MI -> York,PA",Georgetown Township,MI,Michigan,York,PA,Pennsylvania
1c788ec3e03022612cb6f5d3a9de79f7,"Colonial Heights,VA -> Daytona Beach,FL",Colonial Heights,VA,Virginia,Daytona Beach,FL,Florida
b435ed5a6bbac06a2934ddedddfebd8f,"St. Louis,MO -> Cranston,RI",St. Louis,MO,Missouri,Cranston,RI,Rhode Island
2b8b0fc60d4649a340a3d78e4119b724,"Cartersville,GA -> Goldsboro,NC",Cartersville,GA,Georgia,Goldsboro,NC,North Carolina
7a88211f10cbf8e3ce99b8575bc6ccf9,"Plant City,FL -> Warren,MI",Plant City,FL,Florida,Warren,MI,Michigan
374bc62bb9968e20efc5eaf5a4436d4e,"Louisville,KY -> Paris,TN",Louisville,KY,Kentucky,Paris,TN,Tennessee
cdddac14afbeed7205903df3bfcf5c5e,"Portage,IN -> Cleveland,NC",Portage,IN,Indiana,Cleveland,NC,North Carolina
2306ebb5dfa6b814f7466686b12115da,"Portland,OR -> Wood Dale,IL",Portland,OR,Oregon,Wood Dale,IL,Illinois
c7cf4e3a760d486eb635b0a3bdae3410,"Columbus,OH -> Fredericksburg,VA",Columbus,OH,Ohio,Fredericksburg,VA,Virginia
4a509eb36830146cd94911b46c19815d,"Portsmouth,VA -> Aurora,IL",Portsmouth,VA,Virginia,Aurora,IL,Illinois
808f7093915a189e90f109774345b715,"Harleysville,PA -> Hebron,KY",Harleysville,PA,Pennsylvania,Hebron,KY,Kentucky
0f6bbcfcd5dc3f47591a14fcba51d8bb,"Selah,WA -> Tolleson,AZ",Selah,WA,Washington,Tolleson,AZ,Arizona
b734371fded6306f9ba6d06485573b8b,"Houston,TX -> Jacksonville,FL",Houston,TX,Texas,Jacksonville,FL,Florida
71c15f4a9405a062f6c4527d294c089d,"Geneva,NY -> Ephrata,PA",Geneva,NY,New York,Ephrata,PA,Pennsylvania
4fd508908cb1c43044f6a8ffc5747cd7,"Irvington,NJ -> Napoleon,OH",Irvington,NJ,New Jersey,Napoleon,OH,Ohio
afec85c0bbc9fb04678effbb394f591a,"Newark,NJ -> Ypsilanti,MI",Newark,NJ,New Jersey,Ypsilanti,MI,Michigan
b4974ccfdfdf41d7754d4124cf99647a,"Pittston,PA -> Queens,NY",Pittston,PA,Pennsylvania,Queens,NY,New York
f146cccedb761b053bc3dd22ff2506ad,"Brawley,CA -> Delano,CA",Brawley,CA,California,Delano,CA,California
90fd4d4d26de2295fb9d9849fa760e5c,"Van Nuys,CA -> Fallon,NV",Van Nuys,CA,California,Fallon,NV,Nevada
477eb79c99db7b9fafa12570d0f0c875,"Los Angeles,CA -> Portland,OR",Los Angeles,CA,California,Portland,OR,Oregon
15427c08a82a27e3baa99024c50b36fe,"Los Angeles,CA -> Layton,UT",Los Angeles,CA,California,Layton,UT,Utah
e346d5b2d9dc10e7cbe57c5e2f26c3da,"La Porte,TX -> Aurora,CO",La Porte,TX,Texas,Aurora,CO,Colorado
5e43d2cf0de786a29476a57ec66f85ea,"Colonial Heights,VA -> Rock Hill,SC",Colonial Heights,VA,Virginia,Rock Hill,SC,South Carolina
40a552c6cbfdcd2c82856d0039b64cfe,"Rio Rico,AZ -> Phoenix,AZ",Rio Rico,AZ,Arizona,Phoenix,AZ,Arizona
8b67d55071b176eb61fbcc27f13f5ba6,"Newark,NJ -> Atlanta,GA",Newark,NJ,New Jersey,Atlanta,GA,Georgia
59199764840a445bbefb068d988cf861,"Williamsburg,VA -> Pinellas Park,FL",Williamsburg,VA,Virginia,Pinellas Park,FL,Florida
844869a05e6bcca539b4c98ceafbec8a,"Gonzales,CA -> Upper Marlboro,MD",Gonzales,CA,California,Upper Marlboro,MD,Maryland
f94298a7f428ce9e4ba2963bc49e397c,"St. Louis,MO -> Wheeling,WV",St. Louis,MO,Missouri,Wheeling,WV,West Virginia
a7e1492e6de9fed7b52386275b87fd6c,"Jacksonville,FL -> Meridian,MS",Jacksonville,FL,Florida,Meridian,MS,Mississippi
7ec133698446a355c75c73b111191f6f,"Orlando,FL -> Bryan,OH",Orlando,FL,Florida,Bryan,OH,Ohio
2b1902cc2f920fa6393d78f8fb2ad705,"Newark,NJ -> Jamestown,NY",Newark,NJ,New Jersey,Jamestown,NY,New York
df759c94b652c79f3b3f7a62d1fafe10,"Tuscaloosa,AL -> Cincinnati,OH",Tuscaloosa,AL,Alabama,Cincinnati,OH,Ohio
27339ef38be6a27f2fc73572f816fd51,"Kutztown,PA -> Deer Park,NY",Kutztown,PA,Pennsylvania,Deer Park,NY,New York
2baf579f44f3e2995a015535962df96a,"Greencastle,IN -> Winchester,KY",Greencastle,IN,Indiana,Winchester,KY,Kentucky
dd97fbf14b3df8a792b270f771298a74,"Waterbury,CT -> Newark,NJ",Waterbury,CT,Connecticut,Newark,NJ,New Jersey
d68c27b328603ac73632822933c01634,"Pompano Beach,FL -> Methuen,MA",Pompano Beach,FL,Florida,Methuen,MA,Massachusetts
05716a3ef9030f73f0e6a702b390f587,"La Porte,TX -> Los Angeles,CA",La Porte,TX,Texas,Los Angeles,CA,California
a2a08202cc4b48eb44254614b9b78cb5,"Erie,PA -> Statesville,NC",Erie,PA,Pennsylvania,Statesville,NC,North Carolina
a6d5d001c48add21e49a6c2e011933dd,"Denver,CO -> Ponca City,OK",Denver,CO,Colorado,Ponca City,OK,Oklahoma
275d8a6b9208bbd69c2f71e1aefdcf95,"Springfield,MA -> Newark,NJ",Springfield,MA,Massachusetts,Newark,NJ,New Jersey
4253f58e99b84a0f1ec3b853a6a834b4,"Fort Collins,CO -> Leonardtown,MD",Fort Collins,CO,Colorado,Leonardtown,MD,Maryland
dc6a50ba130e941ee4cc8d605d53576d,"Tampa,FL -> Santa Ana,CA",Tampa,FL,Florida,Santa Ana,CA,California
c7b2fff71c613b18969e2e50e6025c5d,"Aurora,CO -> Hayden,ID",Aurora,CO,Colorado,Hayden,ID,Idaho
f4b83ae53e4ef4e819d34c7510236b1d,"St. Louis,MO -> Fridley,MN",St. Louis,MO,Missouri,Fridley,MN,Minnesota
4a695b0842138ee209f07b65f65be61d,"Houston,TX -> Metairie,LA",Houston,TX,Texas,Metairie,LA,Louisiana
d479a01056a1f79439a295d270c7afee,"Pittston,PA -> Swedesboro,NJ",Pittston,PA,Pennsylvania,Swedesboro,NJ,New Jersey
0189ec8c91dd4b4b3c480ab4ccfd9914,"Orlando,FL -> Fort Payne,AL",Orlando,FL,Florida,Fort Payne,AL,Alabama
0235ddfc19c9ee3a3b512481b4639b03,"Santa Ana,CA -> Plant City,FL",Santa Ana,CA,California,Plant City,FL,Florida
ed17b6fe2ccc9902fc02a374c748cc1b,"Plant City,FL -> Compton,CA",Plant City,FL,Florida,Compton,CA,California
ddc60e869186e81ce0f0e476bd778e5a,"Aurora,CO -> Rock Springs,WY",Aurora,CO,Colorado,Rock Springs,WY,Wyoming
e39a1d6c53fcc4dd00455129cbb5e12d,"Pittston,PA -> Bolingbrook,IL",Pittston,PA,Pennsylvania,Bolingbrook,IL,Illinois
297f36372e7369169eab19e3d0203706,"Wylie,TX -> Memphis,TN",Wylie,TX,Texas,Memphis,TN,Tennessee
4f6faa357935e694ddcb276c06310ce8,"Aurora,CO -> Cedar City,UT",Aurora,CO,Colorado,Cedar City,UT,Utah
cdc7f596ba3a628039bd8bb15e1e7fb2,"Colonial Heights,VA -> Annapolis,MD",Colonial Heights,VA,Virginia,Annapolis,MD,Maryland
c6e03fc1c04c0fff783ef571b61125c1,"Cartersville,GA -> Huntsville,AL",Cartersville,GA,Georgia,Huntsville,AL,Alabama
a96c3a421d0cae3146a373a30d3e39aa,"Tracy,CA -> Melrose Park,IL",Tracy,CA,California,Melrose Park,IL,Illinois
eb7555f35d8c43a522284d9b5fe4a89b,"Carson,CA -> Monroe Township,NJ",Carson,CA,California,Monroe Township,NJ,New Jersey
6898d498bc307b443939c4c606648360,"Sterling,VA -> Plant City,FL",Sterling,VA,Virginia,Plant City,FL,Florida
377f4a0176a1ac098643155ad8c3ff17,"Cranbury Township,NJ -> Moorhead,MN",Cranbury Township,NJ,New Jersey,Moorhead,MN,Minnesota
4a6ef072ddc5a31ff174113e9e148756,"Columbus,OH -> Jenkins Township,PA",Columbus,OH,Ohio,Jenkins Township,PA,Pennsylvania
72bf7a876ca55fb79aee585d3a49e308,"Long Beach,CA -> Stockton,CA",Long Beach,CA,California,Stockton,CA,California
fe3f44ad907601bd957c8e3dfea8b69a,"Philadelphia,PA -> Cleveland,OH",Philadelphia,PA,Pennsylvania,Cleveland,OH,Ohio
1aa63e2eaf33e58faaf69cb338525572,"Etowah,TN -> Reno,NV",Etowah,TN,Tennessee,Reno,NV,Nevada
bab9aaa6ef7be4c8daf79808be069478,"Plant City,FL -> Commerce,CA",Plant City,FL,Florida,Commerce,CA,California
ec8e21c9486ae6d61238f9ef17ab4ffd,"Beecher,IL -> Plant City,FL",Beecher,IL,Illinois,Plant City,FL,Florida
3ae9ee066b779cde84c6747b7e8e7a86,"Newark,NJ -> Rogers,MN",Newark,NJ,New Jersey,Rogers,MN,Minnesota
7f42784667466a00ea504fa2e92cf74a,"Fort Collins,CO -> Sparks,NV",Fort Collins,CO,Colorado,Sparks,NV,Nevada
f5e2f413554c182059ed312f495c7057,"Statesboro,GA -> Bronx,NY",Statesboro,GA,Georgia,Bronx,NY,New York
f11ca3c38d45c5571d9a914222e3de1b,"McCook,NE -> Davenport,IA",McCook,NE,Nebraska,Davenport,IA,Iowa
07da1150deeb0c6438c6067948e2a57e,"Houston,TX -> Hattiesburg,MS",Houston,TX,Texas,Hattiesburg,MS,Mississippi
28fcb6277d4f378dc912bb7012dd7dc9,"Paris,TX -> Pryor,OK",Paris,TX,Texas,Pryor,OK,Oklahoma
aeee7f784dad1a033726802a0005faea,"Prattville,AL -> Conover,NC",Prattville,AL,Alabama,Conover,NC,North Carolina
b921bce61831df6a3b79c4c5ac37f34e,"Jacksonville,FL -> Madisonville,LA",Jacksonville,FL,Florida,Madisonville,LA,Louisiana
1d4e0e81241e86548d481d6e27b904a0,"Dallas,TX -> Muskogee,OK",Dallas,TX,Texas,Muskogee,OK,Oklahoma
5938f299219d4c44cc6524ee3197baa9,"Newark,NJ -> Pittsburgh,PA",Newark,NJ,New Jersey,Pittsburgh,PA,Pennsylvania
2d2729e2e910f6afd551881098c8994e,"Newark,NJ -> Montgomery,AL",Newark,NJ,New Jersey,Montgomery,AL,Alabama
59cb51d16ce9a8b8945ff44340f00130,"Cranbury Township,NJ -> New Paltz,NY",Cranbury Township,NJ,New Jersey,New Paltz,NY,New York
023c537675639c240e35207500d230ea,"Monroe,WI -> Sheboygan,WI",Monroe,WI,Wisconsin,Sheboygan,WI,Wisconsin
ba465b9c5f965d13a384ac8801d44bfc,"Fort Collins,CO -> Logan,UT",Fort Collins,CO,Colorado,Logan,UT,Utah
5c6baf1fc83395a6ef7054ffc30cc0d2,"Kutztown,PA -> Ephrata,PA",Kutztown,PA,Pennsylvania,Ephrata,PA,Pennsylvania
540d5fc94283e225ab0ecb3ffab11417,"Hauppauge,NY -> Plant City,FL",Hauppauge,NY,New York,Plant City,FL,Florida
1635b7ec8eabad21b10612533b5d1689,"Baldwinsville,NY -> Auburn,MA",Baldwinsville,NY,New York,Auburn,MA,Massachusetts
18ebbe32a7cace0cec13e1ac27e59e52,"Statesboro,GA -> Philadelphia,PA",Statesboro,GA,Georgia,Philadelphia,PA,Pennsylvania
d40e05073196a869af4ea535515be021,"Denver,CO -> Charleston,TN",Denver,CO,Colorado,Charleston,TN,Tennessee
4ca642d9b766575b93b2334e3f2e6654,"Burt,NY -> Pennsauken Township,NJ",Burt,NY,New York,Pennsauken Township,NJ,New Jersey
ef9a52a6917777e8fbbd083762884a9b,"Downey,ID -> Elmira,MI",Downey,ID,Idaho,Elmira,MI,Michigan
6748dc4c8b0b480d40bcb38f0034777c,"Granite City,IL -> Romulus,MI",Granite City,IL,Illinois,Romulus,MI,Michigan
fd545449ae7e20a80b8aa9868ac337e5,"Newark,NJ -> Cedar Rapids,IA",Newark,NJ,New Jersey,Cedar Rapids,IA,Iowa
b47a6907d400177868c668530264d715,"Granite City,IL -> Vicksburg,MS",Granite City,IL,Illinois,Vicksburg,MS,Mississippi
60fa87f450d21bcc722b34986830cbf7,"Tracy,CA -> Tracy,CA",Tracy,CA,California,Tracy,CA,California
bec072b3cb53a4aaadbd23a057dd5a65,"Reading,PA -> Brook Park,OH",Reading,PA,Pennsylvania,Brook Park,OH,Ohio
60fb65b5d0ac1b55f950324c945f5569,"Newark,NJ -> Wilkes-Barre,PA",Newark,NJ,New Jersey,Wilkes-Barre,PA,Pennsylvania
755fe35f79fe73b70f0f5badc8780cf1,"Latrobe,PA -> Syracuse,NY",Latrobe,PA,Pennsylvania,Syracuse,NY,New York
e647dc9ebcd3a2803bb66e706e0d345e,"Fort Collins,CO -> Alexandria,LA",Fort Collins,CO,Colorado,Alexandria,LA,Louisiana
a11898df94d72b6a359d283b74715666,"Granite City,IL -> Sheboygan,WI",Granite City,IL,Illinois,Sheboygan,WI,Wisconsin
6e8b2bcb82eb790b3596b12c43fafdf5,"Houston,TX -> Austin,TX",Houston,TX,Texas,Austin,TX,Texas
68c591b59036a7c2855a37f0201c32fd,"Avon,MA -> Westfield,MA",Avon,MA,Massachusetts,Westfield,MA,Massachusetts
17722fc10c4b51638ac18224e260a877,"Maricopa,AZ -> Methuen,MA",Maricopa,AZ,Arizona,Methuen,MA,Massachusetts
16b40a89013496fc5429b847a5179566,"Baldwinsville,NY -> Lewiston,ME",Baldwinsville,NY,New York,Lewiston,ME,Maine
e83f95c4e720805ee3722c4f78ca3780,"St. Louis,MO -> Clifton,CO",St. Louis,MO,Missouri,Clifton,CO,Colorado
5517484ff7945c121ab88a8f43d60beb,"La Porte,TX -> Texarkana,TX",La Porte,TX,Texas,Texarkana,TX,Texas
c36906ddcbce7fa37916b4768c1cf8d2,"Bristol,PA -> Kane,PA",Bristol,PA,Pennsylvania,Kane,PA,Pennsylvania
03a838be4f0081c0df2b204154e7d0ae,"Franklin,IN -> Modesto,CA",Franklin,IN,Indiana,Modesto,CA,California
a2dbca8ade6cd880bd7282655801c8a1,"Baldwinsville,NY -> Boise,ID",Baldwinsville,NY,New York,Boise,ID,Idaho
db6fc9c413bf61a98787d422de284487,"Latrobe,PA -> Wanaque,NJ",Latrobe,PA,Pennsylvania,Wanaque,NJ,New Jersey
f8f8c31a4e34b4b4482004e611eb8e01,"Aurora,CO -> Lincoln,NE",Aurora,CO,Colorado,Lincoln,NE,Nebraska
b83badf0bc849edb957be0f34b6b7393,"Lakewood Township,NJ -> Gastonia,NC",Lakewood Township,NJ,New Jersey,Gastonia,NC,North Carolina
e6b1e2b7607b38314181af3106c1b3af,"Olean,NY -> Mundelein,IL",Olean,NY,New York,Mundelein,IL,Illinois
c853499ceb94a49d0abd67fc3c8655ac,"Plant City,FL -> Haverstraw,NY",Plant City,FL,Florida,Haverstraw,NY,New York
d502d2772c50388da1297abc969abdab,"Santa Ana,CA -> Leola,PA",Santa Ana,CA,California,Leola,PA,Pennsylvania
c26332539c48a0b19f0b6220d210c13f,"Cartersville,GA -> Portland,OR",Cartersville,GA,Georgia,Portland,OR,Oregon
5e3b770079de5fede857997bbd1209ba,"Houston,TX -> Casper,WY",Houston,TX,Texas,Casper,WY,Wyoming
34ca2c736cce41b84e4c5e73749e7c43,"Houston,TX -> Lebanon,MO",Houston,TX,Texas,Lebanon,MO,Missouri
d10604608a22e1f667075411b883eaba,"Carson,CA -> Las Vegas,NV",Carson,CA,California,Las Vegas,NV,Nevada
e62621a9f1f57ffe70046c20a061e520,"Philadelphia,PA -> Stowe,PA",Philadelphia,PA,Pennsylvania,Stowe,PA,Pennsylvania
4663f60401625abf2e2ffa16448567ac,"St. Louis,MO -> Montclair,CA",St. Louis,MO,Missouri,Montclair,CA,California
003d0b50e4a7c31a3b1b37afa8927b66,"Carlisle,PA -> Jacksonville,FL",Carlisle,PA,Pennsylvania,Jacksonville,FL,Florida
0d130384292ca526f2fad3daaa537ad6,"Bolingbrook,IL -> Commerce,GA",Bolingbrook,IL,Illinois,Commerce,GA,Georgia
58d14f994bcaaf992515bcfe1c46a698,"Columbus,OH -> Roanoke,VA",Columbus,OH,Ohio,Roanoke,VA,Virginia
a49c51606e9252a13e22cfbc865a12e3,"Aurora,CO -> Boise,ID",Aurora,CO,Colorado,Boise,ID,Idaho
387cf6fb11a5d316e84debc60e8c6e33,"Lebanon,IN -> Commerce,GA",Lebanon,IN,Indiana,Commerce,GA,Georgia
8d000b2f97decbfd8c82301566546377,"Wood Dale,IL -> Statesville,NC",Wood Dale,IL,Illinois,Statesville,NC,North Carolina
6ae0a039b039b28117537d2a66b9ba6d,"Jacksonville,FL -> Wilmington,NC",Jacksonville,FL,Florida,Wilmington,NC,North Carolina
f65bb1fff6f9d84a782bfba0b2175bdf,"Fort Collins,CO -> Sedalia,MO",Fort Collins,CO,Colorado,Sedalia,MO,Missouri
c45c2376a637ed7095cb79328fb70754,"Riverside,CA -> Pomona,CA",Riverside,CA,California,Pomona,CA,California
51f7d63ad1c1ac41b3dc1f2e6a179010,"Spring Valley,NY -> Bronx,NY",Spring Valley,NY,New York,Bronx,NY,New York
469c9092cc791bb3309e7047d93f3006,"Wylie,TX -> Laredo,TX",Wylie,TX,Texas,Laredo,TX,Texas
20b0fe041020eb5f247d87746bece93b,"Wanaque,NJ -> Castile,NY",Wanaque,NJ,New Jersey,Castile,NY,New York
dc78a869b38dd88262f0cb4304a7b859,"Wanaque,NJ -> Syracuse,NY",Wanaque,NJ,New Jersey,Syracuse,NY,New York
4c245eafe197205c04bf2fe4f0971e1c,"Lockport,IL -> Mount Holly,NC",Lockport,IL,Illinois,Mount Holly,NC,North Carolina
fc9afa9cc4daec8f3efc75d3b5d0fea2,"Williamsburg,VA -> Midway,FL",Williamsburg,VA,Virginia,Midway,FL,Florida
d49573e612e75b4d22c71f3d0ebe959d,"Carlisle,PA -> Annapolis,MD",Carlisle,PA,Pennsylvania,Annapolis,MD,Maryland
162c00b7f6c0909b938c91ab3b1507f5,"Stacy,MN -> Reading,PA",Stacy,MN,Minnesota,Reading,PA,Pennsylvania
a65f0dfd220a0d6435ff473c48c140bf,"St. Louis,MO -> Pasadena,TX",St. Louis,MO,Missouri,Pasadena,TX,Texas
3ef56eb94717bc4b0e796f2e912f081f,"Plainfield,IN -> Swedesboro,NJ",Plainfield,IN,Indiana,Swedesboro,NJ,New Jersey
3bd8e87f31b1c624bddb8f18c3e0f216,"Colonial Heights,VA -> Deerfield Beach,FL",Colonial Heights,VA,Virginia,Deerfield Beach,FL,Florida
1b94e0a1672a9425645d0bb42c9072a4,"Stockton,CA -> Palm City,FL",Stockton,CA,California,Palm City,FL,Florida
58b8289a4715809db3320b2d11df02b8,"Fort Collins,CO -> Kalispell,MT",Fort Collins,CO,Colorado,Kalispell,MT,Montana
d7aedf2f5bf28d6f9ffd8c4da53ab4f2,"Commerce,CA -> Clackamas,OR",Commerce,CA,California,Clackamas,OR,Oregon
803684bbffea3db33d6bdf09651b7204,"Laceys Spring,AL -> Tullytown,PA",Laceys Spring,AL,Alabama,Tullytown,PA,Pennsylvania
5289e275cb18d50ba7ac1cd36f142deb,"St. Louis,MO -> Muscle Shoals,AL",St. Louis,MO,Missouri,Muscle Shoals,AL,Alabama
067e29eea04fa42cc4afa23d82e7450c,"Granite City,IL -> Starkville,MS",Granite City,IL,Illinois,Starkville,MS,Mississippi
15dca8313ddbe8a49cb5432e19a3d656,"McCook,NE -> Chicago,IL",McCook,NE,Nebraska,Chicago,IL,Illinois
eba3474ea5b7aa7f4859212750e237c0,"Houston,TX -> Abilene,TX",Houston,TX,Texas,Abilene,TX,Texas
f67e73d2e912ac6c1dbb66aced8a0d9e,"Philadelphia,PA -> Elyria,OH",Philadelphia,PA,Pennsylvania,Elyria,OH,Ohio
ee88012a00326ed854c5b1ed2726593c,"Taft,CA -> Tracy,CA",Taft,CA,California,Tracy,CA,California
1940eba3fc5cc39b30d4b2e05d4f17e4,"Pennsauken Township,NJ -> York,PA",Pennsauken Township,NJ,New Jersey,York,PA,Pennsylvania
b32a38cbf4931a12fbbf9221bf21883e,"Arlington,TX -> Houston,TX",Arlington,TX,Texas,Houston,TX,Texas
c732b4d142b6967672b0f18b70e07f5e,"Cowarts,AL -> Montgomery,AL",Cowarts,AL,Alabama,Montgomery,AL,Alabama
1aff84e41dad2a3d90a7fddb029bd3b3,"York,PA -> Williamsport,MD",York,PA,Pennsylvania,Williamsport,MD,Maryland
d28e4e323c9bfc65e880f2031a11b9b1,"North Charleston,SC -> Reno,NV",North Charleston,SC,South Carolina,Reno,NV,Nevada
bb5647e5679d5875fef8288220e8f80b,"Dunn,NC -> Bronx,NY",Dunn,NC,North Carolina,Bronx,NY,New York
b556a0ed78aa8789c6cce379861f38dd,"Brighton,MI -> Statesville,NC",Brighton,MI,Michigan,Statesville,NC,North Carolina
9b551aafc3412967a1994c8a27100c44,"North East,MD -> South Windsor,CT",North East,MD,Maryland,South Windsor,CT,Connecticut
12cc6d86ca447a506b8a6e5902d96a77,"Cartersville,GA -> Washington,DC",Cartersville,GA,Georgia,Washington,DC,District of Columbia
e251fb84652151a1e8e3ac22ed0fd17f,"Santa Ana,CA -> Monrovia,MD",Santa Ana,CA,California,Monrovia,MD,Maryland
e4282ae5368876d93d330192e0ebb347,"Carson,CA -> Monrovia,MD",Carson,CA,California,Monrovia,MD,Maryland
c250a79ff2cd19405f7fa14348ffb312,"Newark,NJ -> Pensacola,FL",Newark,NJ,New Jersey,Pensacola,FL,Florida
7138da9d97b2f1aaf9ed21af98fe05ec,"Compton,CA -> Aurora,CO",Compton,CA,California,Aurora,CO,Colorado
02294c4885e29fc7db0ada46a5c7ca4d,"Plainfield,IL -> Cleveland,NC",Plainfield,IL,Illinois,Cleveland,NC,North Carolina
1168b668c41c8a2a80d9d3f4300c6a13,"Bellevue,WA -> Irvine,CA",Bellevue,WA,Washington,Irvine,CA,California
7dcdca7b8feac1dda06e3cae8fd6f55e,"Springfield,TN -> Charlotte,NC",Springfield,TN,Tennessee,Charlotte,NC,North Carolina
55ab4baffbdceb35af1b3a21fb33bd5c,"Williamsburg,VA -> Winchester,VA",Williamsburg,VA,Virginia,Winchester,VA,Virginia
74aa059c5681336cb162cedd15aecce6,"Los Angeles,CA -> Santa Maria,CA",Los Angeles,CA,California,Santa Maria,CA,California
7b59a9484fa1ccfdb31beff2b9fc65e7,"Plant City,FL -> Cleveland,TN",Plant City,FL,Florida,Cleveland,TN,Tennessee
46eae2d73aa96ca7821ec8f0c9c775a0,"Plant City,FL -> Athens,TN",Plant City,FL,Florida,Athens,TN,Tennessee
c3cc90d6a2e019cd9ea82d8c01787110,"1,LA -> Homewood,AL",1,LA,Louisiana,Homewood,AL,Alabama
fe5e5101e4ce74f47dab28162261bf16,"Houston,TX -> Beaumont,TX",Houston,TX,Texas,Beaumont,TX,Texas
54d1a595dd86aaaee9ccacaffbc692e6,"Ontario,CA -> El Monte,CA",Ontario,CA,California,El Monte,CA,California
60680910bc3a37530f62fd85a73bcee8,"Garfield,NM -> Los Alamitos,CA",Garfield,NM,New Mexico,Los Alamitos,CA,California
856bbf58f6707b825a50a5f37b6d6456,"Houston,TX -> Richland,MS",Houston,TX,Texas,Richland,MS,Mississippi
248701c8eb09e22f105a0b8be8dcaa5a,"Wendover,UT -> Meridian,ID",Wendover,UT,Utah,Meridian,ID,Idaho
f7e9f53971aa14c1faf4ccad566ba4ec,"Alton,IL -> Columbus,OH",Alton,IL,Illinois,Columbus,OH,Ohio
03aef342a2597c2b492bd725f13a241d,"Hillside,NJ -> Auburn,NY",Hillside,NJ,New Jersey,Auburn,NY,New York
a2de92588339fac2b8ebd58a7fbe6975,"Jacksonville,FL -> Lakeland,FL",Jacksonville,FL,Florida,Lakeland,FL,Florida
0690b9e221cc43fb66453c03ce5ecb4a,"Monte Vista,CO -> Roanoke,TX",Monte Vista,CO,Colorado,Roanoke,TX,Texas
3d32c9fa7d723709f8e6582efc0f1083,"Wilson,NC -> Cranston,RI",Wilson,NC,North Carolina,Cranston,RI,Rhode Island
d1d4243ebcbd264403c159b65906f039,"Cartersville,GA -> Columbus,GA",Cartersville,GA,Georgia,Columbus,GA,Georgia
bac962cee11cd3c535e7d0057e0662f6,"Savannah,GA -> Gastonia,NC",Savannah,GA,Georgia,Gastonia,NC,North Carolina
92598034159d5ee8ce31b068fa457601,"Xenia,OH -> Reno,NV",Xenia,OH,Ohio,Reno,NV,Nevada
36e92333262bae156b9b9937bd058741,"Portland,OR -> Canton,OH",Portland,OR,Oregon,Canton,OH,Ohio
70a0f2e9b91b213029c09068fd900982,"St. Louis,MO -> La Porte,TX",St. Louis,MO,Missouri,La Porte,TX,Texas
e5a81ee82e9e046b7ce22f7412aac972,"Washington,PA -> Philadelphia,PA",Washington,PA,Pennsylvania,Philadelphia,PA,Pennsylvania
a3520c602ab293bb9105d686c0035565,"Congers,NY -> Saint Albans City,VT",Congers,NY,New York,Saint Albans City,VT,Vermont
24458a11f291299f6fefe94a280b838c,"Fort Collins,CO -> Poteau,OK",Fort Collins,CO,Colorado,Poteau,OK,Oklahoma
9d3cc890a732bd3ee6f9764afd9036c9,"Santa Ana,CA -> Fife,WA",Santa Ana,CA,California,Fife,WA,Washington
b08c73920274a1d8ba599ad612a86440,"Crete,IL -> Santa Ana,CA",Crete,IL,Illinois,Santa Ana,CA,California
db34a755a48de71c746579f04471d3fb,"St. Louis,MO -> Hooksett,NH",St. Louis,MO,Missouri,Hooksett,NH,New Hampshire
02a36f3f9b35f006db66e688fc950b7a,"Granite City,IL -> Rogers,MN",Granite City,IL,Illinois,Rogers,MN,Minnesota
97575da007a6a951a4e21dbc081e5dcb,"Houston,TX -> West Palm Beach,FL",Houston,TX,Texas,West Palm Beach,FL,Florida
4ed60507dad420531f59de2aea78c22b,"Paris,TN -> Danville,VA",Paris,TN,Tennessee,Danville,VA,Virginia
b1343dede20b6bc9f5c12accadb5feff,"Pottstown,PA -> Newark,NJ",Pottstown,PA,Pennsylvania,Newark,NJ,New Jersey
7c2c5701f1d07b957312a3c157996f10,"Fairfield,CA -> Newark,NJ",Fairfield,CA,California,Newark,NJ,New Jersey
ac3d5b1066762c6c4d2b5dbef6e678d4,"La Porte,TX -> Gulfport,MS",La Porte,TX,Texas,Gulfport,MS,Mississippi
63608059814beb79a650461b5c3fb76a,"Granite City,IL -> Rapid City,SD",Granite City,IL,Illinois,Rapid City,SD,South Dakota
37696b43e3fc2a20e0280782e4b24e59,"Aurora,CO -> Independence,KS",Aurora,CO,Colorado,Independence,KS,Kansas
76d04ca9fe620a27361f4985663e6d1e,"Bolingbrook,IL -> Fort Worth,TX",Bolingbrook,IL,Illinois,Fort Worth,TX,Texas
22f6a7c6604c1883471edec6acb2e2f0,"Mount Sterling,IL -> Pittston,PA",Mount Sterling,IL,Illinois,Pittston,PA,Pennsylvania
335c3d75878775fd5eacc836cc032648,"Granite City,IL -> Fostoria,OH",Granite City,IL,Illinois,Fostoria,OH,Ohio
c0c636e8ad50e4c517f93dbce681e0d7,"St. Louis,MO -> Camden,AR",St. Louis,MO,Missouri,Camden,AR,Arkansas
5a0d36d33c87f25bcf742a3ab175eb8e,"Kingston,NY -> New Bedford,MA",Kingston,NY,New York,New Bedford,MA,Massachusetts
7977c4cbd712cf9fa767c97a8ff02cb1,"Jacksonville,FL -> Sanford,FL",Jacksonville,FL,Florida,Sanford,FL,Florida
22c4ed807e47c2dc7a989661cbde7365,"Bethlehem,PA -> Santa Ana,CA",Bethlehem,PA,Pennsylvania,Santa Ana,CA,California
da6a04971f4486f074da262747d304bb,"Fort Collins,CO -> Jamestown,ND",Fort Collins,CO,Colorado,Jamestown,ND,North Dakota
f0f7723f7ae3d6cbade19fcc9ab513f0,"Houston,TX -> El Dorado,AR",Houston,TX,Texas,El Dorado,AR,Arkansas
12065971f7dd6b57d7e9b93cd6200594,"Saint Michael,MN -> Wilkes-Barre,PA",Saint Michael,MN,Minnesota,Wilkes-Barre,PA,Pennsylvania
00eb47f4531a8104b846f8bcff9395be,"Plant City,FL -> Dallas,TX",Plant City,FL,Florida,Dallas,TX,Texas
8966dd057d0b09d5085cd6e4239d841b,"Canton,OH -> Memphis,TN",Canton,OH,Ohio,Memphis,TN,Tennessee
91227ac1ba16fb8350606e73b6c34104,"Jacksonville,FL -> Dallas,TX",Jacksonville,FL,Florida,Dallas,TX,Texas
26a0408f358f07ae335de68b43752e2d,"Newark,NJ -> Jackson,MI",Newark,NJ,New Jersey,Jackson,MI,Michigan
ab0e35ca112bb307d173d5d36b8fdc1c,"Wilkes-Barre,PA -> Jackson,TN",Wilkes-Barre,PA,Pennsylvania,Jackson,TN,Tennessee
c0cce5fe0882d6a0e4cefa817b2c3c37,"Merrimack,NH -> Jacksonville,FL",Merrimack,NH,New Hampshire,Jacksonville,FL,Florida
4a1351950677e7a6a4ee0686d9b5e24e,"Los Angeles,CA -> Missoula,MT",Los Angeles,CA,California,Missoula,MT,Montana
04da50587e055083e387bcdf6d54dd32,"Fort Collins,CO -> Elkton,MD",Fort Collins,CO,Colorado,Elkton,MD,Maryland
6e13b4694d05b6d5712ff71dd0006fbc,"Big Sandy,TX -> Madera,CA",Big Sandy,TX,Texas,Madera,CA,California
4854bd2aa095c8e432df7c95cfa82987,"Houston,TX -> Lubbock,TX",Houston,TX,Texas,Lubbock,TX,Texas
1868284ca349a5a14949368b2aec4840,"Columbus,OH -> Port Huron,MI",Columbus,OH,Ohio,Port Huron,MI,Michigan
01554843811a93c9e4aaab7fb4bf4e12,"Newark,NJ -> Brooklyn,NY",Newark,NJ,New Jersey,Brooklyn,NY,New York
e5ecd0a82c2327e4e2a2638e48977015,"Winchester,VA -> Pompano Beach,FL",Winchester,VA,Virginia,Pompano Beach,FL,Florida
df9a17963fd51519c99b5745d5b5b234,"Delano,MN -> Austin,TX",Delano,MN,Minnesota,Austin,TX,Texas
450e836361f47da78553341bd5155866,"Cartersville,GA -> Lake Charles,LA",Cartersville,GA,Georgia,Lake Charles,LA,Louisiana
1cac84f8445ec0b1fa58bdec27dfc901,"Georgetown,SC -> Willacoochee,GA",Georgetown,SC,South Carolina,Willacoochee,GA,Georgia
626a7616bd365d26865ac356ceaec736,"Pittsburgh,PA -> Fairfield,NJ",Pittsburgh,PA,Pennsylvania,Fairfield,NJ,New Jersey
bf5b09352661d6a8c5716505476cfbe8,"Gastonia,NC -> Reidsville,NC",Gastonia,NC,North Carolina,Reidsville,NC,North Carolina
413e842e487a94cf90360ec7671baa83,"Aurora,CO -> Grand Forks,ND",Aurora,CO,Colorado,Grand Forks,ND,North Dakota
600b266e6d377bbcc7673dacaf3204d7,"Williamsburg,VA -> Cranston,RI",Williamsburg,VA,Virginia,Cranston,RI,Rhode Island
bd92496e0a8070bf045b359bbc2e9287,"Cartersville,GA -> Longview,TX",Cartersville,GA,Georgia,Longview,TX,Texas
ae3a5798c92603c8a29304afddc0f340,"Granite City,IL -> Soddy-Daisy,TN",Granite City,IL,Illinois,Soddy-Daisy,TN,Tennessee
64c374f57a92df7c5fb698deeb6e8228,"Knoxville,TN -> Wauconda,IL",Knoxville,TN,Tennessee,Wauconda,IL,Illinois
ca45b39bd3886eeca9c83183efebfbdf,"Wanaque,NJ -> Savannah,NY",Wanaque,NJ,New Jersey,Savannah,NY,New York
dd8e4674fa0486e00e996fd09e4ab5ff,"Georgetown,SC -> Millwood,WV",Georgetown,SC,South Carolina,Millwood,WV,West Virginia
c8066c5a10b85c9d2debdd790d7f3278,"Colonial Heights,VA -> Salem,VA",Colonial Heights,VA,Virginia,Salem,VA,Virginia
282ce62a64e7f35af8ea7790eb065a5b,"Carlisle,PA -> West Greenwich,RI",Carlisle,PA,Pennsylvania,West Greenwich,RI,Rhode Island
7934b72a956e1ffa5055e69a111543cb,"Cartersville,GA -> Aurora,CO",Cartersville,GA,Georgia,Aurora,CO,Colorado
7f3ca084cb4bdc5ec03b458ce3265b78,"Portland,OR -> Portland,OR",Portland,OR,Oregon,Portland,OR,Oregon
e2e2bc892f36c0121884bee2b0dcf45c,"Florence,KY -> Swedesboro,NJ",Florence,KY,Kentucky,Swedesboro,NJ,New Jersey
b59ca561276c900c0c29c0fd278ce112,"St. Louis,MO -> McAllen,TX",St. Louis,MO,Missouri,McAllen,TX,Texas
815568a7e148bb11d4355086fd31074f,"Los Angeles,CA -> Elko,NV",Los Angeles,CA,California,Elko,NV,Nevada
531955784f2deb98a2de7adea351f332,"Burley,ID -> Fife,WA",Burley,ID,Idaho,Fife,WA,Washington
35ed3758d5a7125e8235f2eacf9200e4,"Braselton,GA -> Laceys Spring,AL",Braselton,GA,Georgia,Laceys Spring,AL,Alabama
19aa24da2995a4cc11244dc114d7e7a7,"Fort Collins,CO -> Mobridge,SD",Fort Collins,CO,Colorado,Mobridge,SD,South Dakota
8f0b16bc14fb5d383143ded12ae3340d,"Plant City,FL -> Monrovia,MD",Plant City,FL,Florida,Monrovia,MD,Maryland
16b3d1fd7553fbb64a11ee9d297c16da,"Williamsburg,VA -> Baldwinsville,NY",Williamsburg,VA,Virginia,Baldwinsville,NY,New York
ca9e898e926fec9858db73d87ad1ff8b,"Granite City,IL -> Rochester,MN",Granite City,IL,Illinois,Rochester,MN,Minnesota
7e5b459b68385c0a876c361fe96f7432,"Annapolis,MD -> Baldwinsville,NY",Annapolis,MD,Maryland,Baldwinsville,NY,New York
55548a2ff642fd74046f8b95bf0d7079,"Paris,TN -> Wixom,MI",Paris,TN,Tennessee,Wixom,MI,Michigan
28dc494cb84799defe946f3edef3d5b3,"Williamsburg,VA -> Sun Prairie,WI",Williamsburg,VA,Virginia,Sun Prairie,WI,Wisconsin
9f0392dea5d9b97bb859ae0de6b19c8c,"Kansas City,MO -> Dallas,TX",Kansas City,MO,Missouri,Dallas,TX,Texas
700398f1deebf191f86cdeaac86ffcd4,"Montgomery,AL -> Conover,NC",Montgomery,AL,Alabama,Conover,NC,North Carolina
7b18ffd5160be4549fa3de9c3116511d,"York,PA -> Hackettstown,NJ",York,PA,Pennsylvania,Hackettstown,NJ,New Jersey
a6670386c78200dce432ce41dbd72f18,"Cartersville,GA -> Soddy-Daisy,TN",Cartersville,GA,Georgia,Soddy-Daisy,TN,Tennessee
d1217c18028658c5e8a1c9aa61ad9d2d,"Wellton,AZ -> Garden Grove,CA",Wellton,AZ,Arizona,Garden Grove,CA,California
05de83ee4034cce8501ecce1c1b95a6c,"Colonial Heights,VA -> Danville,VA",Colonial Heights,VA,Virginia,Danville,VA,Virginia
4c8e6b6cf7a39773b2b6d436e126cd29,"Reading,PA -> Everett,MA",Reading,PA,Pennsylvania,Everett,MA,Massachusetts
711cc9b1cd37db6af580e7185a049807,"Sioux City,IA -> Nicholasville,KY",Sioux City,IA,Iowa,Nicholasville,KY,Kentucky
136d18309808e2bbd1ea941dab24ab25,"Jacksonville,FL -> Homestead,FL",Jacksonville,FL,Florida,Homestead,FL,Florida
6b1a84b170515b1ceeb6410a5d800550,"Clarksville,TN -> Clinton,IA",Clarksville,TN,Tennessee,Clinton,IA,Iowa
c2276090406d9645dd58b279069cd154,"Columbia,PA -> Newark,NJ",Columbia,PA,Pennsylvania,Newark,NJ,New Jersey
1bbd0c49f12d1fc6deed9e72eb9b0a97,"Merced,CA -> Hayward,CA",Merced,CA,California,Hayward,CA,California
8a3c017b595d63ab2cb14c91c9bf1668,"Gonzales,CA -> Roanoke,TX",Gonzales,CA,California,Roanoke,TX,Texas
ac1a53c9da7f4859ffec0c905ce17312,"Fort Collins,CO -> Newark,NJ",Fort Collins,CO,Colorado,Newark,NJ,New Jersey
7c10450ca5c26686b6ab763a76313584,"Plainfield,IL -> Swedesboro,NJ",Plainfield,IL,Illinois,Swedesboro,NJ,New Jersey
53bcb1df0cbd989a9cf7332f06ee8208,"Houston,TX -> Albuquerque,NM",Houston,TX,Texas,Albuquerque,NM,New Mexico
39c53dafd116ee01f7b2dbfebb1c484f,"Newark,NJ -> La Vergne,TN",Newark,NJ,New Jersey,La Vergne,TN,Tennessee
bafd2b839f9acc42525a11a2c020b2ee,"Colonial Heights,VA -> Homestead,FL",Colonial Heights,VA,Virginia,Homestead,FL,Florida
f7951ffc83212ef09c2a9846f87c6331,"Cartersville,GA -> Pensacola,FL",Cartersville,GA,Georgia,Pensacola,FL,Florida
0197098734346423ecb9d66a676cf78d,"Plant City,FL -> Burlington,NJ",Plant City,FL,Florida,Burlington,NJ,New Jersey
aea01b5ca7ba738970c3e11e153be927,"Sacramento,CA -> Tracy,CA",Sacramento,CA,California,Tracy,CA,California
f140ff22449a0a658d19419b1da5dd4b,"Fort Collins,CO -> International Falls,MN",Fort Collins,CO,Colorado,International Falls,MN,Minnesota
0011bddd824434c23a0c46eaa7418f4f,"Fresno,CA -> Methuen,MA",Fresno,CA,California,Methuen,MA,Massachusetts
a7eed6f9bf2279e4d4e0705d5a105f7f,"Fort Collins,CO -> Orlando,FL",Fort Collins,CO,Colorado,Orlando,FL,Florida
89c88a8a7071539faefd41f0ade3117a,"St. Louis,MO -> Devils Lake,ND",St. Louis,MO,Missouri,Devils Lake,ND,North Dakota
ec6a3348c5f37fb9645df6ac6f90f21a,"Granite City,IL -> Moraine,OH",Granite City,IL,Illinois,Moraine,OH,Ohio
992c8df0e8b732e82905c6c551cb8e8f,"Williamsburg,VA -> Charleston,SC",Williamsburg,VA,Virginia,Charleston,SC,South Carolina
ecd6287d6e99c7f71e618da542a8d2c8,"Timberville,VA -> Forest Park,GA",Timberville,VA,Virginia,Forest Park,GA,Georgia
7eafa7dbb2f0a01ca08218c9a7fc4cbf,"Etowah,TN -> Memphis,TN",Etowah,TN,Tennessee,Memphis,TN,Tennessee
9ad77f37e9be2795a878460558afe233,"San Antonio,TX -> Lowell,AR",San Antonio,TX,Texas,Lowell,AR,Arkansas
e3fc70b8fe786a0811c87c67a1f4b2e3,"Alton,IL -> Channahon,IL",Alton,IL,Illinois,Channahon,IL,Illinois
c202dab9bc603475affe192870827718,"Plant City,FL -> Schenectady,NY",Plant City,FL,Florida,Schenectady,NY,New York
2636fbbcff0994140c1bcace55198d22,"Granite City,IL -> Niagara,WI",Granite City,IL,Illinois,Niagara,WI,Wisconsin
633fc52121eccc4aad7843b77666e62a,"Erie,PA -> Perry,GA",Erie,PA,Pennsylvania,Perry,GA,Georgia
d15057122d5e36e73da2c24af50fd587,"Walled Lake,MI -> El Paso,TX",Walled Lake,MI,Michigan,El Paso,TX,Texas
515888c0f13490a3ac9fb742a641271a,"Cartersville,GA -> La Porte,TX",Cartersville,GA,Georgia,La Porte,TX,Texas
a6ebe9bd6b89ed42d5721ac59c6df3fe,"Paris,TN -> Brighton,MI",Paris,TN,Tennessee,Brighton,MI,Michigan
df06bbba0aa8f088ddd479b4cceb0a76,"Paris,TN -> Clinton,IA",Paris,TN,Tennessee,Clinton,IA,Iowa
277ebe21b847b688e230750ecdf3f237,"Colonial Heights,VA -> Philadelphia,PA",Colonial Heights,VA,Virginia,Philadelphia,PA,Pennsylvania
20ddd1e3f5fa5524734a053a0e11454e,"Edison,NJ -> Auburn,NY",Edison,NJ,New Jersey,Auburn,NY,New York
1cf141f3414be4bd16e5a08f51b33db1,"Wapakoneta,OH -> Canton,OH",Wapakoneta,OH,Ohio,Canton,OH,Ohio
f8edb1dbad65b633cbb1bbf7839c7c92,"Fort Collins,CO -> Durant,OK",Fort Collins,CO,Colorado,Durant,OK,Oklahoma
07ee7960162065579201de37d88d1020,"Granite City,IL -> Bardstown,KY",Granite City,IL,Illinois,Bardstown,KY,Kentucky
a034f7374d99c0e5d4a6849358deb7d7,"Erie,PA -> Baldwinsville,NY",Erie,PA,Pennsylvania,Baldwinsville,NY,New York
7cd0d9377b06e4fd731872adcfe69fba,"Lake Park,GA -> Hyattsville,MD",Lake Park,GA,Georgia,Hyattsville,MD,Maryland
463615a16cd9e2faacb78eaf6af970b4,"Erie,PA -> Milford,MA",Erie,PA,Pennsylvania,Milford,MA,Massachusetts
87c2f8647c412d1cbcbead24efa5c00f,"Medley,FL -> Richburg,SC",Medley,FL,Florida,Richburg,SC,South Carolina
213628640805fe9a680776d4e461ffcc,"Newark,NJ -> Lancaster,NY",Newark,NJ,New Jersey,Lancaster,NY,New York
e14dc757e23169830d5fe65335352f1f,"Jacksonville,FL -> Tampa,FL",Jacksonville,FL,Florida,Tampa,FL,Florida
66e4be5bf4d6f083e4444c677e66b65a,"Fort Collins,CO -> Sheridan,WY",Fort Collins,CO,Colorado,Sheridan,WY,Wyoming
4baa913f2bab02d936e711a29486f7a3,"Plant City,FL -> Claysburg,PA",Plant City,FL,Florida,Claysburg,PA,Pennsylvania
c92ff4c9b165dc8b439c52cfc0963705,"Granite City,IL -> Council Bluffs,IA",Granite City,IL,Illinois,Council Bluffs,IA,Iowa
2cea8e5aed962fdfc9801b3e49127002,"Newark,NJ -> Romney,WV",Newark,NJ,New Jersey,Romney,WV,West Virginia
b8699583f3c020e43b3cc35cfc8e1c4a,"Houston,TX -> Harpersville,AL",Houston,TX,Texas,Harpersville,AL,Alabama
946eee38f74fbdb7d12518b13b7613ed,"Sidney,OH -> Laceys Spring,AL",Sidney,OH,Ohio,Laceys Spring,AL,Alabama
39ad3b31fa33f4adb6caada106c74d23,"Fort Collins,CO -> Glasgow,MT",Fort Collins,CO,Colorado,Glasgow,MT,Montana
670023537be891409b3ec16b6085640e,"Newark,NJ -> Orange,CT",Newark,NJ,New Jersey,Orange,CT,Connecticut
3678d2ccdbfd0588d52f25c475270528,"Williamsburg,VA -> Saratoga Springs,NY",Williamsburg,VA,Virginia,Saratoga Springs,NY,New York
599c1b4d384efe05cccb9ab18d1469be,"West Palm Beach,FL -> Tampa,FL",West Palm Beach,FL,Florida,Tampa,FL,Florida
857eb2ec291c39abfb5499df68745d39,"Jamestown,NY -> Toledo,OH",Jamestown,NY,New York,Toledo,OH,Ohio
9e3c5dc7e1cb4c199f6f73e183fd20bb,"Fort Collins,CO -> Union Gap,WA",Fort Collins,CO,Colorado,Union Gap,WA,Washington
d2dfca7e57eb6fca25014ac491dbc386,"Los Angeles,CA -> Sparks,NV",Los Angeles,CA,California,Sparks,NV,Nevada
1d622c27eaa5eb84d305970663e0ef0f,"St. Louis,MO -> Traverse City,MI",St. Louis,MO,Missouri,Traverse City,MI,Michigan
547bf61de7de362e77fd9c7858a4475f,"Burlington,NC -> York,PA",Burlington,NC,North Carolina,York,PA,Pennsylvania
3f00c779226ab99a87bb6da0b207d02e,"Philadelphia,PA -> Seymour,CT",Philadelphia,PA,Pennsylvania,Seymour,CT,Connecticut
7f24e5b4807d2b241e163abb5dd177aa,"McAllen,TX -> Houston,TX",McAllen,TX,Texas,Houston,TX,Texas
17d7bee1c072f01dddaef238f7ed2bcc,"Santa Maria,CA -> Salt Lake City,UT",Santa Maria,CA,California,Salt Lake City,UT,Utah
89a5eec920ed1c35beaf1f41f727e643,"Watertown,WI -> Santa Ana,CA",Watertown,WI,Wisconsin,Santa Ana,CA,California
2fb00b09a2a9c0567360bf5ffd19bd6a,"Morris,IL -> Denison,TX",Morris,IL,Illinois,Denison,TX,Texas
e7c858209fce4208ff82e9af6f906699,"Erie,PA -> Portland,OR",Erie,PA,Pennsylvania,Portland,OR,Oregon
4ef8d679e6f8492bf1b765d89f16d817,"Santa Ana,CA -> McCook,IL",Santa Ana,CA,California,McCook,IL,Illinois
331daf4d3f22383cf7b74461ace6bd5d,"Cherry Hill,NJ -> North Kingstown,RI",Cherry Hill,NJ,New Jersey,North Kingstown,RI,Rhode Island
794497b58161d8823cb08c1da6ae0c23,"Poynette,WI -> Denver,CO",Poynette,WI,Wisconsin,Denver,CO,Colorado
e93a48371b696f1140b9912ae22f7053,"Nogales,AZ -> Spokane,WA",Nogales,AZ,Arizona,Spokane,WA,Washington
914cdda3d5f1be6f57c5523d16beb801,"Columbus,OH -> Marquette,MI",Columbus,OH,Ohio,Marquette,MI,Michigan
8b8bad46195a30cf913510e5d1145110,"Carlisle,PA -> Medford,MA",Carlisle,PA,Pennsylvania,Medford,MA,Massachusetts
512018c5b0a39098c3965a3e818da8d3,"Newark,NJ -> Oneonta,NY",Newark,NJ,New Jersey,Oneonta,NY,New York
2c224ad69ab3ec565af44e7b8b381bac,"Ocean Township,NJ -> Newark,NJ",Ocean Township,NJ,New Jersey,Newark,NJ,New Jersey
137166edd2c1236618e1ad230a19b7f7,"Vineland,NJ -> Portland,OR",Vineland,NJ,New Jersey,Portland,OR,Oregon
99bf7e354bbd3463b539501ed13990f3,"Williamsburg,VA -> Erie,PA",Williamsburg,VA,Virginia,Erie,PA,Pennsylvania
0df28d3cc2b406e184d89f7a8190d30e,"Saint Anthony,ID -> Orlando,FL",Saint Anthony,ID,Idaho,Orlando,FL,Florida
953345967fb9d8c9906ca66a2d43d1de,"Toledo,OH -> Portland,OR",Toledo,OH,Ohio,Portland,OR,Oregon
92e23fe22629231e852874370d87bbe8,"Whitakers,NC -> Laredo,TX",Whitakers,NC,North Carolina,Laredo,TX,Texas
a1db46f875f7e25ded832ec02b94f476,"Conover,NC -> Nogales,AZ",Conover,NC,North Carolina,Nogales,AZ,Arizona
e124d6014429354a9d3b37b4f6a37d50,"Erie,PA -> Columbus,OH",Erie,PA,Pennsylvania,Columbus,OH,Ohio
f799fde2c808ddd8879a485e2342e11f,"Fresno,CA -> Tolleson,AZ",Fresno,CA,California,Tolleson,AZ,Arizona
7eabfb43514035ff4e038954e5e645b0,"Tuscaloosa,AL -> Borden,IN",Tuscaloosa,AL,Alabama,Borden,IN,Indiana
fe97842cff20ee5898e76991b2c343bc,"1,LA -> Herculaneum,MO",1,LA,Louisiana,Herculaneum,MO,Missouri
b47138a7b103f5ebd98204025a75397f,"Denver,CO -> Lubbock,TX",Denver,CO,Colorado,Lubbock,TX,Texas
73915cb1c1bf77d8a2c6b72633e79964,"Granite City,IL -> Morrilton,AR",Granite City,IL,Illinois,Morrilton,AR,Arkansas
0f59aefd65a330a2765f1cece6c54aa9,"Cartersville,GA -> Midway,FL",Cartersville,GA,Georgia,Midway,FL,Florida
207d851ebbd743f3b024de58e799133a,"Cabazon,CA -> Tolleson,AZ",Cabazon,CA,California,Tolleson,AZ,Arizona
cb662faf19f6873049f1e1469ece65e9,"Lexington,KY -> Gastonia,NC",Lexington,KY,Kentucky,Gastonia,NC,North Carolina
9483d5d17d645058ebcd23a74d323b7f,"South Windsor,CT -> Baldwinsville,NY",South Windsor,CT,Connecticut,Baldwinsville,NY,New York
f055f1d4fc83d025884ada512befb42d,"Conover,NC -> Carrollton,GA",Conover,NC,North Carolina,Carrollton,GA,Georgia
d4a18417c5f2c0918adeef44d7c63906,"Dallas,TX -> Houston,TX",Dallas,TX,Texas,Houston,TX,Texas
95e85af70f57810782cc47c14443a10c,"Newark,NJ -> Melville,NY",Newark,NJ,New Jersey,Melville,NY,New York
2c3bf588179243f0c0c4c67ced816aef,"Los Angeles,CA -> Clifton,CO",Los Angeles,CA,California,Clifton,CO,Colorado
3e4d97570bf46bc6694bdabd890a123c,"Commerce,CA -> Brooklyn,NY",Commerce,CA,California,Brooklyn,NY,New York
7f5c7106f6cc22204040783bc25d771f,"Batavia,IL -> Swedesboro,NJ",Batavia,IL,Illinois,Swedesboro,NJ,New Jersey
35dbec033684e581af01964213472a7c,"Greeley,CO -> Houston,TX",Greeley,CO,Colorado,Houston,TX,Texas
3c1be0c2bb55e15a94bb64d285fb50f1,"Charleston,SC -> Swedesboro,NJ",Charleston,SC,South Carolina,Swedesboro,NJ,New Jersey
494a1229508ace99b1d5784147a948d8,"Plant City,FL -> Syracuse,NY",Plant City,FL,Florida,Syracuse,NY,New York
3bcb94d4e06288113d0c90036996be7c,"Aurora,CO -> Havre,MT",Aurora,CO,Colorado,Havre,MT,Montana
907c9d0f63accb51546621c6160fe40f,"Columbus,OH -> Chicopee,MA",Columbus,OH,Ohio,Chicopee,MA,Massachusetts
5122e184b14b0103513b1100a3be6843,"Aurora,CO -> Minot,ND",Aurora,CO,Colorado,Minot,ND,North Dakota
f2ff5e79467dce4dc3fa838e52445ab6,"Granite City,IL -> Fridley,MN",Granite City,IL,Illinois,Fridley,MN,Minnesota
35238bcc5aee93b90e14f8adf6a2efed,"Xenia,OH -> Memphis,TN",Xenia,OH,Ohio,Memphis,TN,Tennessee
f3b050d5d7d69470a26bb6f2c7438657,"Houston,TX -> Monroe,LA",Houston,TX,Texas,Monroe,LA,Louisiana
d6b331605a75a4065f86be76b85fffe9,"Tuscaloosa,AL -> Franklin,OH",Tuscaloosa,AL,Alabama,Franklin,OH,Ohio
fa650d79fab74dd2549bf5ffa079ce21,"Cartersville,GA -> Summit,MS",Cartersville,GA,Georgia,Summit,MS,Mississippi
cc3c602ee18bc0896418eba94bf5f751,"Conover,NC -> Paragould,AR",Conover,NC,North Carolina,Paragould,AR,Arkansas
012dc3a6e238afaa63524f2cd93481c3,"Wanaque,NJ -> Ocean City,NJ",Wanaque,NJ,New Jersey,Ocean City,NJ,New Jersey
a9551b17d8fb049692ca0d341576624a,"Mount Airy,NC -> Swedesboro,NJ",Mount Airy,NC,North Carolina,Swedesboro,NJ,New Jersey
bb74093e9efa9ee74fe852e462eeeb42,"Spindale,NC -> Sikeston,MO",Spindale,NC,North Carolina,Sikeston,MO,Missouri
c02db55be8cfb842252686d8bca90ccb,"Bridgewater,NJ -> Elgin,SC",Bridgewater,NJ,New Jersey,Elgin,SC,South Carolina
b664ce5042ade57fc45f70fab5fa0503,"Normal,IL -> Dowagiac,MI",Normal,IL,Illinois,Dowagiac,MI,Michigan
368ad65a96eeff9ea6195eae8966e9e8,"Pittston,PA -> Ephrata,PA",Pittston,PA,Pennsylvania,Ephrata,PA,Pennsylvania
28dddf4523e77401650855dafc82dd54,"Laredo,TX -> Memphis,TN",Laredo,TX,Texas,Memphis,TN,Tennessee
07a8117406b5ec41dbdd2c3baaedff4d,"Portland,OR -> Spokane Valley,WA",Portland,OR,Oregon,Spokane Valley,WA,Washington
591a8e40244058685f35327c400d1473,"Cartersville,GA -> Gainesville,FL",Cartersville,GA,Georgia,Gainesville,FL,Florida
0bfee1baaaf1736cd908f7199d8544c7,"Sinking Spring,PA -> Gouverneur,NY",Sinking Spring,PA,Pennsylvania,Gouverneur,NY,New York
d17b3a6ec0be414555c864650a4c90b5,"Paris,TN -> Gastonia,NC",Paris,TN,Tennessee,Gastonia,NC,North Carolina
5e8975188b471c86e297e14bf9562ce9,"Jacksonville,FL -> Columbia,SC",Jacksonville,FL,Florida,Columbia,SC,South Carolina
3f1f0167b0f692d1e5c2111f2904efd1,"Rancho Cucamonga,CA -> Laredo,TX",Rancho Cucamonga,CA,California,Laredo,TX,Texas
78b14140ee9b0218b8a922155c56edb5,"Brighton,MI -> Portland,OR",Brighton,MI,Michigan,Portland,OR,Oregon
c0ce404150b1ea1086547f0bd8444a01,"Baldwinsville,NY -> Medford,MA",Baldwinsville,NY,New York,Medford,MA,Massachusetts
72a7914a2bf8a874a6ea43e303b9d651,"Davenport,IA -> Gurnee,IL",Davenport,IA,Iowa,Gurnee,IL,Illinois
2e9cc774d6b8a7b033da926819409d57,"Kent,WA -> Pacific,WA",Kent,WA,Washington,Pacific,WA,Washington
504ad54ad3c8864e5a4a78c38ecc9644,"St. Louis,MO -> Monroe,LA",St. Louis,MO,Missouri,Monroe,LA,Louisiana
c2a7cd5feaf32d6d636c6a4dd4e918c2,"Philadelphia,PA -> Clinton,NY",Philadelphia,PA,Pennsylvania,Clinton,NY,New York
c38d6911b450cd8c69a92916f8a4f34b,"St. Louis,MO -> Ironwood,MI",St. Louis,MO,Missouri,Ironwood,MI,Michigan
d407afd7e7393bcbbf5672f33930bf5c,"Los Angeles,CA -> Carson City,NV",Los Angeles,CA,California,Carson City,NV,Nevada
637d040f6be52327dc1f9635a62e8c4e,"Baldwinsville,NY -> Jersey City,NJ",Baldwinsville,NY,New York,Jersey City,NJ,New Jersey
3e4edb6dad39c68c80a654f815ab64a9,"Atkins,VA -> Cleveland,NC",Atkins,VA,Virginia,Cleveland,NC,North Carolina
8be4a51a2323ca8d1d3b151540e7884b,"La Porte,TX -> Hot Springs Township,AR",La Porte,TX,Texas,Hot Springs Township,AR,Arkansas
67e735f86d47e49e8358fff4898ebd7d,"Philadelphia,PA -> Philadelphia,PA",Philadelphia,PA,Pennsylvania,Philadelphia,PA,Pennsylvania
33d3920e2ad231d7c4af0a0e7fae9ec6,"Houston,TX -> Llano,TX",Houston,TX,Texas,Llano,TX,Texas
cb12d779b2e27d23405735ae60ff52c5,"Modesto,CA -> Modesto,CA",Modesto,CA,California,Modesto,CA,California
0ed046625ba10586cd81957987a2cd20,"Brook Park,OH -> Reading,PA",Brook Park,OH,Ohio,Reading,PA,Pennsylvania
3eb5e2cc333b47569b4c05bb79024713,"Colonial Heights,VA -> Nottingham,MD",Colonial Heights,VA,Virginia,Nottingham,MD,Maryland
ec84e494675eff5d5c8681a6716e2faf,"Concord,NC -> Portland,OR",Concord,NC,North Carolina,Portland,OR,Oregon
ed61663d23f84f0e6450a477030db15c,"Newark,DE -> Portland,OR",Newark,DE,Delaware,Portland,OR,Oregon
96349169d5101dbf3fae898858534ec4,"Houston,TX -> Plant City,FL",Houston,TX,Texas,Plant City,FL,Florida
1c392eab5df1fb6e36b28700bbda7dfb,"Cartersville,GA -> Lumberton,NC",Cartersville,GA,Georgia,Lumberton,NC,North Carolina
0496a15b5f6208a5bde3d9a90d4266fc,"Johnston,RI -> Newark,NJ",Johnston,RI,Rhode Island,Newark,NJ,New Jersey
51d58467362de04f5d903c2b1bde194b,"Wilkes-Barre,PA -> Boca Raton,FL",Wilkes-Barre,PA,Pennsylvania,Boca Raton,FL,Florida
08704b1d697584a53aeed4bc2c59f1dc,"Fort Collins,CO -> Oklahoma City,OK",Fort Collins,CO,Colorado,Oklahoma City,OK,Oklahoma
f7f2fe928a34f9300425a945d6d84e2b,"Williamsburg,VA -> Pittsburgh,PA",Williamsburg,VA,Virginia,Pittsburgh,PA,Pennsylvania
c50c3ea6bf77d74ed30c87c077d03dd7,"Tuscaloosa,AL -> Cleveland,OH",Tuscaloosa,AL,Alabama,Cleveland,OH,Ohio
afd1cb0156d3f0a9771902b8b88b9147,"Plant City,FL -> Sioux City,IA",Plant City,FL,Florida,Sioux City,IA,Iowa
ea5588201813315b59e7c37e448625e7,"Baldwinsville,NY -> Patchogue,NY",Baldwinsville,NY,New York,Patchogue,NY,New York
3a6f8a9b8a12f7ac1a22747421281643,"Wilkes-Barre,PA -> Columbia,SC",Wilkes-Barre,PA,Pennsylvania,Columbia,SC,South Carolina
d3fb590e2c06173d55cc0320d12cc1f4,"Cartersville,GA -> Ocala,FL",Cartersville,GA,Georgia,Ocala,FL,Florida
e7af354943c2acb0b8f224351e7ad5dd,"Santa Ana,CA -> Modesto,CA",Santa Ana,CA,California,Modesto,CA,California
dd40aafdb2dadf3fa1ed229d692febc2,"Jacksonville,FL -> Opelika,AL",Jacksonville,FL,Florida,Opelika,AL,Alabama
0e18a7d0e1dd061e680340d230b489a9,"Atlanta,GA -> Gastonia,NC",Atlanta,GA,Georgia,Gastonia,NC,North Carolina
21b5b55141061c1e25b0e472880b1913,"Jacksonville,FL -> Birmingham,AL",Jacksonville,FL,Florida,Birmingham,AL,Alabama
38f5984c6eb67da3ddc93d740649e12b,"Granite City,IL -> Dowagiac,MI",Granite City,IL,Illinois,Dowagiac,MI,Michigan
fdaf88c39a11fab414de75329a734065,"La Porte,TX -> Houma,LA",La Porte,TX,Texas,Houma,LA,Louisiana
432ddfb52ebb4b3133e9a7ff033589a3,"Jacksonville,FL -> Piedmont,SC",Jacksonville,FL,Florida,Piedmont,SC,South Carolina
23a4018fc6d0a1483095cb4011a96df4,"Fairfield,CA -> Billings,MT",Fairfield,CA,California,Billings,MT,Montana
299aab659345f3a5e7d06e7fcd5a6ff9,"Romulus,MI -> Williamsburg,VA",Romulus,MI,Michigan,Williamsburg,VA,Virginia
f27a1595e9e0b65bceeb1aaa0148fe68,"Houston,TX -> St. Augustine,FL",Houston,TX,Texas,St. Augustine,FL,Florida
6ef0abf9852511c1926a1000ba90ba2e,"Williamsburg,VA -> Gaithersburg,MD",Williamsburg,VA,Virginia,Gaithersburg,MD,Maryland
e59fd44c88145e905417bc9ad088bb18,"Aurora,CO -> Jamestown,ND",Aurora,CO,Colorado,Jamestown,ND,North Dakota
b4b52fbf27119d0abf677c800d02761b,"Milwaukie,OR -> Portland,OR",Milwaukie,OR,Oregon,Portland,OR,Oregon
7754261c7cc0bc36715118a5385db043,"Bellevue,WA -> Ephrata,PA",Bellevue,WA,Washington,Ephrata,PA,Pennsylvania
5a912538b4f1a4563de3969e3c5c37dc,"Selah,WA -> Methuen,MA",Selah,WA,Washington,Methuen,MA,Massachusetts
d42bc531cafe74a6495e119ac28dfa40,"Fairfield,CA -> Miami,FL",Fairfield,CA,California,Miami,FL,Florida
28910ecdc3a708a67b55630ef7555d27,"Kendallville,IN -> Mount Holly,NC",Kendallville,IN,Indiana,Mount Holly,NC,North Carolina
d5798f34e5c6a76a5c7afa0581651a1d,"Los Angeles,CA -> Redding,CA",Los Angeles,CA,California,Redding,CA,California
bd9710e9c761fb612f23152cfdd450a3,"Cartersville,GA -> Johnson City,TN",Cartersville,GA,Georgia,Johnson City,TN,Tennessee
77adebff39555a741c0ee090a0a2efb2,"Kent,WA -> Auburn,WA",Kent,WA,Washington,Auburn,WA,Washington
30bc131ab7a63b4770f7b421b84756cd,"Fort Collins,CO -> Bangor,ME",Fort Collins,CO,Colorado,Bangor,ME,Maine
674bae3d8bb3f58f98ebe557bb0874bd,"Fairfield,CA -> Medford,OR",Fairfield,CA,California,Medford,OR,Oregon
1d4d090e2b788b84f8640e29942eabb6,"Zion,IL -> Detroit,MI",Zion,IL,Illinois,Detroit,MI,Michigan
2268ad0735c413c8d6e766d71245c4c4,"Eagan,MN -> Modesto,CA",Eagan,MN,Minnesota,Modesto,CA,California
e60d32200b46a992a036e81d78a09077,"Monte Vista,CO -> Plant City,FL",Monte Vista,CO,Colorado,Plant City,FL,Florida
38068726efaf9a59ab2da9af75854cc1,"Edison,NJ -> Yazoo City,MS",Edison,NJ,New Jersey,Yazoo City,MS,Mississippi
9086dd02ffce0b82983e68ee241b0ede,"Houston,TX -> Melbourne,FL",Houston,TX,Texas,Melbourne,FL,Florida
a7451fe59cd31797a065714127958214,"Granite City,IL -> Fayetteville,AR",Granite City,IL,Illinois,Fayetteville,AR,Arkansas
6c3d4bf256a07e9bf27806a2ba8a43be,"Colonial Heights,VA -> Orlando,FL",Colonial Heights,VA,Virginia,Orlando,FL,Florida
b472f3ba50a67e6708841b9366b7b174,"Baltimore,MD -> Lordstown,OH",Baltimore,MD,Maryland,Lordstown,OH,Ohio
df7ee8efd3db3619bf43f93dc7833331,"St. Louis,MO -> Leesville,LA",St. Louis,MO,Missouri,Leesville,LA,Louisiana
d9cd3b635f9d8d1bffb545439463c4b9,"New York,NY -> Watervliet,NY",New York,NY,New York,Watervliet,NY,New York
b8b5f5b9b36d0975038216516f5df331,"St. Louis,MO -> Jamestown,ND",St. Louis,MO,Missouri,Jamestown,ND,North Dakota
b2098f6c9853aaff617c31cfb55e1e88,"Fort Collins,CO -> Grand Rapids,MI",Fort Collins,CO,Colorado,Grand Rapids,MI,Michigan
c13bb52941e8a7a3a9ca678f74a8f7e2,"Little Falls,NY -> Baldwinsville,NY",Little Falls,NY,New York,Baldwinsville,NY,New York
9ff8557cbd4dd9775099e68111cbd148,"Wanaque,NJ -> Olean,NY",Wanaque,NJ,New Jersey,Olean,NY,New York
57bc42e6a8fb19c8368e4beb12f02f04,"Timberville,VA -> Pompano Beach,FL",Timberville,VA,Virginia,Pompano Beach,FL,Florida
80bc7a89aac3cd7287ecedc447d7b9cd,"Newark,NJ -> Merrimack,NH",Newark,NJ,New Jersey,Merrimack,NH,New Hampshire
736739ace503273dd34a5ceef0858232,"Atlanta,GA -> Ephrata,PA",Atlanta,GA,Georgia,Ephrata,PA,Pennsylvania
3ae0780c8179ccf3925f8b8e2e7531c4,"Reidsville,NC -> Edison,NJ",Reidsville,NC,North Carolina,Edison,NJ,New Jersey
363f3409f283dcdcbf24fe325ac94036,"Oxnard,CA -> Tolleson,AZ",Oxnard,CA,California,Tolleson,AZ,Arizona
98f23fb31c23a89acb4ebb73a319d8ce,"Laredo,TX -> Waco,TX",Laredo,TX,Texas,Waco,TX,Texas
a847abef62b7aa852f1218231830c878,"Breinigsville,PA -> Upper Marlboro,MD",Breinigsville,PA,Pennsylvania,Upper Marlboro,MD,Maryland
4ec4017b3c52f9e108d4f52cde285082,"Medley,FL -> Orlando,FL",Medley,FL,Florida,Orlando,FL,Florida
3c2f607fd6b347bc400ddcae5f051ea1,"Carson,CA -> McDonough,GA",Carson,CA,California,McDonough,GA,Georgia
fea6a219bf097a6a9a44d30e451849ae,"Fort Collins,CO -> Upper Marlboro,MD",Fort Collins,CO,Colorado,Upper Marlboro,MD,Maryland
15998472f3cab882a24fbd40e49b4acf,"Sioux City,IA -> Northfield,MN",Sioux City,IA,Iowa,Northfield,MN,Minnesota
fdf791857a58ee699534cd1ecf3dc506,"Conover,NC -> Florence,AL",Conover,NC,North Carolina,Florence,AL,Alabama
24a8c0622919785865a3db574228f963,"Newark,NJ -> Leetsdale,PA",Newark,NJ,New Jersey,Leetsdale,PA,Pennsylvania
21f3c822a60abe5f2debbcc116875279,"Cranbury Township,NJ -> Annapolis,MD",Cranbury Township,NJ,New Jersey,Annapolis,MD,Maryland
f8ac6091e175b50cdf1d23502f4b560a,"Plant City,FL -> Commerce,GA",Plant City,FL,Florida,Commerce,GA,Georgia
bb27f9250296d697c5f81ce7cd32249c,"Cartersville,GA -> Attalla,AL",Cartersville,GA,Georgia,Attalla,AL,Alabama
96589fb3f694b523ea934e01b5b11563,"Edmond,OK -> Roanoke,TX",Edmond,OK,Oklahoma,Roanoke,TX,Texas
ce6ac0c0267ff647dc7e886fdd506352,"Jacksonville,FL -> Myrtle Beach,SC",Jacksonville,FL,Florida,Myrtle Beach,SC,South Carolina
209d67917368d58ba3dc94fef60afc9a,"St. Louis,MO -> Dundas,MN",St. Louis,MO,Missouri,Dundas,MN,Minnesota
38e8e0d47bf98c251e3d1381d47f8e15,"Tracy,CA -> Tolleson,AZ",Tracy,CA,California,Tolleson,AZ,Arizona
820ecaae1119863d6c026333d1b48d9f,"Pleasant Prairie,WI -> Cartersville,GA",Pleasant Prairie,WI,Wisconsin,Cartersville,GA,Georgia
e3a5319075f58eda016218ced7cfaab1,"Plant City,FL -> Queens,NY",Plant City,FL,Florida,Queens,NY,New York
b223b1ae73900b7825719fcbdfe570ef,"Granite City,IL -> Seneca,KS",Granite City,IL,Illinois,Seneca,KS,Kansas
940baa6682b68df7f50547a552968f82,"St. Louis,MO -> La Vergne,TN",St. Louis,MO,Missouri,La Vergne,TN,Tennessee
13c5456a59a57dcaf00e421a63395c7c,"Houston,TX -> Hot Springs,AR",Houston,TX,Texas,Hot Springs,AR,Arkansas
48c6e9ed9743f138adca129e3b662006,"Narvon,PA -> Philadelphia,PA",Narvon,PA,Pennsylvania,Philadelphia,PA,Pennsylvania
bcaccd253c43a1d0b31536f9639a1ef4,"Broadalbin,NY -> Frankfort,NY",Broadalbin,NY,New York,Frankfort,NY,New York
34efc9f0ef30d68ca583cf564caa6c10,"Mount Vernon,OH -> Botkins,OH",Mount Vernon,OH,Ohio,Botkins,OH,Ohio
3a5d43a3cb132cfcbd4a604d788e42ba,"Fort Collins,CO -> Steamboat Springs,CO",Fort Collins,CO,Colorado,Steamboat Springs,CO,Colorado
7a134504a7313f585a4011146d3f344b,"Tampa,FL -> La Palma,CA",Tampa,FL,Florida,La Palma,CA,California
bff217f398989b4cd88db941a43b40f0,"Compton,CA -> Sacramento,CA",Compton,CA,California,Sacramento,CA,California
5e38fdc5409d9a0ee3b93e228dd57c35,"Chatsworth,IL -> Roseboro,NC",Chatsworth,IL,Illinois,Roseboro,NC,North Carolina
c90eb4f1c23f2c87184ccc6c331e941a,"Jacksonville,FL -> Colonial Heights,VA",Jacksonville,FL,Florida,Colonial Heights,VA,Virginia
3910256bb9b8371218936eb1123e55cd,"Fort Collins,CO -> Wichita Falls,TX",Fort Collins,CO,Colorado,Wichita Falls,TX,Texas
f8dd58b6c98b2f24e9306cb7a5e44ebe,"Granite City,IL -> Aurora,IN",Granite City,IL,Illinois,Aurora,IN,Indiana
31c1841ec55c9abc4675a2b6feabe87d,"Porterville,CA -> Garden Grove,CA",Porterville,CA,California,Garden Grove,CA,California
d700194653a37edfc7aa99a83b264141,"Columbus,OH -> Baldwinsville,NY",Columbus,OH,Ohio,Baldwinsville,NY,New York
de91311bde2a49b63ac22a53231d9884,"Los Angeles,CA -> Aurora,CO",Los Angeles,CA,California,Aurora,CO,Colorado
f2e1b7b3a477cb582a0821f22837e0b6,"Franklin,VA -> Bringhurst,IN",Franklin,VA,Virginia,Bringhurst,IN,Indiana
a04b0394db5d5ca1e7d2a3e2053b1e8b,"St. Louis,MO -> Bowling Green,KY",St. Louis,MO,Missouri,Bowling Green,KY,Kentucky
5c11e38ea14e80fb6a3b4f82386ac8cf,"Romulus,MI -> Toledo,OH",Romulus,MI,Michigan,Toledo,OH,Ohio
d55354aeec2cf8604cb9857444d1b78a,"Bridgewater,NJ -> Woodlawn,MD",Bridgewater,NJ,New Jersey,Woodlawn,MD,Maryland
f2d9d9cc2c0e929cfec5f55c796fe8f1,"Decatur,IN -> Portland,OR",Decatur,IN,Indiana,Portland,OR,Oregon
33090484225ec78c00dc72bb6a5c46d7,"Newark,NJ -> Norcross,GA",Newark,NJ,New Jersey,Norcross,GA,Georgia
1472e71e0dfbecec547e73f5ab73035d,"Fort Collins,CO -> Minot,ND",Fort Collins,CO,Colorado,Minot,ND,North Dakota
9cdcb0009d5c3ebce81ceaa8d2016205,"Wapato,WA -> Methuen,MA",Wapato,WA,Washington,Methuen,MA,Massachusetts
71f39ce206f96da0296d4637cc13dbd1,"Fairfield,CA -> Cartersville,GA",Fairfield,CA,California,Cartersville,GA,Georgia
7bd1359f1f4ef565b0bc85cadbf14a44,"Houston,TX -> Leonardtown,MD",Houston,TX,Texas,Leonardtown,MD,Maryland
6fcd3cc2e0295785d304e0b37c17dda5,"Dunn,NC -> Moonachie,NJ",Dunn,NC,North Carolina,Moonachie,NJ,New Jersey
467ef44c2ef5fa195cff42ba228740a0,"Dallas,TX -> Davenport,IA",Dallas,TX,Texas,Davenport,IA,Iowa
d6ef60c08a5acc3fbddfe3f3486d3cf1,"Jacksonville,FL -> Charlotte,NC",Jacksonville,FL,Florida,Charlotte,NC,North Carolina
1239a73f8c0d6e983c1f0fdbe6e8110c,"Colonial Heights,VA -> Upper Marlboro,MD",Colonial Heights,VA,Virginia,Upper Marlboro,MD,Maryland
f30cdba93c6f52ff4abbecd030e49b0d,"Pine Mountain Valley,GA -> Gastonia,NC",Pine Mountain Valley,GA,Georgia,Gastonia,NC,North Carolina
d019aa2e5cdd098f524df2506a4ca28c,"Fort Collins,CO -> Pueblo,CO",Fort Collins,CO,Colorado,Pueblo,CO,Colorado
280947c10aef825838fb76ae6f5a277b,"Taft,CA -> Pacific,WA",Taft,CA,California,Pacific,WA,Washington
adf8d767339d710fefd48460099e3aab,"Fairfield,CA -> Kalispell,MT",Fairfield,CA,California,Kalispell,MT,Montana
455a0f37489f61a99bcd9359ea7b980d,"Connelly Springs,NC -> Warren,OH",Connelly Springs,NC,North Carolina,Warren,OH,Ohio
0439dc7081e146508f1b591c6d697aec,"Newark,NJ -> Granite City,IL",Newark,NJ,New Jersey,Granite City,IL,Illinois
16173248ee368dc26f702fc79e687552,"Colonial Heights,VA -> Bridgeport,WV",Colonial Heights,VA,Virginia,Bridgeport,WV,West Virginia
57ab7e756f693c6e5449a60c401a75f8,"Cartersville,GA -> Bardstown,KY",Cartersville,GA,Georgia,Bardstown,KY,Kentucky
118bb2c8a7b709427d6126bdf73803e6,"Freeport,NY -> Brooklyn,NY",Freeport,NY,New York,Brooklyn,NY,New York
f482bac2c0864479ea3cbd0949d5099c,"Brooklyn Park,MN -> Tampa,FL",Brooklyn Park,MN,Minnesota,Tampa,FL,Florida
679002906b0b78dfc30274e01f63f01b,"Newark,NJ -> Cranston,RI",Newark,NJ,New Jersey,Cranston,RI,Rhode Island
72376df9deaafd046a7e5b7210524ba8,"Wanaque,NJ -> Rochester,NY",Wanaque,NJ,New Jersey,Rochester,NY,New York
9835a15f0490439e26efbfce334de78f,"Philadelphia,PA -> Florence,SC",Philadelphia,PA,Pennsylvania,Florence,SC,South Carolina
4067b8d54261c1710510a35efc65a84d,"Newark,NJ -> Olean,NY",Newark,NJ,New Jersey,Olean,NY,New York
079fde720368efd3e57f5f87dfe29ffa,"Stowe,PA -> Chapel Hill,TN",Stowe,PA,Pennsylvania,Chapel Hill,TN,Tennessee
0fcecd5d36c82d01b98e7eb374cb6093,"Lost Hills,CA -> Pacific,WA",Lost Hills,CA,California,Pacific,WA,Washington
c046024102ef4ce839dfb189dd268b67,"Newark,NJ -> Homestead,FL",Newark,NJ,New Jersey,Homestead,FL,Florida
de1d99d3e66288853cc55fd798e4b8cd,"Bridgewater,NJ -> Rayne,LA",Bridgewater,NJ,New Jersey,Rayne,LA,Louisiana
5987f61e37c21f69b98ebddddc46b0f2,"Merrimack,NH -> Elizabeth City,NC",Merrimack,NH,New Hampshire,Elizabeth City,NC,North Carolina
847233fe7bb661b8ee78d1ba3cd546cd,"Compton,CA -> Tracy,CA",Compton,CA,California,Tracy,CA,California
129d2c239f3e5248ed4d29d3f89ac093,"Colonial Heights,VA -> Loxley,AL",Colonial Heights,VA,Virginia,Loxley,AL,Alabama
14ba76a3117166010fb13c022fcc81ab,"Aurora,CO -> Miles City,MT",Aurora,CO,Colorado,Miles City,MT,Montana
2a58aa223a29b62bfb4cecd74570532b,"Newark,NJ -> Auburn,NY",Newark,NJ,New Jersey,Auburn,NY,New York
7105c2a0f21577cf2790544efcfab608,"Brighton,MI -> Laredo,TX",Brighton,MI,Michigan,Laredo,TX,Texas
2642e35b95818f911e92433a137898a0,"Granite City,IL -> Marquette,MI",Granite City,IL,Illinois,Marquette,MI,Michigan
ff96425c631cd95437833134d815be56,"Lebanon,IN -> York,PA",Lebanon,IN,Indiana,York,PA,Pennsylvania
b76ca160dfd774a6d3ff3dec960fff43,"Flowery Branch,GA -> Canton,OH",Flowery Branch,GA,Georgia,Canton,OH,Ohio
6474dd361b394d9d8cf937ea9bd11196,"Denver,CO -> Layton,UT",Denver,CO,Colorado,Layton,UT,Utah
d5c3aaa7f34139da25ff697a924d563b,"Tracy,CA -> Hebron,KY",Tracy,CA,California,Hebron,KY,Kentucky
71ff64590f379fc03f2eca3ab29d342b,"Fort Collins,CO -> Texarkana,TX",Fort Collins,CO,Colorado,Texarkana,TX,Texas
d59a7fece673c8a30a7cc091110a4594,"Granite City,IL -> Kokomo,IN",Granite City,IL,Illinois,Kokomo,IN,Indiana
ecbf839fe004f5482d4fbd38690b03a0,"Williamsburg,VA -> Trenton,NJ",Williamsburg,VA,Virginia,Trenton,NJ,New Jersey
94d0ab4ab26881f0e0404cb391faaff0,"Aurora,CO -> Kalispell,MT",Aurora,CO,Colorado,Kalispell,MT,Montana
4e1e6cba6f2215dd5389b232a1dea2ab,"Carlisle,PA -> Manchester,CT",Carlisle,PA,Pennsylvania,Manchester,CT,Connecticut
b5b0a3af53d18f4267f08f74e63132ed,"Davenport,IA -> Columbus,OH",Davenport,IA,Iowa,Columbus,OH,Ohio
645ba85d6298fe7d1a877a7cc48fb278,"Baldwinsville,NY -> Cody,WY",Baldwinsville,NY,New York,Cody,WY,Wyoming
8d066079e7344ee25e59e908e81cf318,"Sioux City,IA -> Danville,IL",Sioux City,IA,Iowa,Danville,IL,Illinois
9352d8c5829e4190a366aeaa6b201dd6,"Nashville,TN -> Laceys Spring,AL",Nashville,TN,Tennessee,Laceys Spring,AL,Alabama
3de716c4c1370baf8dc7a4f92211614a,"Newark,NJ -> Schofield,WI",Newark,NJ,New Jersey,Schofield,WI,Wisconsin
a9b339111711ad99b8419d3ba47485de,"Compton,CA -> Forest Park,GA",Compton,CA,California,Forest Park,GA,Georgia
73b41ea6f172a586c823f04baccab9c9,"St. Louis,MO -> Beaumont,TX",St. Louis,MO,Missouri,Beaumont,TX,Texas
605037fb1db794102beae68230963474,"Cartersville,GA -> Saint Augustine,FL",Cartersville,GA,Georgia,Saint Augustine,FL,Florida
cea3cdc3287048e0c581e35b44056019,"La Porte,TX -> Lake Charles,LA",La Porte,TX,Texas,Lake Charles,LA,Louisiana
8879b3568cc79ebd1116774155e81a06,"Cartersville,GA -> Savannah,GA",Cartersville,GA,Georgia,Savannah,GA,Georgia
a8b67f4b8ac63c94cd3293cc597a59a0,"Columbus,OH -> Muscle Shoals,AL",Columbus,OH,Ohio,Muscle Shoals,AL,Alabama
22e173b5af40d82a367f37136dc8b2de,"Portland,OR -> Auburn,WA",Portland,OR,Oregon,Auburn,WA,Washington
851c1985d1d77b7d1c96701bf757779f,"Cartersville,GA -> Knoxville,TN",Cartersville,GA,Georgia,Knoxville,TN,Tennessee
33347e97720c9781ee4264fbb090adbf,"Lewistown,PA -> Baldwinsville,NY",Lewistown,PA,Pennsylvania,Baldwinsville,NY,New York
9391db76321267a329d3f3e46a64a57d,"Bridgewater,NJ -> San Antonio,TX",Bridgewater,NJ,New Jersey,San Antonio,TX,Texas
007b894660328c2b4719ff57a6225e98,"Bolingbrook,IL -> Memphis,TN",Bolingbrook,IL,Illinois,Memphis,TN,Tennessee
a83a33b90162895717d9a5d3d242c0fc,"Idaho Falls,ID -> Spokane,WA",Idaho Falls,ID,Idaho,Spokane,WA,Washington
44df7cdb09f28fa73fe992156e60ac62,"Newark,NJ -> Grand Rapids,MI",Newark,NJ,New Jersey,Grand Rapids,MI,Michigan
4b727412178807d82e4dc3a45e874c7e,"Fairfield,CA -> South San Francisco,CA",Fairfield,CA,California,South San Francisco,CA,California
8b8e94134011c400a4c73478684f495f,"Stamford,CT -> Newark,NJ",Stamford,CT,Connecticut,Newark,NJ,New Jersey
d524d63d2df4da345034e00df56a9156,"Dublin,VA -> Laredo,TX",Dublin,VA,Virginia,Laredo,TX,Texas
94268fc341c1e4cac0da7713ce10bc2e,"Saint Anthony,ID -> Bancroft,WI",Saint Anthony,ID,Idaho,Bancroft,WI,Wisconsin
f8035e46c1de92ff8a3a7d34effce7ba,"Sioux City,IA -> Bolingbrook,IL",Sioux City,IA,Iowa,Bolingbrook,IL,Illinois
dbcaaabddd7b29bef93cc340bf2ef975,"Aurora,CO -> Mobridge,SD",Aurora,CO,Colorado,Mobridge,SD,South Dakota
f9b3eaabc5c53a29178f1530d6a003f4,"Naperville,IL -> Memphis,TN",Naperville,IL,Illinois,Memphis,TN,Tennessee
9ff013ab5aa295482fcd05a51f41a600,"Idaho Falls,ID -> Tracy,CA",Idaho Falls,ID,Idaho,Tracy,CA,California
a6b7d2bb37c76ae05c527da8c2cad26c,"St. Louis,MO -> Youngstown,OH",St. Louis,MO,Missouri,Youngstown,OH,Ohio
28bb11701d8cd7746f17c4ce922c9aa1,"Idaho Falls,ID -> Auburn,WA",Idaho Falls,ID,Idaho,Auburn,WA,Washington
4bc0ae7d2dc18cebee017de129c95896,"Carlisle,PA -> Newark,NJ",Carlisle,PA,Pennsylvania,Newark,NJ,New Jersey
5b4d434baf05e76ccc487e3c4aa80ddc,"Jacksonville,FL -> Loxley,AL",Jacksonville,FL,Florida,Loxley,AL,Alabama
6170f2570482309f46a7f0cf295cde8e,"St. Louis,MO -> Dowagiac,MI",St. Louis,MO,Missouri,Dowagiac,MI,Michigan
8cbc10975125023c36bf9f5308f151b7,"Raleigh,NC -> Gastonia,NC",Raleigh,NC,North Carolina,Gastonia,NC,North Carolina
73ce0fc62c36f7202be9f2d4079f8054,"Johnstown,PA -> Baldwinsville,NY",Johnstown,PA,Pennsylvania,Baldwinsville,NY,New York
46b6788f4dc228bfe2f30fa7a1121755,"Compton,CA -> Commerce,GA",Compton,CA,California,Commerce,GA,Georgia
42ce4d4367ecabece08825c62c75841f,"Plant City,FL -> Eugene,OR",Plant City,FL,Florida,Eugene,OR,Oregon
13119e7a5337ab153e51e3733ae6f9f9,"Lewisville,ID -> Tolleson,AZ",Lewisville,ID,Idaho,Tolleson,AZ,Arizona
5ba094d30cce5900ebd84b6f1f7dd181,"Oxnard,CA -> Eagan,MN",Oxnard,CA,California,Eagan,MN,Minnesota
e98f070daf8254b12af837f98f4e7c8e,"Fort Collins,CO -> Miles City,MT",Fort Collins,CO,Colorado,Miles City,MT,Montana
072ed093875487cda67142a35eee9da4,"St. Louis,MO -> Olive Branch,MS",St. Louis,MO,Missouri,Olive Branch,MS,Mississippi
3c0c8dcc74a432738f517556a28603e0,"Newport,TN -> Laceys Spring,AL",Newport,TN,Tennessee,Laceys Spring,AL,Alabama
f81bc215566a3cef2fcf30ee23561eab,"Lakeland,FL -> Piedmont,SC",Lakeland,FL,Florida,Piedmont,SC,South Carolina
2f2f287881e60c361dbebe7f7b5643ef,"St. Louis,MO -> Albert Lea,MN",St. Louis,MO,Missouri,Albert Lea,MN,Minnesota
b26a1a6fe73cce11cfdc99106e8dc632,"Erie,PA -> Cartersville,GA",Erie,PA,Pennsylvania,Cartersville,GA,Georgia
7355dfca1008b235cdc7684406702afe,"Pocomoke City,MD -> Rockville,MD",Pocomoke City,MD,Maryland,Rockville,MD,Maryland
db1c1aa8db3c804c5a3d2ebcf4314ad4,"Atlanta,GA -> Morrow,GA",Atlanta,GA,Georgia,Morrow,GA,Georgia
789cb247ebd4618ba193afc87278f181,"Kansas City,MO -> Troy,MO",Kansas City,MO,Missouri,Troy,MO,Missouri
7af007eca17e4634247e2f5e841308c5,"Elk Grove,CA -> Commerce,CA",Elk Grove,CA,California,Commerce,CA,California
412a5cdf4d5038138854e73b9b905d61,"Casa Grande,AZ -> Commerce,CA",Casa Grande,AZ,Arizona,Commerce,CA,California
f075d79e97cde23b1128e8c47e2bc90a,"Hackettstown,NJ -> Long Branch,NJ",Hackettstown,NJ,New Jersey,Long Branch,NJ,New Jersey
720bd498b7e3a4cdf4411da76cc91969,"Lebanon,IN -> Auburn,NY",Lebanon,IN,Indiana,Auburn,NY,New York
163692e3c17643006efeb30e9cf990a1,"Colonial Heights,VA -> Bristol,VA",Colonial Heights,VA,Virginia,Bristol,VA,Virginia
7c97744fb47d0437495f3978666f2a75,"Fairfield,CA -> Eugene,OR",Fairfield,CA,California,Eugene,OR,Oregon
f0375046eb228f369c75e29afae69e83,"Delray Beach,FL -> Asheboro,NC",Delray Beach,FL,Florida,Asheboro,NC,North Carolina
6b62acb0b0b4b8f96d2718b1bb7c4250,"Christiansburg,VA -> Columbus,OH",Christiansburg,VA,Virginia,Columbus,OH,Ohio
31d46feda8118a8f92eb201710376d3b,"Lancaster,PA -> Newark,NJ",Lancaster,PA,Pennsylvania,Newark,NJ,New Jersey
bfbb9777164634ebe070aff9cb683f8c,"New Castle,DE -> Midlothian,VA",New Castle,DE,Delaware,Midlothian,VA,Virginia
c840f0124d34056eb7b5747e25400110,"Laredo,TX -> Troy,AL",Laredo,TX,Texas,Troy,AL,Alabama
77a165b9310a8edf66d247daaeec3cdb,"Baldwinsville,NY -> Clifton,CO",Baldwinsville,NY,New York,Clifton,CO,Colorado
ba107c2fe06092142244c4b447e02101,"Rensselaer,IN -> Swedesboro,NJ",Rensselaer,IN,Indiana,Swedesboro,NJ,New Jersey
66493006008e3d0c4367dc8ab8616fc0,"St. Louis,MO -> Longview,TX",St. Louis,MO,Missouri,Longview,TX,Texas
85c6b1884c126b0ccd4b42b95cf69304,"Cartersville,GA -> Meridian,MS",Cartersville,GA,Georgia,Meridian,MS,Mississippi
1479a6f35d2880b902a1db20cddf2773,"Cartersville,GA -> Forest Park,GA",Cartersville,GA,Georgia,Forest Park,GA,Georgia
0beeb5147b1aacd7f5765d16b76d0224,"Santa Ana,CA -> Portland,OR",Santa Ana,CA,California,Portland,OR,Oregon
f2661026bca15b97dbe9e7e06522e881,"Toledo,OH -> Memphis,TN",Toledo,OH,Ohio,Memphis,TN,Tennessee
9031f99dd5c99c2e6577ee0cc4aa0640,"Hawkins,TX -> Canton,OH",Hawkins,TX,Texas,Canton,OH,Ohio
15a5b9dac308cb0815037821d80bb2af,"Oxnard,CA -> Irvine,CA",Oxnard,CA,California,Irvine,CA,California
826fb5ca542c23fb5ca3fd62d1b3d8d3,"La Porte,TX -> Shreveport,LA",La Porte,TX,Texas,Shreveport,LA,Louisiana
2e5a0f390de3343c625e36e5b2c2763d,"Xenia,OH -> Wood Dale,IL",Xenia,OH,Ohio,Wood Dale,IL,Illinois
645c95f22b3c621b3a2574c8847b8651,"Linden,NJ -> Frederick,MD",Linden,NJ,New Jersey,Frederick,MD,Maryland
81992d6540b124e9b8564920dd994603,"Shafter,CA -> Plant City,FL",Shafter,CA,California,Plant City,FL,Florida
e3722fa3aeeff7a4a7362abbc2d9cb79,"Johnstown,CO -> Greenville,SC",Johnstown,CO,Colorado,Greenville,SC,South Carolina
21c53d47827717494a06d5eb54363de2,"Fairfield,CA -> Union Gap,WA",Fairfield,CA,California,Union Gap,WA,Washington
c9183fdbe25e3b4bc152fd11ab8b8efd,"Granite City,IL -> Beloit,KS",Granite City,IL,Illinois,Beloit,KS,Kansas
0c6fd5544ff0a5bd198c0315c96b09c2,"Granite City,IL -> Saint Paul,MN",Granite City,IL,Illinois,Saint Paul,MN,Minnesota
0ce1af4d965114cfda35ad3dc8d20385,"Houston,TX -> Natchitoches,LA",Houston,TX,Texas,Natchitoches,LA,Louisiana
d1c633ac9719d0c2ef55c2d558e8be3f,"Rio Rico,AZ -> Los Angeles,CA",Rio Rico,AZ,Arizona,Los Angeles,CA,California
f753473744354e7831aaa5f620b77c39,"Shippensburg,PA -> Upper Marlboro,MD",Shippensburg,PA,Pennsylvania,Upper Marlboro,MD,Maryland
78883ef3dfb18a2bcfca2dc47bce7603,"Vineland,NJ -> Canby,OR",Vineland,NJ,New Jersey,Canby,OR,Oregon
691eb9937c5fff292537ed3fb23dddc0,"Baldwinsville,NY -> Santa Fe Springs,CA",Baldwinsville,NY,New York,Santa Fe Springs,CA,California
37a4943d42ef2ce3fd4a5d9b0df46ddc,"Baldwinsville,NY -> Goldsboro,NC",Baldwinsville,NY,New York,Goldsboro,NC,North Carolina
7d1218087dec1a1caf018c9e5134a17d,"Beaumont,CA -> Tolleson,AZ",Beaumont,CA,California,Tolleson,AZ,Arizona
ecdc89134e4db8cb618cda40861795d7,"Livermore,CA -> Gardena,CA",Livermore,CA,California,Gardena,CA,California
a443c55e59322d50a6dc7f1a5caa52d7,"La Pine,OR -> Methuen,MA",La Pine,OR,Oregon,Methuen,MA,Massachusetts
6877f798406704c0d07d21f0cfb034c7,"Williams,MN -> Elmer,NJ",Williams,MN,Minnesota,Elmer,NJ,New Jersey
ac97721f8e69a2f42ad6459033a29c29,"Joplin,MO -> Athens,TN",Joplin,MO,Missouri,Athens,TN,Tennessee
e668076406b0fc32dd43d94cabf35839,"La Porte,TX -> San Antonio,TX",La Porte,TX,Texas,San Antonio,TX,Texas
62e5b5ed1d6a8785b3e2ca1856ac1bf1,"Parma,OH -> Mount Vernon,OH",Parma,OH,Ohio,Mount Vernon,OH,Ohio
a040838993eb0c22267abb94a59e9904,"Williams,MN -> Coloma,WI",Williams,MN,Minnesota,Coloma,WI,Wisconsin
f8b908e7e4725e42b124036ba26f08d4,"Cartersville,GA -> Richland,MS",Cartersville,GA,Georgia,Richland,MS,Mississippi
3f91f32d9e7fb0e95f30f22a79b7b3c1,"Green Bay,WI -> Newark,NJ",Green Bay,WI,Wisconsin,Newark,NJ,New Jersey
7400a3212667c0c8c64ce142ce55df9d,"Fort Collins,CO -> Hayden,ID",Fort Collins,CO,Colorado,Hayden,ID,Idaho
e06b6141b7ed66447ba1a993e4d488c4,"Columbus,OH -> Peoria,IL",Columbus,OH,Ohio,Peoria,IL,Illinois
f53e4e5fc09a1009b654e3310d594f5d,"Williamsburg,VA -> Nottingham,MD",Williamsburg,VA,Virginia,Nottingham,MD,Maryland
8cc1f48bc4d97844da3d92d9ebd6837f,"Jacksonville,FL -> LaGrange,GA",Jacksonville,FL,Florida,LaGrange,GA,Georgia
b374ec757cf954f7f0979914a5a23e0a,"Charlotte,NC -> Memphis,TN",Charlotte,NC,North Carolina,Memphis,TN,Tennessee
104d9032ce7d0bafcc8f0ef031e47b6a,"Colonial Heights,VA -> Wilmington,NC",Colonial Heights,VA,Virginia,Wilmington,NC,North Carolina
533a09dace1ee53319a4612604d4e78f,"Davenport,IA -> Normal,IL",Davenport,IA,Iowa,Normal,IL,Illinois
7e63f09769934cb0b0cba7b6066dee9c,"St. Louis,MO -> Jacksonville,FL",St. Louis,MO,Missouri,Jacksonville,FL,Florida
d53db10a5a016828bd186c3239d6c1f2,"Salisbury,NC -> Memphis,TN",Salisbury,NC,North Carolina,Memphis,TN,Tennessee
f9ade55b42d96fd0c373fd3f6edf6eee,"Laredo,TX -> Muenster,TX",Laredo,TX,Texas,Muenster,TX,Texas
1505830a23f040ebc8719f0f6835e19e,"Wilkes-Barre,PA -> Port Orange,FL",Wilkes-Barre,PA,Pennsylvania,Port Orange,FL,Florida
0959512bdcf6d5fc2454f10fb390020e,"Williamsburg,VA -> Goldsboro,NC",Williamsburg,VA,Virginia,Goldsboro,NC,North Carolina
43e98f8616d8845cd0ceaf3ae8f7af9e,"St. Louis,MO -> Pueblo,CO",St. Louis,MO,Missouri,Pueblo,CO,Colorado
55d91e406ea27d4efa4ec861db92a7a9,"St. Louis,MO -> Alexandria,LA",St. Louis,MO,Missouri,Alexandria,LA,Louisiana
d2ed723451e90d8211b6c675ad6e1a5c,"Romeoville,IL -> York,PA",Romeoville,IL,Illinois,York,PA,Pennsylvania
75f040151b6d0b405a1732b94988178a,"Jacksonville,FL -> Hickory,NC",Jacksonville,FL,Florida,Hickory,NC,North Carolina
0801767c3983d02dd551bc3b83a54620,"Pandora,OH -> Tipton,IA",Pandora,OH,Ohio,Tipton,IA,Iowa
f57bb277f485af71e0b2c2222ec573e5,"Walla Walla,WA -> North Salt Lake,UT",Walla Walla,WA,Washington,North Salt Lake,UT,Utah
93d146d88b2eda73e75e863d18b5e2a0,"Baldwinsville,NY -> Manchester,CT",Baldwinsville,NY,New York,Manchester,CT,Connecticut
fe35482176a4266a3ed84d36d020ac7a,"Newark,NJ -> Springfield,VA",Newark,NJ,New Jersey,Springfield,VA,Virginia
4125a7d764c4b630d1b524135225f3cc,"Columbus,OH -> Hatfield,PA",Columbus,OH,Ohio,Hatfield,PA,Pennsylvania
524145dd191a73acf44ef130801a446c,"St. Louis,MO -> Decatur,AL",St. Louis,MO,Missouri,Decatur,AL,Alabama
1fc3875ec3592514c5a4033a4b7b8e8e,"Conover,NC -> McKinney,TX",Conover,NC,North Carolina,McKinney,TX,Texas
baac351ceb52887c0c75a6e5ef610d35,"Cartersville,GA -> Mobile,AL",Cartersville,GA,Georgia,Mobile,AL,Alabama
16326aac2b3a61c175f60424cd03dee1,"Conover,NC -> Denton,TX",Conover,NC,North Carolina,Denton,TX,Texas
f6a6069b1ae4e61e2c1abfcf50796a7f,"Williamsburg,VA -> Martinsburg,WV",Williamsburg,VA,Virginia,Martinsburg,WV,West Virginia
884856547252ab4036d6b53dd34da218,"Baltimore,MD -> Syracuse,NY",Baltimore,MD,Maryland,Syracuse,NY,New York
a189bd4a4e7abd99abc60dd213539a82,"Columbus,OH -> Bay City,MI",Columbus,OH,Ohio,Bay City,MI,Michigan
005f1524ddbe8d1ac51b87f452236904,"Colonial Heights,VA -> Clarksburg,WV",Colonial Heights,VA,Virginia,Clarksburg,WV,West Virginia
b0a1e71c07a18972d9972c85ed0d3de8,"Kent,WA -> Spokane,WA",Kent,WA,Washington,Spokane,WA,Washington
bee4eec578ed3347a0d123c5f9f93b02,"Jacksonville,FL -> Fort Lauderdale,FL",Jacksonville,FL,Florida,Fort Lauderdale,FL,Florida
385bed4c582ee7431992470021025fac,"Henderson,NV -> Tracy,CA",Henderson,NV,Nevada,Tracy,CA,California
e33ccd5769d37aecaebbdd0f3c88fa6b,"Colonial Heights,VA -> Morgantown,WV",Colonial Heights,VA,Virginia,Morgantown,WV,West Virginia
af2f0bf5369b6b3cdd2e216aeb639bbb,"Clifton,NJ -> Rochester,NY",Clifton,NJ,New Jersey,Rochester,NY,New York
0a1e13090e56300c0efe05d58ee3b2d7,"Stockton,CA -> Tracy,CA",Stockton,CA,California,Tracy,CA,California
0e3d438079eb8e4bcb83d87efa9b5646,"McDonough,GA -> College Park,GA",McDonough,GA,Georgia,College Park,GA,Georgia
808cdd5b19f7cd2790d7bc550d62fff4,"Bronx,NY -> Newark,NJ",Bronx,NY,New York,Newark,NJ,New Jersey
5a5711cfe22af4615f70ccdeda90dd92,"Naperville,IL -> Swedesboro,NJ",Naperville,IL,Illinois,Swedesboro,NJ,New Jersey
75b5b54b9805600748f90d2f13e0fb42,"Vineland,NJ -> Vernon,CA",Vineland,NJ,New Jersey,Vernon,CA,California
f166b6fd6a1572b3b3aee3f49e6a95ab,"Del Rio,TX -> Mount Holly,NC",Del Rio,TX,Texas,Mount Holly,NC,North Carolina
c9bdd479234c2fe59c0935da6d1f1951,"Jacksonville,FL -> Merrimack,NH",Jacksonville,FL,Florida,Merrimack,NH,New Hampshire
8f6cb0b70ee02689b3f27376a8a961e6,"Houston,TX -> Rock Springs,WY",Houston,TX,Texas,Rock Springs,WY,Wyoming
a1f67623dd382c202bcf2ed388175f21,"Baldwinsville,NY -> Pittsburgh,PA",Baldwinsville,NY,New York,Pittsburgh,PA,Pennsylvania
cefc1b6441d8f850ee7d674834e49f4d,"Lodi,CA -> Auburn,WA",Lodi,CA,California,Auburn,WA,Washington
8fcec1fa85da316caa99d9a21f4a9ee5,"La Porte,TX -> Natchitoches,LA",La Porte,TX,Texas,Natchitoches,LA,Louisiana
66bae21ec20f569941f00dd9cf23a16a,"Halls,TN -> Dallas,TX",Halls,TN,Tennessee,Dallas,TX,Texas
06b36939f8ad6b262f5af01e59828489,"Compton,CA -> Irvine,CA",Compton,CA,California,Irvine,CA,California
2967ccc35e8a45e71f4cad296ed2f3e2,"Jacksonville,FL -> Melbourne,FL",Jacksonville,FL,Florida,Melbourne,FL,Florida
6dd0f03ee7230b3c769cd25213e1afc0,"Lakewood,NY -> Laredo,TX",Lakewood,NY,New York,Laredo,TX,Texas
825f9042b0fbb064f518acec3e4062d5,"Williamsburg,VA -> Norcross,GA",Williamsburg,VA,Virginia,Norcross,GA,Georgia
03ebd4c5a7354b8e6d92cf771f23d1fc,"La Palma,CA -> Lakeland,FL",La Palma,CA,California,Lakeland,FL,Florida
f2e694d253b97701c8bc0ffb81f6c407,"Moxee,WA -> Methuen,MA",Moxee,WA,Washington,Methuen,MA,Massachusetts
007c5339bf23f2c6af84629c5a567b50,"Timberville,VA -> Memphis,TN",Timberville,VA,Virginia,Memphis,TN,Tennessee
a48bbafdaf225a5da6b955576d4835b3,"Braitwaite,LA -> Herculaneum,MO",Braitwaite,LA,Louisiana,Herculaneum,MO,Missouri
2a23bb0c3f7079ca2f483516307460af,"Granite City,IL -> La Vergne,TN",Granite City,IL,Illinois,La Vergne,TN,Tennessee
450fcb296f1949241443809cd00f1866,"Laredo,TX -> DeQuincy,LA",Laredo,TX,Texas,DeQuincy,LA,Louisiana
a46e82c244918430b5f2d9a8ef1efb4f,"Carthage,MO -> Pryor,OK",Carthage,MO,Missouri,Pryor,OK,Oklahoma
cab4c0c415ad7fd7157addb8ac6b98ae,"Lancaster,TX -> Denison,TX",Lancaster,TX,Texas,Denison,TX,Texas
70847be69ad0a3a45ee8ed279aef95e6,"Pleasant Prairie,WI -> Sapulpa,OK",Pleasant Prairie,WI,Wisconsin,Sapulpa,OK,Oklahoma
ec9f12dee4a4b547f01492a19451355a,"Fort Collins,CO -> Cartersville,GA",Fort Collins,CO,Colorado,Cartersville,GA,Georgia
c33308fd3e70e0630a47b26cc70f95c4,"Warren,OH -> Mount Holly,NC",Warren,OH,Ohio,Mount Holly,NC,North Carolina
e00bd25be1e2c9e919d59e4e5d7e09a2,"Jacksonville,FL -> West Palm Beach,FL",Jacksonville,FL,Florida,West Palm Beach,FL,Florida
2482fc1bdfdacb860c3f1466edb46532,"Atlanta,GA -> Roanoke,TX",Atlanta,GA,Georgia,Roanoke,TX,Texas
05508732322741441c821b9db1623c78,"Santa Ana,CA -> Fontana,CA",Santa Ana,CA,California,Fontana,CA,California
fbb9ea0b19e3b2a4fa3927620d17e9d9,"Topton,PA -> Cleveland,NC",Topton,PA,Pennsylvania,Cleveland,NC,North Carolina
54046b768b1421973ebb2ad74b0f7b08,"Fairfield,CA -> Rapid City,SD",Fairfield,CA,California,Rapid City,SD,South Dakota
19f2aa493cb92a9ff61f861c0ecd18cc,"Plant City,FL -> Methuen,MA",Plant City,FL,Florida,Methuen,MA,Massachusetts
fed852f13c9f021ecbeb1b918b5cc67e,"Carlisle,PA -> Sarasota,FL",Carlisle,PA,Pennsylvania,Sarasota,FL,Florida
adf0f9abf7520c41854f2516663c4dd1,"Newark,NJ -> Harrisburg,PA",Newark,NJ,New Jersey,Harrisburg,PA,Pennsylvania
2b804f018fd0d2178ddf42464e8c6b30,"Decatur,IN -> Memphis,TN",Decatur,IN,Indiana,Memphis,TN,Tennessee
a0123524dd06ae19270f02a426d36d77,"La Porte,TX -> Granite City,IL",La Porte,TX,Texas,Granite City,IL,Illinois
9035dfa9b018ae2605c3d4350f1d5920,"Aurora,CO -> Sioux Falls,SD",Aurora,CO,Colorado,Sioux Falls,SD,South Dakota
2ecfa5e1f3f6ebc3f5815709656f0132,"Romulus,MI -> Atlanta,GA",Romulus,MI,Michigan,Atlanta,GA,Georgia
08102f1b917fc33d27c526d4ecb30436,"Granite City,IL -> Portland,IN",Granite City,IL,Illinois,Portland,IN,Indiana
cdb06fac2d0cdacdab37e9dd99389170,"Long Branch,NJ -> York,PA",Long Branch,NJ,New Jersey,York,PA,Pennsylvania
f7470c9fbc8e1ff749527443b3da8f19,"Decatur,IN -> Canton,OH",Decatur,IN,Indiana,Canton,OH,Ohio
8a052d8816bca9bd3957cdc32ae7ce38,"Brownsville,TX -> Portland,OR",Brownsville,TX,Texas,Portland,OR,Oregon
c1fafd5361089da3fd849d1fa697ddc6,"Plant City,FL -> Stockton,CA",Plant City,FL,Florida,Stockton,CA,California
d622e8bae510897e1796ea1ba1dd62a0,"Colonial Heights,VA -> Fort Pierce,FL",Colonial Heights,VA,Virginia,Fort Pierce,FL,Florida
13a9575607cce9c1941be8a9b0a00bf3,"Granite City,IL -> Bay City,MI",Granite City,IL,Illinois,Bay City,MI,Michigan
d2fb299a2ffd2d75293ebe98b5e0c808,"Newark,NJ -> Linwood,NC",Newark,NJ,New Jersey,Linwood,NC,North Carolina
ed67e0f8f16a507792c7486b3925019b,"Aurora,CO -> Scottsbluff,NE",Aurora,CO,Colorado,Scottsbluff,NE,Nebraska
1096d61776ed20ac8d63ea7cf483eaee,"Granite City,IL -> Hannibal,MO",Granite City,IL,Illinois,Hannibal,MO,Missouri
72bd1a7f6674466888b46924446d389c,"Somerset,WI -> Clinton,IA",Somerset,WI,Wisconsin,Clinton,IA,Iowa
a603d8f333e7e8c1f99d9a2b6363c02f,"Carlisle,PA -> Hatfield,PA",Carlisle,PA,Pennsylvania,Hatfield,PA,Pennsylvania
4ebe20c9106e9122b6b6a89681cd094e,"Granite City,IL -> Dixon,IL",Granite City,IL,Illinois,Dixon,IL,Illinois
0c2bad758a72d7d2837b3e496aefac68,"Aurora,CO -> Oklahoma City,OK",Aurora,CO,Colorado,Oklahoma City,OK,Oklahoma
9f1a5892ae83cb37c407bf852fbcf341,"Fort Collins,CO -> Adelanto,CA",Fort Collins,CO,Colorado,Adelanto,CA,California
47040d4b2ab40fc4304593f3c7303318,"Granite City,IL -> Lawrence,KS",Granite City,IL,Illinois,Lawrence,KS,Kansas
a8eb810a7cd67d8c21266b0d72d9eefa,"Granite City,IL -> Dubuque,IA",Granite City,IL,Illinois,Dubuque,IA,Iowa
6ee3e17fd1d541323b9d09b1deb38518,"Aurora,CO -> Logan,UT",Aurora,CO,Colorado,Logan,UT,Utah
dfa6b3bcfd116456423d664bdd08b235,"Houston,TX -> Summit,MS",Houston,TX,Texas,Summit,MS,Mississippi
7024bc97bdcbf005e92db69424cb91b0,"Kenilworth,NJ -> Mount Clemens,MI",Kenilworth,NJ,New Jersey,Mount Clemens,MI,Michigan
2909e56d472119864eb0dec6e1bb6db1,"Austin,TX -> Wayzata,MN",Austin,TX,Texas,Wayzata,MN,Minnesota
78542f71eaa3d697e4cc0929e4a67a2e,"St. Louis,MO -> Yazoo City,MS",St. Louis,MO,Missouri,Yazoo City,MS,Mississippi
9263f8d866474aa038af53fd640b34e3,"Granite City,IL -> Jackson,MS",Granite City,IL,Illinois,Jackson,MS,Mississippi
0e9e7d6a42864237108e094a69bed267,"Tampa,FL -> Compton,CA",Tampa,FL,Florida,Compton,CA,California
6da7116a3e72614152d3af726414701a,"Kent,WA -> Waukegan,IL",Kent,WA,Washington,Waukegan,IL,Illinois
25a450bc2344b3619d67b3833aba0d6a,"Jackson,WY -> Fort Collins,CO",Jackson,WY,Wyoming,Fort Collins,CO,Colorado
f362c03b64d8f9fd1d0fbb90b7d3a6c8,"Carlisle,PA -> Shirley,NY",Carlisle,PA,Pennsylvania,Shirley,NY,New York
9e86f2e2f71cf146961bfc029d21a172,"Columbus,OH -> Hagerstown,MD",Columbus,OH,Ohio,Hagerstown,MD,Maryland
d6385b914e2eccf51d9a585aa6c3df07,"Modesto,CA -> Tracy,CA",Modesto,CA,California,Tracy,CA,California
844bf097c7270135cfa7d8bea91830d3,"Williamsburg,VA -> Wilmington,NC",Williamsburg,VA,Virginia,Wilmington,NC,North Carolina
af88f9a04899809409d258a1a94081b4,"Chester,VA -> Gastonia,NC",Chester,VA,Virginia,Gastonia,NC,North Carolina
581fcd0d41630556d1c781d29a4394ff,"Prescott,WA -> Denver,CO",Prescott,WA,Washington,Denver,CO,Colorado
87c62af16cafee60f1f34d920a925099,"Lebanon,KY -> Mount Holly,NC",Lebanon,KY,Kentucky,Mount Holly,NC,North Carolina
7d1eff48fa9fc51e1018475e9ee57f14,"North Richland Hills,TX -> Laceys Spring,AL",North Richland Hills,TX,Texas,Laceys Spring,AL,Alabama
dfc6cef0db7f510f05a71e685203b124,"Medley,FL -> Montgomery,AL",Medley,FL,Florida,Montgomery,AL,Alabama
12901a10b381d42faa205bba8232731b,"Batavia,IL -> Reno,NV",Batavia,IL,Illinois,Reno,NV,Nevada
28f9b895ebfd46ed9ba3b50dd0973510,"Granite City,IL -> Eau Claire,WI",Granite City,IL,Illinois,Eau Claire,WI,Wisconsin
0b207ff9c3b514a2f6500a199400b64e,"Carlisle,PA -> Hooksett,NH",Carlisle,PA,Pennsylvania,Hooksett,NH,New Hampshire
43843a5d21ca29d9b9adc9284216c1bf,"Fort Collins,CO -> Lubbock,TX",Fort Collins,CO,Colorado,Lubbock,TX,Texas
99a702e002e22aaccafb33e6e982d3d3,"Granite City,IL -> Decatur,AL",Granite City,IL,Illinois,Decatur,AL,Alabama
8b37b762b5675db2dae1d02c169af79a,"Jacksonville,FL -> Savannah,GA",Jacksonville,FL,Florida,Savannah,GA,Georgia
4ef2a5193777f79fd45755519fcb9d31,"Vernon,CA -> South Plainfield,NJ",Vernon,CA,California,South Plainfield,NJ,New Jersey
cc88153863071762c8f6e8a3f37b9762,"Los Angeles,CA -> La Vergne,TN",Los Angeles,CA,California,La Vergne,TN,Tennessee
880ac941363b9295dfc023e2802cb504,"Green Bay,WI -> Wilkes-Barre,PA",Green Bay,WI,Wisconsin,Wilkes-Barre,PA,Pennsylvania
0ae5b2db9b692667500d10c4b17da244,"Cherry Hill,NJ -> Hebron,KY",Cherry Hill,NJ,New Jersey,Hebron,KY,Kentucky
5189466551a50aa1f9d062987037ab61,"Brooks,OR -> Coos Bay,OR",Brooks,OR,Oregon,Coos Bay,OR,Oregon
fd425cb3ee5d32d71dd5c76de322ea6d,"Cartersville,GA -> South Burlington,VT",Cartersville,GA,Georgia,South Burlington,VT,Vermont
e8fee62aec9f01a60e24d73d84654a0e,"Williamsburg,VA -> Winston-Salem,NC",Williamsburg,VA,Virginia,Winston-Salem,NC,North Carolina
6399511a025b263ed48f23a11b3f1830,"Cartersville,GA -> Tullahoma,TN",Cartersville,GA,Georgia,Tullahoma,TN,Tennessee
916c772887f81c06540e102709410572,"Aurora,CO -> Vernal,UT",Aurora,CO,Colorado,Vernal,UT,Utah
c866f08c568b485d6ed7787502c9515f,"Port Wentworth,GA -> Katy,TX",Port Wentworth,GA,Georgia,Katy,TX,Texas
8af2590f25e250f1c7115286b95fbd2f,"Wills Point,TX -> Northlake,IL",Wills Point,TX,Texas,Northlake,IL,Illinois
94d474e230e1577cb942fb9dfbd9249d,"Jacksonville,FL -> Cartersville,GA",Jacksonville,FL,Florida,Cartersville,GA,Georgia
11764821ee79dcd13a678c490a4f4f60,"Troy,AL -> Laceys Spring,AL",Troy,AL,Alabama,Laceys Spring,AL,Alabama
294df236d6d89cebaaa288c7fac6cba6,"Fort Collins,CO -> Pittsburgh,PA",Fort Collins,CO,Colorado,Pittsburgh,PA,Pennsylvania
d910e1cd7d6b2e15913c6edd30aa1152,"Fort Collins,CO -> Trinity,TX",Fort Collins,CO,Colorado,Trinity,TX,Texas
243b6084822ba00321302b76dbbdaa36,"Plant City,FL -> Des Moines,IA",Plant City,FL,Florida,Des Moines,IA,Iowa
678c3d703ee36188c3001ca93967415c,"Fort Collins,CO -> Yankton,SD",Fort Collins,CO,Colorado,Yankton,SD,South Dakota
dda3b9338044e65c902d670f003defc1,"Sioux City,IA -> Pittston,PA",Sioux City,IA,Iowa,Pittston,PA,Pennsylvania
37f708963b9f9c8720b16947855c6324,"Laredo,TX -> Indianapolis,IN",Laredo,TX,Texas,Indianapolis,IN,Indiana
ac6ab07407e18f895e168038a7f87a80,"Granite City,IL -> Ironwood,MI",Granite City,IL,Illinois,Ironwood,MI,Michigan
42bbbd6ef824bec458f5c881ba5a36b3,"Grapevine,TX -> Houston,TX",Grapevine,TX,Texas,Houston,TX,Texas
adea71af6920c4bbcd506374642181d6,"Granite City,IL -> Sparta,WI",Granite City,IL,Illinois,Sparta,WI,Wisconsin
df6e448aca4f6da2dd4b56411d5d70ee,"Vernon,CA -> Tracy,CA",Vernon,CA,California,Tracy,CA,California
17c626d34faae1a9766a80adf95d2542,"Cartersville,GA -> Valdosta,GA",Cartersville,GA,Georgia,Valdosta,GA,Georgia
bb7d532c7e8462824790995f9d6e93bd,"Colonial Heights,VA -> Linwood,NC",Colonial Heights,VA,Virginia,Linwood,NC,North Carolina
41af8ceb88c57fa41804ed49e9015fe0,"Williamsburg,VA -> Romney,WV",Williamsburg,VA,Virginia,Romney,WV,West Virginia
0a1cbd083472cc1fc2bd4c2a45802c18,"Plant City,FL -> Portland,OR",Plant City,FL,Florida,Portland,OR,Oregon
5881471147e38837c718d97924c488cd,"Baldwinsville,NY -> Gladstone,MI",Baldwinsville,NY,New York,Gladstone,MI,Michigan
71f90c163cabcbeda70986e58e89a428,"Granite City,IL -> Indian River,MI",Granite City,IL,Illinois,Indian River,MI,Michigan
e36f4782c87df335854c8656e45d6eeb,"Commerce,CA -> Fremont,CA",Commerce,CA,California,Fremont,CA,California
c0ef09b3b29c1e88fe7e921d79093c07,"Philadelphia,PA -> Newark,NJ",Philadelphia,PA,Pennsylvania,Newark,NJ,New Jersey
273855fa6d8a3e3921fa81aeba514b4a,"Delano,CA -> Methuen,MA",Delano,CA,California,Methuen,MA,Massachusetts
aebbdf76c046b86e2bad05946e585086,"Portland,OR -> Tempe,AZ",Portland,OR,Oregon,Tempe,AZ,Arizona
02119610c36b6eb4e9c517758de04d2b,"St. Louis,MO -> Portland,OR",St. Louis,MO,Missouri,Portland,OR,Oregon
b1e1d36818e92518a25679228ff3a672,"Newark,NJ -> Orlando,FL",Newark,NJ,New Jersey,Orlando,FL,Florida
4d3b457cfa0555c345dde5a95eb4264e,"Columbus,OH -> Cartersville,GA",Columbus,OH,Ohio,Cartersville,GA,Georgia
b49ed28279ea285dc52585d0278c46eb,"Bridgewater,NJ -> Gonzales,TX",Bridgewater,NJ,New Jersey,Gonzales,TX,Texas
ca4e64931d0867399814c862f4c22327,"Romeoville,IL -> Commerce,GA",Romeoville,IL,Illinois,Commerce,GA,Georgia
dd0c2608f74da2c959fd45f934611f7c,"Newark,NJ -> Williamsburg,VA",Newark,NJ,New Jersey,Williamsburg,VA,Virginia
4298b6534c4e1a508a86d58db0ac3958,"Del Rio,TX -> Canton,OH",Del Rio,TX,Texas,Canton,OH,Ohio
a1c212fc9dd141ff2594b0ffd04a4f79,"Sioux City,IA -> Kissimmee,FL",Sioux City,IA,Iowa,Kissimmee,FL,Florida
c500fd6db476de331bdc10b5d12307d4,"Baldwinsville,NY -> Williamsburg,VA",Baldwinsville,NY,New York,Williamsburg,VA,Virginia
6d06cb8067d158a3b98539ce6cbe24fb,"Rochester,NY -> Newark,NJ",Rochester,NY,New York,Newark,NJ,New Jersey
4f28f0ffe55e553368279efa8e9c9308,"Wilkes-Barre,PA -> Lexington,SC",Wilkes-Barre,PA,Pennsylvania,Lexington,SC,South Carolina
dfb6b6f3571522cdd88f1a752e908dfe,"Carlisle,PA -> Carlstadt,NJ",Carlisle,PA,Pennsylvania,Carlstadt,NJ,New Jersey
fc77be2726cbe6ebbe8c045b035d0448,"El Monte,CA -> Tempe,AZ",El Monte,CA,California,Tempe,AZ,Arizona
ef1466f0d62492d599ea1a39cf638377,"Bellevue,WA -> Portland,OR",Bellevue,WA,Washington,Portland,OR,Oregon
b981a9b1cab80b87ad2853f47a3d790e,"Jacksonville,FL -> Muscle Shoals,AL",Jacksonville,FL,Florida,Muscle Shoals,AL,Alabama
31512953c523f01595881ae0e29657ea,"Colonial Heights,VA -> Winston-Salem,NC",Colonial Heights,VA,Virginia,Winston-Salem,NC,North Carolina
ec306a5fe65089a6a72f97aba6d076f9,"Pittsburgh,PA -> Jurupa Valley,CA",Pittsburgh,PA,Pennsylvania,Jurupa Valley,CA,California
6c95ba207fcafb2a97edbe7192b3b30c,"St. Louis,MO -> Piedmont,SC",St. Louis,MO,Missouri,Piedmont,SC,South Carolina
2977be6aedd5578b36fcc44ad23f06a7,"St. Louis,MO -> Loxley,AL",St. Louis,MO,Missouri,Loxley,AL,Alabama
0e0c0a654bfade4f54b8ebafa4a7bf18,"Granite City,IL -> Port Huron,MI",Granite City,IL,Illinois,Port Huron,MI,Michigan
94a435852a407a29d4ae033c92a8141d,"Greenfield,IN -> York,PA",Greenfield,IN,Indiana,York,PA,Pennsylvania
28b5de27b428eba7015a7747cb8d0ec5,"Newark,NJ -> Fairmont,WV",Newark,NJ,New Jersey,Fairmont,WV,West Virginia
10fc8395c72878031af57dfa98aff1e2,"Lewistown,PA -> Newark,NJ",Lewistown,PA,Pennsylvania,Newark,NJ,New Jersey
9e9d32dcbbf03e3ee4ac5cdc50973dd6,"Cartersville,GA -> Atlanta,GA",Cartersville,GA,Georgia,Atlanta,GA,Georgia
92c965fa88fb2f99906c3bbcf93dbc65,"St. Louis,MO -> Romulus,MI",St. Louis,MO,Missouri,Romulus,MI,Michigan
935cbef4184cd87d51b602f29c4cf44d,"Carson,CA -> Sumner,WA",Carson,CA,California,Sumner,WA,Washington
2ac4c4a3bdf7ebea109a29a1ef44e4bd,"Arrey,NM -> Fort Worth,TX",Arrey,NM,New Mexico,Fort Worth,TX,Texas
b720821fed6c860f81ae67762987a752,"St. Louis,MO -> Bay City,MI",St. Louis,MO,Missouri,Bay City,MI,Michigan
373acaf00d6df9932dc4abede5eb27e6,"St. Louis,MO -> Sioux City,IA",St. Louis,MO,Missouri,Sioux City,IA,Iowa
3afae17ee767ff50843a0e0c0d6e20ee,"Houston,TX -> Camden,AR",Houston,TX,Texas,Camden,AR,Arkansas
3fcd0407b2479145107ef28a6e889fc6,"Maxton,NC -> Portland,OR",Maxton,NC,North Carolina,Portland,OR,Oregon
704002828582573a04c80fdec96948c9,"Mogadore,OH -> Portland,OR",Mogadore,OH,Ohio,Portland,OR,Oregon
35673f86b873547bce1dfcb13e540448,"Fort Collins,CO -> Kingman,AZ",Fort Collins,CO,Colorado,Kingman,AZ,Arizona
a69042551a6af59dd02f7de7849ada6b,"La Porte,TX -> Lafayette,LA",La Porte,TX,Texas,Lafayette,LA,Louisiana
1d6c83581a0473564ba9f1a4ecc0a540,"Jacksonville,FL -> Holiday,FL",Jacksonville,FL,Florida,Holiday,FL,Florida
273bc7ce99e6e4473f5e9b591ed4f1e9,"Bridgewater,NJ -> Springfield,MA",Bridgewater,NJ,New Jersey,Springfield,MA,Massachusetts
5ae7b8c339f418abf917822757c777f1,"Marion,VA -> Commerce,GA",Marion,VA,Virginia,Commerce,GA,Georgia
e8634e9ada46ba6227aed7a2cca00051,"Williamsburg,VA -> Jersey City,NJ",Williamsburg,VA,Virginia,Jersey City,NJ,New Jersey
6347c3d76c37485304919e62571a77d4,"Santa Ana,CA -> McDonough,GA",Santa Ana,CA,California,McDonough,GA,Georgia
8c8c25e3721113f7ec1f33eed64115fd,"El Paso,TX -> Laredo,TX",El Paso,TX,Texas,Laredo,TX,Texas
66adb8ca39074ed8fec95ec80834712d,"Baltimore,MD -> Wallkill,NY",Baltimore,MD,Maryland,Wallkill,NY,New York
17119b4603c9216fc9e64d68151eabce,"Fort Collins,CO -> Colorado Springs,CO",Fort Collins,CO,Colorado,Colorado Springs,CO,Colorado
4e08b1648d359c067bbe06610f1b11f1,"Jurupa Valley,CA -> Irvine,CA",Jurupa Valley,CA,California,Irvine,CA,California
ce60d2501e7a4133fb7e24083f5dfcc3,"La Mirada,CA -> Santa Ana,CA",La Mirada,CA,California,Santa Ana,CA,California
ec6d8e258303194bbb5802cf868cba79,"Fairfield,CA -> Mobridge,SD",Fairfield,CA,California,Mobridge,SD,South Dakota
0b02109c7fd5cd6061d40324af4478b2,"Fairfield,CA -> Puyallup,WA",Fairfield,CA,California,Puyallup,WA,Washington
dee9d8a7cae683cc7645fbb41e3dccb1,"Aurora,CO -> Cody,WY",Aurora,CO,Colorado,Cody,WY,Wyoming
5ee78f0db7b4101da29b0842aba2e1d5,"Johnstown,PA -> Newark,NJ",Johnstown,PA,Pennsylvania,Newark,NJ,New Jersey
590370092e9e8dd9a6a0c5beea22d6b2,"Granite City,IL -> Cedar Rapids,IA",Granite City,IL,Illinois,Cedar Rapids,IA,Iowa
2aa14e6ae7ccab58962d7cb83e4817a4,"Cartersville,GA -> Sylva,NC",Cartersville,GA,Georgia,Sylva,NC,North Carolina
6e03dfe06c47589f1398fff28ce13cc9,"Olean,NY -> Joliet,IL",Olean,NY,New York,Joliet,IL,Illinois
f81376c09a380612ccb06d60ff9e570f,"Bolingbrook,IL -> Reno,NV",Bolingbrook,IL,Illinois,Reno,NV,Nevada
1d1d6751c60fc36100291c5fe6db4ef5,"Howell,MI -> Cleveland,NC",Howell,MI,Michigan,Cleveland,NC,North Carolina
6029dd6a960caee239b1e813e03e8294,"Georgetown,SC -> San Antonio,TX",Georgetown,SC,South Carolina,San Antonio,TX,Texas
48d3877d122b10da7d3912bd927f1e8a,"Houston,TX -> San Angelo,TX",Houston,TX,Texas,San Angelo,TX,Texas
cf69725febabba1c041ced0bc100b046,"Moonachie,NJ -> Angier,NC",Moonachie,NJ,New Jersey,Angier,NC,North Carolina
1ce223e4730c4de4e4562cd87e6173ac,"Johnstown,CO -> Lowell,AR",Johnstown,CO,Colorado,Lowell,AR,Arkansas
ab59d22580f6667ffe5291b0457c4e3a,"Gainesville,TX -> Laredo,TX",Gainesville,TX,Texas,Laredo,TX,Texas
0bd81e9ce3b12a4ec59aa8fc620a7bcb,"St. Louis,MO -> Daytona Beach,FL",St. Louis,MO,Missouri,Daytona Beach,FL,Florida
1f7f97c139cf291b9642257135979a1e,"Pompano Beach,FL -> Orlando,FL",Pompano Beach,FL,Florida,Orlando,FL,Florida
d7061aacc656b7ea9cd727123e0dc39d,"Casa Grande,AZ -> Jefferson City,MO",Casa Grande,AZ,Arizona,Jefferson City,MO,Missouri
0f8ddd81800b197bd8e7dfd4c1769946,"St. Louis,MO -> Superior,WI",St. Louis,MO,Missouri,Superior,WI,Wisconsin
29362dab1008e95bd04533b86611d314,"Houston,TX -> Lake Charles,LA",Houston,TX,Texas,Lake Charles,LA,Louisiana
d612198579c1e1b47b35cd7e9bbdd5d7,"Clarksville,TN -> Columbus,OH",Clarksville,TN,Tennessee,Columbus,OH,Ohio
e71432bf08b0bfb145d98d3c7d2da239,"Baldwinsville,NY -> Wrightsville,PA",Baldwinsville,NY,New York,Wrightsville,PA,Pennsylvania
614e4b84842569fa6b1cb8c3b32981aa,"Wilson,NC -> Battleboro,NC",Wilson,NC,North Carolina,Battleboro,NC,North Carolina
504b241ec9d4ce6c8ee4b821642a60f7,"Frankfort,KY -> Clyde,OH",Frankfort,KY,Kentucky,Clyde,OH,Ohio
2a0420c33fc7fe698ef3a6a3090a378c,"Winchester,VA -> York,PA",Winchester,VA,Virginia,York,PA,Pennsylvania
a7f6198b4a64295b6428a04f135b76fd,"Plant City,FL -> Leola,PA",Plant City,FL,Florida,Leola,PA,Pennsylvania
9024092453f92b665044aed6b8a244a5,"Fort Collins,CO -> North Platte,NE",Fort Collins,CO,Colorado,North Platte,NE,Nebraska
8df6abe0bc6c175fee5449072da980c4,"Aurora,CO -> Fremont,NE",Aurora,CO,Colorado,Fremont,NE,Nebraska
41ca2079be4ed6ec57cbb01d8562c54a,"Roanoke,TX -> Opelousas,LA",Roanoke,TX,Texas,Opelousas,LA,Louisiana
6592a96afbaa57cd8d89d71ff7bb635a,"Williamsburg,VA -> Miami,FL",Williamsburg,VA,Virginia,Miami,FL,Florida
eb9e21eef04d0d0cddf741596e8e8cb8,"St. Louis,MO -> Worthington,MN",St. Louis,MO,Missouri,Worthington,MN,Minnesota
e378637bd4c6cf1e6e9e2fbbe86a5e32,"Mount Airy,NC -> Memphis,TN",Mount Airy,NC,North Carolina,Memphis,TN,Tennessee
235734c15cc3bed08a6de8862186e9fc,"Jacksonville,FL -> Naples,FL",Jacksonville,FL,Florida,Naples,FL,Florida
4163ac264a6c717637694b4e028e99b7,"Phoenix,AZ -> Pacific,WA",Phoenix,AZ,Arizona,Pacific,WA,Washington
77e4c7a56485ece0b39ab521cc7b7965,"Fairfield,CA -> Renton,WA",Fairfield,CA,California,Renton,WA,Washington
839ea5a679233782a2f2a080aaa2e3d6,"Morganton,NC -> Reno,NV",Morganton,NC,North Carolina,Reno,NV,Nevada
1cb23ece39085cdce534428cdd6919c4,"Los Angeles,CA -> Plant City,FL",Los Angeles,CA,California,Plant City,FL,Florida
8a0703d721674d74463168b0fb63f067,"St. Louis,MO -> Rochester,MN",St. Louis,MO,Missouri,Rochester,MN,Minnesota
ffa8cf110d6d357580ddbcae8f430813,"Conover,NC -> Edison,NJ",Conover,NC,North Carolina,Edison,NJ,New Jersey
74ec443560b09367163a78c5bdfbd542,"Mount Airy,NC -> Buford,GA",Mount Airy,NC,North Carolina,Buford,GA,Georgia
7a16a362a5163476d3209b7d707cb8f4,"Fort Collins,CO -> Vernal,UT",Fort Collins,CO,Colorado,Vernal,UT,Utah
695afcd88a2ca27a082e61c5e96e1967,"Los Angeles,CA -> Indio,CA",Los Angeles,CA,California,Indio,CA,California
d3751d81830ae1f036079850087b362a,"Williamsburg,VA -> Danville,VA",Williamsburg,VA,Virginia,Danville,VA,Virginia
b97db33ce856e9608a2edb0955718741,"St. Louis,MO -> Corpus Christi,TX",St. Louis,MO,Missouri,Corpus Christi,TX,Texas
e6dd52332c12d53ff3319c2776c4f1f2,"Brooklyn Park,MN -> Pittston,PA",Brooklyn Park,MN,Minnesota,Pittston,PA,Pennsylvania
4a88e8474cce34b60d3562ee87b661c7,"Merrimack,NH -> Baldwinsville,NY",Merrimack,NH,New Hampshire,Baldwinsville,NY,New York
89396fe0891e5b3553dd72e4f90111a2,"Colfax,NC -> Waukegan,IL",Colfax,NC,North Carolina,Waukegan,IL,Illinois
26310c9cba6c34c8f4f36648f495a7b8,"Erie,PA -> Newark,NJ",Erie,PA,Pennsylvania,Newark,NJ,New Jersey
057e77871a517a3505f0d0ffabed98eb,"Aurora,CO -> Pueblo,CO",Aurora,CO,Colorado,Pueblo,CO,Colorado
66be2699c5d5d1b98b2443d959b6a3ad,"Cartersville,GA -> Albany,GA",Cartersville,GA,Georgia,Albany,GA,Georgia
ecb6ee1d10a00f4bb1e6d8300f395c52,"Chicago,IL -> Alton,IL",Chicago,IL,Illinois,Alton,IL,Illinois
f84f1ff89d887a059f0d701f771b19ab,"Indianapolis,IN -> Portland,OR",Indianapolis,IN,Indiana,Portland,OR,Oregon
87d7bdd31ab788e9543e6fe9b6e351e1,"Walla Walla,WA -> Pacific,WA",Walla Walla,WA,Washington,Pacific,WA,Washington
70006b3da29fe7bb3963ddecf90695fd,"Santa Maria,CA -> Spokane,WA",Santa Maria,CA,California,Spokane,WA,Washington
833a250863322d779551ee1cebd8b726,"Rochester,NY -> Portland,OR",Rochester,NY,New York,Portland,OR,Oregon
ad192132bea195902350fb5b77c3536c,"Indianapolis,IN -> Laredo,TX",Indianapolis,IN,Indiana,Laredo,TX,Texas
e5bd61bbc1550e64342d238f6d68d7fc,"Reading,PA -> Romeoville,IL",Reading,PA,Pennsylvania,Romeoville,IL,Illinois
5fa00fbb8c8d8cd49727ae8e8ba1a3e5,"La Porte,TX -> Fort Worth,TX",La Porte,TX,Texas,Fort Worth,TX,Texas
9b3a7ae80724d0d0f95cb8b501c5c978,"Bolingbrook,IL -> Buford,GA",Bolingbrook,IL,Illinois,Buford,GA,Georgia
e39f0be549a3faaa512060ca7c65d94c,"Houston,TX -> Rifle,CO",Houston,TX,Texas,Rifle,CO,Colorado
a1065db180573814828b91aa92c24816,"Plant City,FL -> Dunmore,PA",Plant City,FL,Florida,Dunmore,PA,Pennsylvania
ee7d336e483d4f03fca2e713046461d7,"Houston,TX -> El Paso,TX",Houston,TX,Texas,El Paso,TX,Texas
cd16aa9f7706c3413052eebf2894ad23,"Knoxville,TN -> Clinton,IA",Knoxville,TN,Tennessee,Clinton,IA,Iowa
f5bf802bc96365bcf4323f96b3809a8b,"Hialeah,FL -> Richburg,SC",Hialeah,FL,Florida,Richburg,SC,South Carolina
b679539acb4c164242ca031e60b4e306,"La Porte,TX -> San Angelo,TX",La Porte,TX,Texas,San Angelo,TX,Texas
f155cf88cb2dd37ac842c63f0a3562a9,"Burlington,NC -> Commerce,GA",Burlington,NC,North Carolina,Commerce,GA,Georgia
5f910acf32fb9ba51391714a146b5616,"Cartersville,GA -> Lanett,AL",Cartersville,GA,Georgia,Lanett,AL,Alabama
b85391f5cd2534fe896bf8220f199959,"St. Louis,MO -> Herculaneum,MO",St. Louis,MO,Missouri,Herculaneum,MO,Missouri
d58255120184ee6c2d01e42c2806e709,"Toledo,OH -> Mount Vernon,OH",Toledo,OH,Ohio,Mount Vernon,OH,Ohio
aa3e6b16eb54d327dc1f6c8210c317bc,"Newark,NJ -> Boise,ID",Newark,NJ,New Jersey,Boise,ID,Idaho
9dfc3b3a4609ff03df6e18e5bed83463,"Houston,TX -> Idaho Falls,ID",Houston,TX,Texas,Idaho Falls,ID,Idaho
e8111c7201f4c2a0181dbdeb6c83c9aa,"Fort Collins,CO -> Huron,SD",Fort Collins,CO,Colorado,Huron,SD,South Dakota
bd89eb90fc8fc702ec637e0dbfdfaabd,"Boca Raton,FL -> Newport News,VA",Boca Raton,FL,Florida,Newport News,VA,Virginia
6f848e28fd02fc2f890d631f902a5636,"Ventura,CA -> Fremont,CA",Ventura,CA,California,Fremont,CA,California
cdf0ae935f5d104696587aa8d1c6b8c5,"Newark,NJ -> Johnstown,PA",Newark,NJ,New Jersey,Johnstown,PA,Pennsylvania
8c34d5370ab1c727292bb8007b0ffe22,"Williamsburg,VA -> Dallas,TX",Williamsburg,VA,Virginia,Dallas,TX,Texas
e6fe6489dd1a45522ed04d74cfbad009,"Bowling Green,OH -> Laredo,TX",Bowling Green,OH,Ohio,Laredo,TX,Texas
49c39d424f45536ba68de428d2504286,"Fort Collins,CO -> Colonial Heights,VA",Fort Collins,CO,Colorado,Colonial Heights,VA,Virginia
99c35a23b8c44700dba8933af3d9cb0a,"New Hyde Park,NY -> Minneapolis,MN",New Hyde Park,NY,New York,Minneapolis,MN,Minnesota
31ed7897a0bee709d5a32b9e68356a56,"Williamsburg,VA -> Lake City,FL",Williamsburg,VA,Virginia,Lake City,FL,Florida
a0004b87426adc91318f521a6977e290,"St. Louis,MO -> West Memphis,AR",St. Louis,MO,Missouri,West Memphis,AR,Arkansas
f8e21bdf6e0e315428c1936f90771ff9,"Holiday City,OH -> Cartersville,GA",Holiday City,OH,Ohio,Cartersville,GA,Georgia
2a38d1b749d2a26b7cfbe7eb55c9f568,"Baldwinsville,NY -> Oakland,ME",Baldwinsville,NY,New York,Oakland,ME,Maine
ba6b2c08ac3fca69360351802a53c6d2,"Columbus,OH -> Lynchburg,VA",Columbus,OH,Ohio,Lynchburg,VA,Virginia
3a2fb7c105de97fbe374ade37abfb0b1,"Merrimack,NH -> Patchogue,NY",Merrimack,NH,New Hampshire,Patchogue,NY,New York
0041b68645e422671874bb82ddad0eb0,"Newark,DE -> Philadelphia,PA",Newark,DE,Delaware,Philadelphia,PA,Pennsylvania
3b92dfbdcb35fce5b1e7bd670620951b,"Olean,NY -> Brook Park,OH",Olean,NY,New York,Brook Park,OH,Ohio
c3830b7c9b0d061f1d502178922920da,"Los Angeles,CA -> Medford,OR",Los Angeles,CA,California,Medford,OR,Oregon
42ab1a5b19b3c5b4fcdc13c53711ba20,"Columbus,OH -> Hazard,KY",Columbus,OH,Ohio,Hazard,KY,Kentucky
66f06b0273d1b67d49d10d31f949f97b,"Jacksonville,FL -> Charleston,SC",Jacksonville,FL,Florida,Charleston,SC,South Carolina
4de828460a3c74adb81e916bfaf80bee,"Rome City,IN -> Laceys Spring,AL",Rome City,IN,Indiana,Laceys Spring,AL,Alabama
1ec4c2c72645247442f9d521b8f20bd5,"Cartersville,GA -> Fletcher,NC",Cartersville,GA,Georgia,Fletcher,NC,North Carolina
1eddcc5235e497b8a6e6b0ea55180843,"Springdale,AR -> Roanoke,TX",Springdale,AR,Arkansas,Roanoke,TX,Texas
e973c1c189a447aabc5d5e3dc3852dd4,"Fort Collins,CO -> Hays,KS",Fort Collins,CO,Colorado,Hays,KS,Kansas
e1825b1c1953cccd408202574821ac08,"Cartersville,GA -> Raleigh,NC",Cartersville,GA,Georgia,Raleigh,NC,North Carolina
50ac37751019dbb800fc292d6f032e57,"New Haven,CT -> Newark,NJ",New Haven,CT,Connecticut,Newark,NJ,New Jersey
45be1f2ee7461f7f1d3030ea5e8f1322,"De Soto,KS -> St. Louis,MO",De Soto,KS,Kansas,St. Louis,MO,Missouri
9e3c38712dbdf360d61d56aa6cd658dc,"Kingman,AZ -> Methuen,MA",Kingman,AZ,Arizona,Methuen,MA,Massachusetts
0d016f889f66b6d90178cc1ccd5320ef,"Lathrop,CA -> Davenport,IA",Lathrop,CA,California,Davenport,IA,Iowa
3ed8ad979ae0fbd573127cf2a9d394be,"Front Royal,VA -> Hempstead,NY",Front Royal,VA,Virginia,Hempstead,NY,New York
b13dd1ffcbf58f2e7a15e78964374389,"Williamsburg,VA -> Spartanburg,SC",Williamsburg,VA,Virginia,Spartanburg,SC,South Carolina
60569d366349494544091b46387bc8ec,"Houston,TX -> Las Vegas,NV",Houston,TX,Texas,Las Vegas,NV,Nevada
8483cae627d6aae27eefb902f22133a7,"St. Louis,MO -> New Windsor,NY",St. Louis,MO,Missouri,New Windsor,NY,New York
f169109bd203f51ee1d8ffd23e68d73a,"Bartow,WV -> Norton,VA",Bartow,WV,West Virginia,Norton,VA,Virginia
d7f82dd64f5229fcce0b6ef2803bc746,"Kutztown,PA -> Auburn,NY",Kutztown,PA,Pennsylvania,Auburn,NY,New York
f31f848b36789054a7ca015e06c3b32d,"Taunton,MA -> Westfield,MA",Taunton,MA,Massachusetts,Westfield,MA,Massachusetts
090be5126d5a0882cc01c25aed3655d7,"Cantua Creek,CA -> Garden Grove,CA",Cantua Creek,CA,California,Garden Grove,CA,California
48bb745f5a243f701a4d40c72117c52f,"Compton,CA -> McCook,IL",Compton,CA,California,McCook,IL,Illinois
ed03272858f85adb3b11f875968deece,"Gordonsville,VA -> Medley,FL",Gordonsville,VA,Virginia,Medley,FL,Florida
123ffe24b4ea867a0d753b07ef68262e,"Fort Collins,CO -> Renton,WA",Fort Collins,CO,Colorado,Renton,WA,Washington
91f001fe96fc7cd211b8b2f6e4d70b7a,"Granite City,IL -> Schofield,WI",Granite City,IL,Illinois,Schofield,WI,Wisconsin
38901302b7a68aab01dc980ed177a525,"Des Moines,IA -> Columbus,OH",Des Moines,IA,Iowa,Columbus,OH,Ohio
1190f6910008c050fb295e58f269e864,"Compton,CA -> Goodyear,AZ",Compton,CA,California,Goodyear,AZ,Arizona
49f1eaa3e50b2043b0b8d67bf4d86faf,"Romeoville,IL -> Shipshewana,IN",Romeoville,IL,Illinois,Shipshewana,IN,Indiana
c6d3c9cc081c45890ba42f2cf24eb858,"Jacksonville,FL -> Aurora,CO",Jacksonville,FL,Florida,Aurora,CO,Colorado
321f2806e2674a53ea847f67951c6a82,"Pittston,PA -> Portland,OR",Pittston,PA,Pennsylvania,Portland,OR,Oregon
dba76adf9dfd1b0a708111f777774069,"Granite City,IL -> International Falls,MN",Granite City,IL,Illinois,International Falls,MN,Minnesota
cf9ab77128dfd22b553f305fc4f7b886,"Ellerbe,NC -> New Windsor,NY",Ellerbe,NC,North Carolina,New Windsor,NY,New York
b9e1f19a616e473edd080d2f93a7f76b,"Aurora,CO -> Lenexa,KS",Aurora,CO,Colorado,Lenexa,KS,Kansas
8fb10ba279fda7c562b2385a2e022488,"Midland City,AL -> Laceys Spring,AL",Midland City,AL,Alabama,Laceys Spring,AL,Alabama
8c0b05fe34cadb02346c22f1ffc8d730,"Baldwinsville,NY -> Idaho Falls,ID",Baldwinsville,NY,New York,Idaho Falls,ID,Idaho
9a4f46052a857facde5c0a04f282ea95,"St. Louis,MO -> Dickinson,ND",St. Louis,MO,Missouri,Dickinson,ND,North Dakota
34e9b131b7f90565b8ee88527ae282ff,"St. Louis,MO -> Pine Bluff,AR",St. Louis,MO,Missouri,Pine Bluff,AR,Arkansas
bfbcb549026a25dc4336ca9e96a30136,"Fort Collins,CO -> Farmington,NM",Fort Collins,CO,Colorado,Farmington,NM,New Mexico
e912e0621c6ace009c3c93e3321e3663,"Cartersville,GA -> Birmingham,AL",Cartersville,GA,Georgia,Birmingham,AL,Alabama
478ef26472eae2040878fb6cebcf74e3,"Eagan,MN -> Morris,IL",Eagan,MN,Minnesota,Morris,IL,Illinois
d8942e8a28f5eea4a55f5bda2a2a8f85,"Stockton,CA -> Parrish,FL",Stockton,CA,California,Parrish,FL,Florida
b8a6e71494c7a69eda69d4fc6fa7c5ac,"St. Louis,MO -> Homestead,FL",St. Louis,MO,Missouri,Homestead,FL,Florida
4a4d75cb3a049ec0a608be82aa3b86c6,"Fort Collins,CO -> Bronx,NY",Fort Collins,CO,Colorado,Bronx,NY,New York
ceb5809eef89d2bba80f48d9a6d829ef,"North Charleston,SC -> Swedesboro,NJ",North Charleston,SC,South Carolina,Swedesboro,NJ,New Jersey
8120b3723ccbae3b81674c69c8078d3c,"Holdrege,NE -> Russellville,KY",Holdrege,NE,Nebraska,Russellville,KY,Kentucky
7c48f592c72dc7833bcf4eb05fea3446,"Columbus,OH -> Warner Robins,GA",Columbus,OH,Ohio,Warner Robins,GA,Georgia
07da910327feada8e52cba991303eea1,"Reading,PA -> Joliet,IL",Reading,PA,Pennsylvania,Joliet,IL,Illinois
839d3bbcfb5e74642fbc2405d098bae1,"Conover,NC -> Sikeston,MO",Conover,NC,North Carolina,Sikeston,MO,Missouri
7a08247c62fc5725fbd0e56030a8aca1,"Gastonia,NC -> Monroe,GA",Gastonia,NC,North Carolina,Monroe,GA,Georgia
120f75847d1af9131aeb11574d50c293,"Brockton,MA -> Newark,NJ",Brockton,MA,Massachusetts,Newark,NJ,New Jersey
455da54358459f0ec3245385bb85222c,"Chester,PA -> Philadelphia,PA",Chester,PA,Pennsylvania,Philadelphia,PA,Pennsylvania
15e1ca32e1e06a6d0ea883e2490d44f3,"Bingen,WA -> Methuen,MA",Bingen,WA,Washington,Methuen,MA,Massachusetts
8668337a908aabea0439dae4b4fb3dc5,"Yuma,AZ -> Roanoke,TX",Yuma,AZ,Arizona,Roanoke,TX,Texas
bb20c03722164911df7c3d7117d69481,"Compton,CA -> Plant City,FL",Compton,CA,California,Plant City,FL,Florida
448bbdb05fe401005f1dd273343934b1,"Granite City,IL -> Dodge City,KS",Granite City,IL,Illinois,Dodge City,KS,Kansas
0505df0d6d28bc5c925ccd6808597160,"Plant City,FL -> York,PA",Plant City,FL,Florida,York,PA,Pennsylvania
6472ad8407b6bf3d5f00e776121f39b6,"Aurora,CO -> Durango,CO",Aurora,CO,Colorado,Durango,CO,Colorado
0cfd23a35ff0da991a323e0a548aae6e,"North East,MD -> Lexington,KY",North East,MD,Maryland,Lexington,KY,Kentucky
8f49aea764527849a3c829dec2b01bfb,"Crows Landing,CA -> Commerce,CA",Crows Landing,CA,California,Commerce,CA,California
6762df9206ebee703e10bac859e6cc40,"York,PA -> Newark,NJ",York,PA,Pennsylvania,Newark,NJ,New Jersey
6a41abeb00faa6d71283dc73e464c665,"Jacksonville,FL -> Florence,SC",Jacksonville,FL,Florida,Florence,SC,South Carolina
195b354b544e78e9e4e68dcbdee1693e,"Salisbury,NC -> Gastonia,NC",Salisbury,NC,North Carolina,Gastonia,NC,North Carolina
a21be176007f957dce910cad4d1ed087,"Las Cruces,NM -> Reno,NV",Las Cruces,NM,New Mexico,Reno,NV,Nevada
1ac67def79c488a54104953d63bdb75d,"Pleasant Prairie,WI -> Fort Collins,CO",Pleasant Prairie,WI,Wisconsin,Fort Collins,CO,Colorado
cc4e81c1629de4ee9b17f8afeca646c0,"Romulus,MI -> Baldwinsville,NY",Romulus,MI,Michigan,Baldwinsville,NY,New York
266eb6a7d841b48268c9b2316d72264f,"Jacksonville,FL -> Sumter,SC",Jacksonville,FL,Florida,Sumter,SC,South Carolina
10600dfc2fbf16ca604a96dbaf20eb74,"Kansas City,MO -> New Haven,IN",Kansas City,MO,Missouri,New Haven,IN,Indiana
588ac80e48a0d9cfab2e57be1973f8dc,"Bushnell,FL -> Savannah,GA",Bushnell,FL,Florida,Savannah,GA,Georgia
eed2853a03a24c2a05d3fb8552e4c441,"Plant City,FL -> Newington,CT",Plant City,FL,Florida,Newington,CT,Connecticut
704f53bbd8fe6914643013f3fb3c0fe6,"Aurora,CO -> Hutchinson,KS",Aurora,CO,Colorado,Hutchinson,KS,Kansas
8116ac4a37f190f7bcc86dcb9d9deb82,"Williamsburg,VA -> Raleigh,NC",Williamsburg,VA,Virginia,Raleigh,NC,North Carolina
9c3507bee393bff855783f28a6837164,"La Porte,TX -> Monroe,LA",La Porte,TX,Texas,Monroe,LA,Louisiana
0d45b6b09b643baf6a011bd0b786906d,"Cartersville,GA -> La Vergne,TN",Cartersville,GA,Georgia,La Vergne,TN,Tennessee
ce19727c2e3dc5506c654166793ce082,"Granite City,IL -> Harpersville,AL",Granite City,IL,Illinois,Harpersville,AL,Alabama
18b1cafa73b7f7a4ed5976f1854b2816,"St. Louis,MO -> Tampa,FL",St. Louis,MO,Missouri,Tampa,FL,Florida
79912785efd4165e5463fd6d7a26b722,"Fort Collins,CO -> Madisonville,LA",Fort Collins,CO,Colorado,Madisonville,LA,Louisiana
3880a5a26ac21655c736bb50839acba6,"Granite City,IL -> Norwalk,OH",Granite City,IL,Illinois,Norwalk,OH,Ohio
c19819b63687b819ea49ffde37af3688,"Portage,IN -> Buford,GA",Portage,IN,Indiana,Buford,GA,Georgia
9d577131d15d64bfaa7103168103f330,"North Charleston,SC -> Memphis,TN",North Charleston,SC,South Carolina,Memphis,TN,Tennessee
b2d27a4bfc470bd09123f8908c2143cd,"Fort Collins,CO -> Rapid City,SD",Fort Collins,CO,Colorado,Rapid City,SD,South Dakota
c78720c575d89b79ff578494ac744f01,"Saint Michael,MN -> Minneapolis,MN",Saint Michael,MN,Minnesota,Minneapolis,MN,Minnesota
3366479631dae9cd9daea9ef01acea7c,"Los Angeles,CA -> Columbus,OH",Los Angeles,CA,California,Columbus,OH,Ohio
088f0cbe5af7dace88b6da4c1e59a0ba,"Jacksonville,FL -> Rochester,MN",Jacksonville,FL,Florida,Rochester,MN,Minnesota
579ac3052590bc65e140d0ecf9119fd7,"Staley,NC -> Brooklyn,NY",Staley,NC,North Carolina,Brooklyn,NY,New York
4275166c29330d43498615631fc42ddf,"Houston,TX -> Roanoke,TX",Houston,TX,Texas,Roanoke,TX,Texas
968cc1c6244dd15700de1c2d95724e5b,"Jacksonville,FL -> Fort Myers,FL",Jacksonville,FL,Florida,Fort Myers,FL,Florida
d67ea91825020ca5d30caf021b5fea00,"Dothan,AL -> Montgomery,AL",Dothan,AL,Alabama,Montgomery,AL,Alabama
224dafc0b612085d0565fab4f7b81aeb,"Houston,TX -> Gulfport,MS",Houston,TX,Texas,Gulfport,MS,Mississippi
16d7b61340d910d5dda29ca36b0b11f5,"Phoenix,AZ -> Millwood,WV",Phoenix,AZ,Arizona,Millwood,WV,West Virginia
46fad9ae2e0d920e2c6abfd96c47793d,"Denver,CO -> Tempe,AZ",Denver,CO,Colorado,Tempe,AZ,Arizona
17785af337e4238ec9a340edd015c1dd,"Wild Rose,WI -> Reading,PA",Wild Rose,WI,Wisconsin,Reading,PA,Pennsylvania
ea8f4ba7af88d1a06fe7ad9ca1179b4b,"East Greenville,PA -> Pittsburgh,PA",East Greenville,PA,Pennsylvania,Pittsburgh,PA,Pennsylvania
404a20f37c6c59f409185472f942eb4b,"Cartersville,GA -> Upper Marlboro,MD",Cartersville,GA,Georgia,Upper Marlboro,MD,Maryland
c40111643ef5c0a9e5f85fd5b5874f55,"Charlotte,NC -> Swedesboro,NJ",Charlotte,NC,North Carolina,Swedesboro,NJ,New Jersey
c4c2e41f9ea197764badfad60302375f,"Wanaque,NJ -> Lynbrook,NY",Wanaque,NJ,New Jersey,Lynbrook,NY,New York
63be31aa008c6e94559d07976f7d4bd8,"Baltimore,MD -> Berryville,VA",Baltimore,MD,Maryland,Berryville,VA,Virginia
cc5041ed96b4a02d093ecdb02f7ec189,"Laredo,TX -> Chapel Hill,TN",Laredo,TX,Texas,Chapel Hill,TN,Tennessee
e5f9de6a63983ab437b2728abb93ca72,"Granite City,IL -> Mansfield,OH",Granite City,IL,Illinois,Mansfield,OH,Ohio
3c584fec96276d2213e9fc70a4528ef1,"Ontario,CA -> Tolleson,AZ",Ontario,CA,California,Tolleson,AZ,Arizona
c06da91c344e4eed82e3775a34fe344e,"Granite City,IL -> Tulsa,OK",Granite City,IL,Illinois,Tulsa,OK,Oklahoma
00e5ec26d543e9ff8efe96b3451aa7b5,"Linden,NJ -> York,PA",Linden,NJ,New Jersey,York,PA,Pennsylvania
ca5b02706dd8d650d34f1cc918412916,"St. Louis,MO -> Smoot,WV",St. Louis,MO,Missouri,Smoot,WV,West Virginia
4f18d91a9c97be5822b743c4a50e5d68,"Portland,OR -> Commerce,CA",Portland,OR,Oregon,Commerce,CA,California
3f0585560d215bd941ba4fd1ca530be2,"Jacksonville,FL -> Huntsville,AL",Jacksonville,FL,Florida,Huntsville,AL,Alabama
e03a19bbc9712a80760f43f5e4e43997,"Walpole,MA -> Newark,NJ",Walpole,MA,Massachusetts,Newark,NJ,New Jersey
4759390b11f288a006c1d112a52f2987,"Medley,FL -> Allentown,PA",Medley,FL,Florida,Allentown,PA,Pennsylvania
633d85ab303ec3cd395500954132fe65,"Brooklyn Park,MN -> Lakeland,FL",Brooklyn Park,MN,Minnesota,Lakeland,FL,Florida
7d662b48990340572a5e639ec14683b8,"La Porte,TX -> Hattiesburg,MS",La Porte,TX,Texas,Hattiesburg,MS,Mississippi
1d9132040961e08a78b06678986c03ca,"Jacksonville,FL -> Sarasota,FL",Jacksonville,FL,Florida,Sarasota,FL,Florida
a5dbff3ef416edd5a7a5df1d14261b5b,"Norcross,GA -> Atlanta,GA",Norcross,GA,Georgia,Atlanta,GA,Georgia
51a391efe6759b554e62176bcb6ed5ae,"Colonial Heights,VA -> Asheville,NC",Colonial Heights,VA,Virginia,Asheville,NC,North Carolina
b3b5f73e6b6039f7788420d84e6cfee6,"Fort Collins,CO -> Trenton,NJ",Fort Collins,CO,Colorado,Trenton,NJ,New Jersey
253b535bf223584050f2b2a93e538515,"Crete,IL -> Plant City,FL",Crete,IL,Illinois,Plant City,FL,Florida
3c79cf0f9e2f9f85b5f61a0db88a80e0,"Newark,NJ -> Erie,PA",Newark,NJ,New Jersey,Erie,PA,Pennsylvania
18af6d71db53849c7996595dfb792a1f,"Los Angeles,CA -> San Marcos,CA",Los Angeles,CA,California,San Marcos,CA,California
8d5a920174e0b91fc45a20b435bb6557,"St. Louis,MO -> Fort Lauderdale,FL",St. Louis,MO,Missouri,Fort Lauderdale,FL,Florida
e01c0abb6b330b92b406d82dc5814dcf,"Pearl City,IL -> Plant City,FL",Pearl City,IL,Illinois,Plant City,FL,Florida
9cd24cdc1a364b562d5124180cc2cf2a,"Columbus,OH -> Calumet Township,MI",Columbus,OH,Ohio,Calumet Township,MI,Michigan
13c54dcc7eb78b73ef5652a458c8f2ed,"Houston,TX -> Greenville,TX",Houston,TX,Texas,Greenville,TX,Texas
3cd7505bcd93cb6d21ba26bdfc2d3ac4,"Conover,NC -> Evansville,IN",Conover,NC,North Carolina,Evansville,IN,Indiana
d291d4884d824a1a90d811f51aebd59b,"Bridgewater,NJ -> Canastota,NY",Bridgewater,NJ,New Jersey,Canastota,NY,New York
fe411bafddd2a8d0a53da9c6ea6d35c3,"Cartersville,GA -> Rock Hill,SC",Cartersville,GA,Georgia,Rock Hill,SC,South Carolina
bcca2bcbdf02065bd081369f4fdf4e38,"Colonial Heights,VA -> Wellsburg,WV",Colonial Heights,VA,Virginia,Wellsburg,WV,West Virginia
d1cb76da1f0d6123acbfed13471b0e9b,"Union Gap,WA -> Denver,CO",Union Gap,WA,Washington,Denver,CO,Colorado
bb1efd6179aba03683563b5abe5dde92,"Granite City,IL -> Lima,OH",Granite City,IL,Illinois,Lima,OH,Ohio
d4028190fb41631e86477f941ec581b4,"Fort Collins,CO -> Boise,ID",Fort Collins,CO,Colorado,Boise,ID,Idaho
cd1d9eb9a59bd4a6d8d6c429002669c7,"Linden,NJ -> Ephrata,PA",Linden,NJ,New Jersey,Ephrata,PA,Pennsylvania
61ba1cb02343862ed1594b1813d63b13,"Baldwinsville,NY -> Bernhards Bay,NY",Baldwinsville,NY,New York,Bernhards Bay,NY,New York
c0fad475e2ac9e9b306e7f1e7d5525b7,"Salem,OR -> Portland,OR",Salem,OR,Oregon,Portland,OR,Oregon
e8d604e4297ceaa588c7be54090c0b53,"Cartersville,GA -> Charlotte,NC",Cartersville,GA,Georgia,Charlotte,NC,North Carolina
400be5511f7e5fae54f1dff4c57c4cae,"Ottawa,KS -> Tracy,CA",Ottawa,KS,Kansas,Tracy,CA,California
afabcebb8dd1ecff3293fab8f4ad22ea,"Houston,TX -> Pine Bluff,AR",Houston,TX,Texas,Pine Bluff,AR,Arkansas
ec05e7de26326461bc77dbd8f3095bd5,"Chippewa Falls,WI -> Clinton,IA",Chippewa Falls,WI,Wisconsin,Clinton,IA,Iowa
345cc2934bea1997cea2a3f4c4ef73df,"Colonial Heights,VA -> Piedmont,SC",Colonial Heights,VA,Virginia,Piedmont,SC,South Carolina
096bee4471b87c6ddfee5397011389a8,"St. Louis,MO -> Pensacola,FL",St. Louis,MO,Missouri,Pensacola,FL,Florida
e18a6d717d2bad88e2aa0223385e00d2,"Newark,NJ -> Jacksonville,FL",Newark,NJ,New Jersey,Jacksonville,FL,Florida
727270b468af32d6d267ed98c7f36452,"Los Angeles,CA -> La Porte,TX",Los Angeles,CA,California,La Porte,TX,Texas
279949fba5e51832ce17788c065a7b93,"Janesville,WI -> Roanoke,TX",Janesville,WI,Wisconsin,Roanoke,TX,Texas
0180c1e6cd09ef9c6339d4bc77eab933,"Pittston,PA -> Deerfield Beach,FL",Pittston,PA,Pennsylvania,Deerfield Beach,FL,Florida
2452a01ee2d4d60f31c225cfe8544b0d,"Dickson,TN -> Plant City,FL",Dickson,TN,Tennessee,Plant City,FL,Florida
bce7b744d5b41440ac5fcedce7b557d4,"Janesville,WI -> Houston,TX",Janesville,WI,Wisconsin,Houston,TX,Texas
a8f90572b5ba9a6800b909e25f292b02,"Valparaiso,IN -> Ankeny,IA",Valparaiso,IN,Indiana,Ankeny,IA,Iowa
9652706d702250ce20d31422c0b3b27a,"Pittston,PA -> Newington,CT",Pittston,PA,Pennsylvania,Newington,CT,Connecticut
e1ecbaa482a672537bcac23341859a13,"Marion,VA -> York,PA",Marion,VA,Virginia,York,PA,Pennsylvania
d3ecf55011516708805defa1b40363a6,"El Campo,TX -> Snyder,TX",El Campo,TX,Texas,Snyder,TX,Texas
d73d883b02273efa169d123889941da6,"Waterloo,WI -> Wilmington,IL",Waterloo,WI,Wisconsin,Wilmington,IL,Illinois
f3daf3950b7580baa33a6edca1cc87ff,"Lathrop,CA -> Tracy,CA",Lathrop,CA,California,Tracy,CA,California
6b50fe664d56cca9be86e9707feddeb4,"Fresno,CA -> Colton,CA",Fresno,CA,California,Colton,CA,California
42128f3618d009a4820b8d8a1043cec5,"Houston,TX -> Amarillo,TX",Houston,TX,Texas,Amarillo,TX,Texas
4e5b43b7b978403823a64b08d02d41de,"Newark,NJ -> Athens,GA",Newark,NJ,New Jersey,Athens,GA,Georgia
8895f4bf2acc451db6253d6e45762df9,"Fort Collins,CO -> Eugene,OR",Fort Collins,CO,Colorado,Eugene,OR,Oregon
9e3178e815f727733924d930a77494ca,"Wapato,WA -> Portland,OR",Wapato,WA,Washington,Portland,OR,Oregon
2d14223555ff1c7ff89f405b361a31fb,"Edison,NJ -> Sandston,VA",Edison,NJ,New Jersey,Sandston,VA,Virginia
43dfc9bffcc00716bc4e6921adaff7a8,"Tampa,FL -> Laceys Spring,AL",Tampa,FL,Florida,Laceys Spring,AL,Alabama
a442add6796c1550ac3a2498c708174b,"Xenia,OH -> Swedesboro,NJ",Xenia,OH,Ohio,Swedesboro,NJ,New Jersey
68c94558483d757b049e522886c27388,"Compton,CA -> Stockton,CA",Compton,CA,California,Stockton,CA,California
03c5e54f886a0f4d1ebc3ff68c964926,"Forest City,NC -> Portland,OR",Forest City,NC,North Carolina,Portland,OR,Oregon
e6422bd2101eabdc5dc410dfd0336ab7,"Jacksonville,AL -> Brooklyn Park,MN",Jacksonville,AL,Alabama,Brooklyn Park,MN,Minnesota
8a1a5d95e30db07d08a84f6a0d364cfe,"Houston,TX -> Attalla,AL",Houston,TX,Texas,Attalla,AL,Alabama
98a63b993962006578db7d27785ba2ad,"St. Louis,MO -> Cedar Rapids,IA",St. Louis,MO,Missouri,Cedar Rapids,IA,Iowa
69bb900b91c58c1c19d2f71d81c5e397,"Santa Ana,CA -> Goodyear,AZ",Santa Ana,CA,California,Goodyear,AZ,Arizona
2ddb298668585f46884e3023cf961518,"Mount Vernon,OH -> Dayton,OH",Mount Vernon,OH,Ohio,Dayton,OH,Ohio
6bf2ecda580e5f92ae04292f73392b0e,"Geneva,IL -> Tracy,CA",Geneva,IL,Illinois,Tracy,CA,California
31bfd2111657abeeb28644ea93637040,"Trenton,MO -> Reno,NV",Trenton,MO,Missouri,Reno,NV,Nevada
83ec0c26f32644a64bc4f5ed4a6c8480,"Stockton,CA -> Pacific,WA",Stockton,CA,California,Pacific,WA,Washington
10e61ae360b8bd83af1859978647445e,"Granite City,IL -> Bad Axe,MI",Granite City,IL,Illinois,Bad Axe,MI,Michigan
82e2e3bdf7e572281d2ce546db4712da,"Carlisle,PA -> Gardiner,ME",Carlisle,PA,Pennsylvania,Gardiner,ME,Maine
856f256902752bf7cb32252eed151e0a,"La Porte,TX -> Austin,TX",La Porte,TX,Texas,Austin,TX,Texas
d689edce374ba57a24be6773cbac093a,"Hood River,OR -> Cowiche,WA",Hood River,OR,Oregon,Cowiche,WA,Washington
a31cac4fad53e106e3dd7246f70e7d81,"Winnsboro,TX -> Roanoke,TX",Winnsboro,TX,Texas,Roanoke,TX,Texas
c1c8d416a85fc0d28ed5f4b9aea7a9e0,"Olean,NY -> Romeoville,IL",Olean,NY,New York,Romeoville,IL,Illinois
a256b03736caec904f1ab7498d71b7c5,"Santa Ana,CA -> Mount Sterling,IL",Santa Ana,CA,California,Mount Sterling,IL,Illinois
f0feb613faf62b476ddcb7b4ac30be8a,"Cartersville,GA -> Charleston,SC",Cartersville,GA,Georgia,Charleston,SC,South Carolina
2dd596b8dd223a8c305fb79d747b7506,"Zion,IL -> Athens,TN",Zion,IL,Illinois,Athens,TN,Tennessee
bbc4bf7137a515d78a60cc61e82fcb8f,"Newark,NJ -> Baldwinsville,NY",Newark,NJ,New Jersey,Baldwinsville,NY,New York
967882d33a9640380eb01a9c46c9f783,"Houston,TX -> Victoria,TX",Houston,TX,Texas,Victoria,TX,Texas
843ba62ed01183e15fae88191112dd56,"La Porte,TX -> Alexandria,LA",La Porte,TX,Texas,Alexandria,LA,Louisiana
b7742be3ee1993062f57c003483f5bfd,"Hanover,PA -> Portland,OR",Hanover,PA,Pennsylvania,Portland,OR,Oregon
6ea3d5a3dc435de4c79f61eb1dd02e09,"St. Louis,MO -> Thief River Falls,MN",St. Louis,MO,Missouri,Thief River Falls,MN,Minnesota
93b2377b47928bf2e5a29bf35beccb27,"Granite City,IL -> East Peoria,IL",Granite City,IL,Illinois,East Peoria,IL,Illinois
30f3c67637c4c82233fa9f20957353e8,"Reading,PA -> Gouverneur,NY",Reading,PA,Pennsylvania,Gouverneur,NY,New York
c758af6fbbf9b6689518b0dda746017d,"Newark,NJ -> Old Forge,PA",Newark,NJ,New Jersey,Old Forge,PA,Pennsylvania
2b97e004d20cd660f23539bb1dee68d5,"Sioux City,IA -> Republic,MO",Sioux City,IA,Iowa,Republic,MO,Missouri
840b7fbb75dd928e651aa22e57dcf4ce,"Greenville,SC -> Laceys Spring,AL",Greenville,SC,South Carolina,Laceys Spring,AL,Alabama
9fdea333c6909204767b9744cfff3b99,"Little Falls,NY -> Fort Collins,CO",Little Falls,NY,New York,Fort Collins,CO,Colorado
facc296aa00dafac18d6bb507263d5e1,"St. Louis,MO -> Eugene,OR",St. Louis,MO,Missouri,Eugene,OR,Oregon
20ebd37c937b1387d774919dde14f4d9,"Philadelphia,PA -> Gastonia,NC",Philadelphia,PA,Pennsylvania,Gastonia,NC,North Carolina
bedf468c93a595d9ac0b9088986200c1,"Carlisle,PA -> Philadelphia,PA",Carlisle,PA,Pennsylvania,Philadelphia,PA,Pennsylvania
62661bc6a66ef6914a5619c44697e74a,"Thermal,CA -> Portland,OR",Thermal,CA,California,Portland,OR,Oregon
f351d6ae38276c4cec7bd0988a8f6757,"Williamsburg,VA -> Aurora,CO",Williamsburg,VA,Virginia,Aurora,CO,Colorado
289d65fe538d8389af0588d75e1a36de,"Bolingbrook,IL -> Swedesboro,NJ",Bolingbrook,IL,Illinois,Swedesboro,NJ,New Jersey
97a3245832c50cf9f8894ffba202f192,"Lake Wales,FL -> Evans City,PA",Lake Wales,FL,Florida,Evans City,PA,Pennsylvania
30bd933b4c31dcf9b4051946d1ef9a27,"Los Angeles,CA -> Tracy,CA",Los Angeles,CA,California,Tracy,CA,California
b77adc788273ca1aef04f2304c15e5c6,"Los Angeles,CA -> Fallon,NV",Los Angeles,CA,California,Fallon,NV,Nevada
4c18ea978b1c6bcde717c5efbdf340dd,"Newark,NJ -> Rock Hill,SC",Newark,NJ,New Jersey,Rock Hill,SC,South Carolina
06343a5c92efad68eb09ec4fd25d2af8,"Edgemere,MD -> Altoona,PA",Edgemere,MD,Maryland,Altoona,PA,Pennsylvania
417089636d0d8740d572f4d2ed12394b,"St. Louis,MO -> Alexandria,MN",St. Louis,MO,Missouri,Alexandria,MN,Minnesota
52bca50c9422392e53becd1acb6086b6,"Dallas,TX -> Lowell,AR",Dallas,TX,Texas,Lowell,AR,Arkansas
35f5b9dde263413f735ab86ce0e93315,"Cartersville,GA -> Henderson,NC",Cartersville,GA,Georgia,Henderson,NC,North Carolina
f230281cd0a8fc8961de4b0145d290b7,"St. Louis,MO -> Hannibal,MO",St. Louis,MO,Missouri,Hannibal,MO,Missouri
2d6bc04d091c4cdfa8b812bcd3ed31e6,"Braithwaite,LA -> Fleetwood,PA",Braithwaite,LA,Louisiana,Fleetwood,PA,Pennsylvania
1220aabfc4bfc694041dcc63909b9124,"Westfield,MA -> Franklin Park,IL",Westfield,MA,Massachusetts,Franklin Park,IL,Illinois
cc096a30f8c8046a1f6040b8c5470010,"Toledo,OH -> Canton,OH",Toledo,OH,Ohio,Canton,OH,Ohio
a8399d96318f9ae046cdf2acb0efb463,"Conover,NC -> Newton,NC",Conover,NC,North Carolina,Newton,NC,North Carolina
64a3ef424ff693db0f23c01d6a5b9b59,"Granite City,IL -> Grand Forks,ND",Granite City,IL,Illinois,Grand Forks,ND,North Dakota
408238da51b1d156e7400bc34b794a54,"Tampa,FL -> Lockport,NY",Tampa,FL,Florida,Lockport,NY,New York
e1431036dac762f97fa8e47d0976b3da,"Granite City,IL -> Peru,IN",Granite City,IL,Illinois,Peru,IN,Indiana
fb82b1220af9d68cbb9f0109daa13928,"La Porte,TX -> Albuquerque,NM",La Porte,TX,Texas,Albuquerque,NM,New Mexico
bd71a94f96e6e3c8799d1d56bfa2156a,"Tamaqua,PA -> East Jordan,MI",Tamaqua,PA,Pennsylvania,East Jordan,MI,Michigan
f190201d73bb3d5b77baf313a53eebae,"Granite City,IL -> West Union,IA",Granite City,IL,Illinois,West Union,IA,Iowa
0e46f8dee7041539ab363a0aca561e9c,"St. Louis,MO -> Osage City,KS",St. Louis,MO,Missouri,Osage City,KS,Kansas
2724d2b0c4b7a97196ecfb7aa777fef0,"Hackensack,NJ -> Brazil,IN",Hackensack,NJ,New Jersey,Brazil,IN,Indiana
066b15c96180586154fc69282e61ab5b,"Granite City,IL -> Anderson,IN",Granite City,IL,Illinois,Anderson,IN,Indiana
d452e25ad44a22151e86fd838d56d6ce,"Jacksonville,FL -> Goldsboro,NC",Jacksonville,FL,Florida,Goldsboro,NC,North Carolina
b89c44f59a3ddd3f0bd806ae780f5d0b,"Williamsburg,VA -> Beaver,WV",Williamsburg,VA,Virginia,Beaver,WV,West Virginia
81b31b6f6ae97b6a83db690ef212310c,"Santa Ana,CA -> Monroe Township,NJ",Santa Ana,CA,California,Monroe Township,NJ,New Jersey
a0d3589a06d12e85d4ff022a22a5380a,"St. Louis,MO -> Ocala,FL",St. Louis,MO,Missouri,Ocala,FL,Florida
f29592c868cf9e15de555c9344ab03b6,"South Jordan,UT -> Tolleson,AZ",South Jordan,UT,Utah,Tolleson,AZ,Arizona
248fd74d6a70f5bb99a17dc02f07afe9,"St. Louis,MO -> Carroll,IA",St. Louis,MO,Missouri,Carroll,IA,Iowa
05d443883c9cb96c1e033bae085bfdd8,"Laredo,TX -> Pasadena,TX",Laredo,TX,Texas,Pasadena,TX,Texas
