carrier_key,carrier_name,vip_carrier
1c08879ba9880a358e9320c639627887,Carrier 1416491,false
a26b0f05d42e63e2f2d5dad6396b36be,Carrier 1430635,false
d11d4d2759e4b55a5cce251607b6c8cb,Carrier 1695510,false
ea633bdbfa6036bf149452b20981b625,Carrier 1361792,false
41913224ac721bd808414d01433a736d,Carrier 34632,false
c2ef9154ec0a9aeb3d98465a5b0e8025,Carrier 102826,false
d2ca8ea2521eabd861e40626e391cf7f,Carrier 1695549,false
8ad0b49cb547827f696d0434ce0c2529,Carrier 1241928,false
3310d97d71278ce7faba34f2a63f855b,Carrier 1072372,false
f608578bfdd106d6394d2379384a6463,Carrier 1054825,false
d14673bea3129b591e33e52bddae528b,Carrier 166414,false
8e6c17d700886086ab6e741ca3718070,Carrier 1695684,false
4c50476e826fb98767966c4e2d925dfa,Carrier 1168345,false
bcd5bc11647befb6f15809806f684937,Carrier 1594295,false
1bf1977171840214673739f0fa4c6f3a,Carrier 1694857,false
8c5df8c5b3e9bc824b20a2b6faa845fc,Carrier 1215458,false
583ef0abc85399329951c322be339c47,Carrier 1695713,false
056ff3f48f2a13a0c1f362d5c35280ec,Carrier 1615835,false
e626232dbfc8637bf32dfb60156c1a77,Carrier 975211,false
613194bf4f28f7c90d70d1412a3fcafa,Carrier 972055,false
aeff2cffcdd3ee9e51ce1c62abcc06b3,Carrier 369761,false
253d04285ab863f8dcaa140a1186746f,Carrier 1030902,false
569712c8d0f1a2b1625d53dd9300e39b,Carrier 944110,false
a91480121f72d0be5e8fabcca06a04ae,Carrier 98311,true
43eeef8a0589745304e81a5e4d4a6f12,Carrier 1695678,false
b93c6bd019c2d34d14cefdf1672f5bea,Carrier 1695741,false
5792954459773c247781cb448c1ad74d,Carrier 1480516,false
518beeaedfa1eb281e987ad725fdf326,Carrier 866676,false
9b0a5e284a6896134e1beb5fbe03d037,Carrier 1642904,false
8363f11f30df86b36ad890980c267b62,Carrier 1451271,false
ea7173bbd41ae13da28d0d2d9d1e222d,Carrier 1022199,false
e9d092b3a7c0a1b9d6605737bf654bbb,Carrier 1695793,false
baf646c024d9e10da96174fb65710300,Carrier 1069611,false
7fb28cdf1c6b503ee40c1fbbcc1135a8,Carrier 1005988,false
6db1da9ec99b7e3013ff465ca1337077,Carrier 977012,false
ff1a160d2d57d77dd29f2380a34e98fd,Carrier 53590,false
d44016814cebd3ef593ab15450a8fd0e,Carrier 178,false
a4ac08310ce7a010a29f5ffd20d02169,Carrier 1690730,false
ad7504628ea21e806487cfed156eb1ca,Carrier 1073769,false
41058c078ed6ac78a6e124e11a52a909,Carrier 1460563,false
016204f25f6a06f0870453e05f5f77ea,Carrier 125642,false
3501544c1eb15afb334a58b9c2daab09,Carrier 1652456,false
80deb2ca713d3b5f173b96141e02d7ff,Carrier 1693961,false
fa79839ebb24a47a1fe3be86d50d3f44,Carrier 1241917,false
f192b922af9d1fb625ad6cbf7b04f211,Carrier 116644,false
bdad02a33d2f8f5fc01f0a6a0acd60b7,Carrier 1549011,false
fb8b21dfc619e7d59c48c736e0717c23,Carrier 1135169,false
96d2d2986aa02ecf5643fed7e75c266b,Carrier 55977,false
1aef3ce38b31e3d6ce01ddf223e1a993,Carrier 75065,false
446d1f54ae29ad558019470ace7237f0,Carrier 1048375,false
9740f0640f409d9bccbe5fc9f1bbf8cf,Carrier 563947,false
8821eaa4e5a4c93a8441cc38972e675d,Carrier 963502,false
8b7f9a620dfd4f0fc87d36820de555d5,Carrier 985182,false
80019c9993f1f274b02c954f19795e86,Carrier 1630193,false
ea7056f4fefb03d081b30318cb2d0ccd,Carrier 1368850,false
adca752b04da83b3c41d50af5a05f516,Carrier 8914,false
47d9ae8e3ceff5f229b1563865e1a24a,Carrier 1688582,false
4f988a182af67370be500dac457b2781,Carrier 93102,false
271df33f14019b60ee82e3b2cf2083f9,Carrier 968232,false
d0e2b55b1f75091c27aacc80f5baa5a5,Carrier 1008888,false
5497327862d8f4555899a8b1fea1d980,Carrier 102291,false
bb06b0b4e2211e7703be04dbf1b50296,Carrier 1679421,false
e8702d4a6ec06a0ee2d9826fa8de0e9f,Carrier 1246950,false
5c53bfafc2881577fa20e0e557f2bc46,Carrier 43527,false
0b51da21480e5c5d76142f14991e82ab,Carrier 1215355,false
00b034bfcb296f42e7f59fbc7b4ecc4b,Carrier 1493762,false
9cb75e3468238b555c0bc4ffbc157453,Carrier 1326586,false
f4a734b3ffce102444f7aa0a9fe54670,Carrier 48803,false
17305a3cba6d4293622ae1a9e25fa621,Carrier 1690203,false
29aefce0d01dfe075af702e107691e26,Carrier 1695292,false
eaa7d601a799284ad86d193164c9a7f3,Carrier 1031719,false
e646dc819a359306315c315f8555f610,Carrier 1330887,false
6a91a586b5b379cb9a5b3d1633c8bcdc,Carrier 1086797,false
8cd1c122921811bda9928a8556f3e57f,Carrier 1604335,false
e3aaa5e8a5175ef9bd98585f5c52c248,Carrier 5043,false
5c974aee98422297fddff99cce62b1c2,Carrier 1215362,false
78ff35e902cd2f626c3ed7d9c006fdc2,Carrier 51917,false
b52507f9afc2d446a8aedebef00e05fd,Carrier 104161,false
747d2cfba3f8cd9e92c6e962ba875bb1,Carrier 73257,false
b21d91accaef1dd95b85e41b8f38e913,Carrier 1611471,false
98f2ae6d2f56adaf0bbf44e7393f5288,Carrier 1307209,false
821e162878ca576da17d7ef5e8658c38,Carrier 982751,false
5c4b4ad55f3303610b685dd7b15fd756,Carrier 1011047,false
b77924354a13c374d134c06158fc899b,Carrier 19266,false
4c7c557df550f07b70e133aee0183e7f,Carrier 1695811,false
afb51590356a6146f93b84b3d6ed5f97,Carrier 33983,false
ff018a60cd85a251dd9192d90a264a21,Carrier 13940,false
09ddd078e7d46a98d7b32b4f0ffa6bc3,Carrier 1139729,false
4b254ac2b51cd3f5aae410ec7ab8d5a8,Carrier 1180379,false
7a54184995740abe3719e38fe0060085,Carrier 57045,false
300eab893aff62c9cd27a83f1634bdb6,Carrier 1005125,false
5c86ba8353684dff1c2c6efa32c79255,Carrier 1004475,false
215857a94c677b198941c8caa9312b9a,Carrier 1365154,false
8ddd748ecec56fd17a6968a03836244c,Carrier 1276652,false
545a139f9b6ced951cffa68140b771c2,Carrier 1021495,false
ed9fc1eb78e73649c3345667163d2bcc,Carrier 970643,false
4b5cf12079354a3e518d83188e655a54,Carrier 1029012,false
1a5852f566418c6c90dd13632b16c4a3,Carrier 1537680,false
98cbbb1197386a2fe3f0c09ad9b83339,Carrier 86598,false
126904e56ccb9fc66644eb44b66813f4,Carrier 1085726,false
43e19d6091aebacea065579fdda8f427,Carrier 1619928,false
7a42fe07964f8d27d25f6cf26c837487,Carrier 1663138,false
6d0015bec422c96d8f324b12991bb801,Carrier 1695799,false
746cd5777739d694179ed7eb40a51e3e,Carrier 1373640,false
9fa1a84ea38620d84e77a5b494df9fa6,Carrier 942333,false
12f0ebc3205d8ed404ebed32a0041958,Carrier 1147761,false
c429c691e4bfd0402709d65cd7ffa9c9,Carrier 1418529,false
f639ce24af08e889277845082238eca3,Carrier 1042270,false
c676767b4c07bc34c218dec52281f1f1,Carrier 1695403,false
fde31d0b134751299805b6383ee3dcde,Carrier 996559,false
a81d254575b5c2ff336b389ee527ce78,Carrier 1456009,false
935e77e02183424204e37e2a35a623a2,Carrier 33924,false
61cbcf0b60f98a2739823b9d026f04a8,Carrier 1247239,false
34bd86b87fdce79fe6c574f5c4f1ff35,Carrier 1558758,false
2bed33f83f11e7cfecf1c2d80b3b4ef5,Carrier 1695629,false
ad59a7adac7f7ea7d47185a800a1e315,Carrier 1695378,false
f7636a90f1c66680759c76d6c9d147ad,Carrier 112421,false
b2bafa20bc2ee46450e9d20ff4903b1e,Carrier 1357797,false
2bd313d57e6fbf105ea5bcf825de2453,Carrier 62196,false
f9002b38908a71f8b9a8df68fa792900,Carrier 964206,false
4c618c5623e2bdb26861f8227af67eb8,Carrier 1288244,false
7026be7270d4dcfcc83f3c514f28b0b5,Carrier 27246,false
04982afb9f01d3da28e0876059cb2eea,Carrier 621541,false
ea87a0081db9a6ccd3d5a79dec191cff,Carrier 1695494,false
cbb055d07b452c58a0fc5409946f2c7a,Carrier 75676,false
5da8e884ab97e45b640c7a5b2810db55,Carrier 1384529,false
47e1724a4ced5451a57974c88c1e6f70,Carrier 1384655,false
09a1b3b2f5d1a0710e16074ba6162245,Carrier 800739,false
019686494dd95bbb8ccfb91089d409e6,Carrier 113308,false
27906f0c949f1d507f07d960573ab929,Carrier 822981,false
e61f745db18fee7258bda46910049bb0,Carrier 1236,false
201f24148ba5fd5125dd2eb198a538cd,Carrier 16243,false
d2b85c79041e60726fa3c5a633648a08,Carrier 1079632,false
55060c4d2943324fa6421bfca1b3eb11,Carrier 1232326,false
edaa1b0f6ea9e3b0d3da55cd65228dd3,Carrier 1695237,false
566300ab6b346a1686312ba12cba88ea,Carrier 1068362,false
0a7c11fcca2e9efa2d95096c7e3183a1,Carrier 279545,false
b77313a05bd7ca95b9c395f4654aef71,Carrier 1695396,false
3fc165db01e32c58b1c5cacf5d9e425c,Carrier 1695502,false
00572206b66eae2e2757c4fbc46b81db,Carrier 1233002,false
eb81346020aaf613699ad85573e157ba,Carrier 1633527,false
6e65cf72659a6f54493340c86130a450,Carrier 101341,false
44d9fd823c36703594527daca960fb3c,Carrier 1046323,false
bdd503830eed9b22604fe895accd987e,Carrier 1018566,false
9859b56d23f156c670873624ad756de3,Carrier 1060870,false
2ac932a9d7d62f529b72d5c2ed1c1db7,Carrier 31074,false
e199df3a8452aaa40d9247f43fa2dc56,Carrier 72909,false
1149d33abfdee08deec7e6f8b686a1d3,Carrier 77854,false
75fb2d36f88a1f82c49a1493c7777b82,Carrier 27323,false
10041f3e007be43a9afca27bbf79f3ee,Carrier 1452983,false
8ea31f68d71560888de2ee67436ea125,Carrier 1237001,false
5297b93d240edb8f671a53f9e5c3da6c,Carrier 99659,false
7c0857881441181ea0eaa6a7d6cf7af0,Carrier 859631,false
46dc932e098f8fc1d1f694161d5528e9,Carrier 1270403,false
9b801333cb3471bbf1f6bc582c90d646,Carrier 1215313,false
131bc932859cb05c226fedff9b12b19c,Carrier 1070607,false
f8004fc9c64fc43ca83df4deaebdf2b7,Carrier 1356448,false
a74a5336da546afcdf228a4e246d4d94,Carrier 1695637,false
6934c1ef35e01ab1a5cc7a4ef633e3af,Carrier 28948,false
175b05cc33ffbc4e37476479b4f98dc2,Carrier 1017413,false
d8c492ce8b6b3a24d3d1b44ef98b3709,Carrier 1025710,false
691accd581c7b1b041165f9576820e90,Carrier 1092587,false
ee4bc230cb6eed8f8214c2ddc7758f94,Carrier 100891,false
3019f4d8b285653089df7f11916add0a,Carrier 90481,false
f300df76ede124d8a0a58f4f33f1d44a,Carrier 107434,false
41f4b9824fc834e35be45447b6f27c1e,Carrier 80744,false
27d885a08d1a5f7a2d20d716ac130810,Carrier 997348,false
8658deb23a3e3078149e78803d4f4c8c,Carrier 1657136,false
ae157633d1a99a9f2325ed6ef9bf212d,Carrier 27623,false
3a446d52c4f7ca6e7943b7b420f587ef,Carrier 1492064,false
70d89ea9f9c41ab57daace136b0e50b9,Carrier 1323292,false
c5aefa1f5968ba0c9f289e0c0451f7f7,Carrier 1695436,false
0cd91c971a7ce9b2ccdc0d1be7f3c662,Carrier 844999,false
87656b9b100324240141abfd24ef9c62,Carrier 68912,false
edcd8c2174dc67e2bd35a5e7d7c2b613,Carrier 1044218,false
83b769057e3eca17b826f77192a726c0,Carrier 1695487,false
3850ba230ae12157f0ff185f5628b668,Carrier 1645011,false
52d06cf9e6561aae4c2861e94a53dade,Carrier 40344,false
557f7b85fda602f8e667ca8dc32bc988,Carrier 1542284,false
7fdf1db6f0dbe27999f8453b2c6176e9,Carrier 44490,false
fff6287fb9c4c92ff995d97a04d2c72e,Carrier 1695552,false
da9ab38932934021c990c8554eb50b44,Carrier 48399,false
e383edb1c66b7d845c98fb783bd2419c,Carrier 1695267,false
52e39b893e732db3d8b1d645a2947084,Carrier 88114,false
5609448f89df11b1f52c063637aca59a,Carrier 1695476,false
fc2a5f27d91429784bfc3c24ee5a6811,Carrier 56439,false
e6df2826b0d49cd99c4bc87adcb75e09,Carrier 1244161,false
5b7c7a2d7bc8eb98123e2f1a2022082d,Carrier 47895,false
d300921fd9ec522b2dc1a79970d46134,Carrier 1020684,false
46b98b0ed99de73202f5da3e93830a71,Carrier 1236400,false
7bfcc4f97f9e47d8f9422fed4a60ca6b,Carrier 1053113,false
f3c129fbacdeeb4efe73d2a82e7d6554,Carrier 1370808,false
46c58153e552da61b49ce21ea8ff656a,Carrier 150473,false
52de7941d9a1b9e231be8f9a95f5c6aa,Carrier 89768,false
890cfd59be2324741de5c482c103dde8,Carrier 995344,false
d7fab0ac0e355c07427e2d61570521cb,Carrier 1392733,false
a3af80ca69fdfbee0a462d051ce58e0b,Carrier 1051754,false
a7f98d6d704d5e646b880b3d926da282,Carrier 615933,false
6e514263136379c602c3acba509bdff6,Carrier 1469806,false
f4f91293024786260914102ff3664427,Carrier 1352784,false
bbd19fefd2bc599bff0589af753717f4,Carrier 819914,false
02014ccc75ccbcfe612c93954ffdbb1b,Carrier 1036149,false
6530735fc4f5c95835e54a94e5286ae1,Carrier 534322,false
e559d54ca8dc8f39429bc0a3d010bc67,Carrier 1567920,false
7543a5ae2b9d42ae0084a9e5d43bf48a,Carrier 2242,false
2c4bc1dde3e5cbe0faf784b0b568de35,Carrier 89517,false
b2b9eb0f45aae4be3643eb171bae3c24,Carrier 107790,false
ad0b18e73c2fcc872362cf1611875440,Carrier 101590,false
525acb79742867c357ec36d290d08bbe,Carrier 1492069,false
a92df9b3959f640982822115fe852473,Carrier 330332,false
3de7ef774931ca9fb4c6cbab6144008c,Carrier 342587,false
ebcba4a5957f0e4d97a9fe49a3833e2c,Carrier 117599,false
746191ce68940fa0f1b8a7b640be8bd7,Carrier 1693588,false
adce7e391c1c981120fdf2f7b1db42b8,Carrier 132245,false
c42a58fbeb42e131647f81bf3af65c43,Carrier 1564828,false
505905236ea5261b8a8850ae43e17c54,Carrier 1396474,false
41f6a17723bff2053df2cbba1cdc6f7e,Carrier 1629986,false
6dfe012834cbb86ce42d11ebd56691ad,Carrier 112737,false
ccebd9f8f50e577a93663d5b9dde2d97,Carrier 102506,false
a215153723e4ae3c7533cf3743851276,Carrier 804095,false
413aa7c60e42c8b3b7c77b84b1eed132,Carrier 1538656,false
a797f64eef140fe3047d02be3f91cd0c,Carrier 1333637,false
dbfd4aeef7c3f0c690b716fb1ab5ffc9,Carrier 1693531,false
52cb5d2ea6f3f0c39a6bf885a452cb44,Carrier 44275,false
5da5b2c39b7e1c7dfce2eb9c450633e2,Carrier 1541941,false
3403d3df3e2857b5ba204e5c1aff44de,Carrier 1695622,false
1c5c68b1aff27e7165abaa53de1020a9,Carrier 53313,false
961d30141d704a9021212793195f1be0,Carrier 1395917,false
d978128e18279c0078e9104c12f60c3c,Carrier 62084,false
e784b42e00a2420b29d2443753507ee4,Carrier 24871,false
4cb3b4d668228fd33ab86d430624847c,Carrier 1080621,false
6bc1fcb93e749c2b042544cdf353bea8,Carrier 1693590,false
127a66adc0b8e3a734db995f9245b8a1,Carrier 1533562,false
a8096b038ec177659fe5199f7540988f,Carrier 74294,false
6c33ca21087b6d5145ef6e4fb91861e1,Carrier 922672,false
2965becd7eee36cf3a85528cd0ad976c,Carrier 257959,false
2abf4c03b27d430823aeb875e8462e62,Carrier 1284276,false
dc250cac44e557924f0455953217f7c1,Carrier 1695178,false
ae47945a353e99dbf1195271d4adcecd,Carrier 770385,false
a2a915035ad1b660b24f20cafcebc9ed,Carrier 1064075,false
fd7ed6ea645d2a73a0a53ee8faa51450,Carrier 367380,false
da28c9075fbf5266a144566343797e7d,Carrier 1556250,false
a158dbb3e262b9829605f7e4751ae770,Carrier 186649,false
404679a27507bf118f8c6409cdedeb6d,Carrier 1215449,false
03534d9c5c7ef491af17470e399e1ca4,Carrier 1314803,false
ced8cba3f2b6e298a65f9fcba584a487,Carrier 68695,false
25ca4c3a81fd5142ae6768ed1d24bfcb,Carrier 956851,false
c0ceb9d4cc8b0ad6c290be33a29ac9c6,Carrier 676076,false
b5a6bcda4677df7f6c71230fa008cca1,Carrier 1439150,false
bba3efa66fe0e07b1c846a94b4524534,Carrier 1603665,false
cca84f7b0d4aac3a98518c11b2d8a85b,Carrier 1693395,false
f0bde6f8192f97d076674963dc52d30d,Carrier 111635,false
e741227cdd74d9af63f84ef6476570e5,Carrier 5046,false
4c61d04029e951c06d94a249822116cf,Carrier 994003,false
dea6ad6a7787e0b43af1a4adfd368c20,Carrier 1247402,false
931c82bd0d8abaa3d8e98343dacbb20f,Carrier 1159765,false
2fc287ca55d2edb9a6c603b484bf5322,Carrier 807783,false
89f7d765221a2671e096c5f9853e4251,Carrier 54491,false
062227b950c45cba294a9b7dabebba1b,Carrier 1695276,false
64b5ab943e31c60af262422610f115b9,Carrier 1358580,false
44f240426efce874f2077861e3c6e430,Carrier 1695765,false
0c400a4ec0af285c4985306ac52cfee5,Carrier 721815,false
600f0fe42cf94162c3e95bbcf1a71219,Carrier 1239696,false
6af29f36571259389752e93bea9a1729,Carrier 90912,false
c9279a8a4102a13674f771938a598df3,Carrier 110438,false
0a7e36314640d1ee37dae8763ec082a3,Carrier 7364,false
0789abf937ec9a5d74214a41bebbfa9e,Carrier 718215,false
fa79312f589aa5d5faade62689e05391,Carrier 2058,false
bd1515cf3a4564b3b7de6f941358d97f,Carrier 1113714,false
d04895794d0e5ce697d4f62a955b78dc,Carrier 785331,false
41aa8242623605d662c398f4b7c4785f,Carrier 1204805,false
83a404742053cf6293a554731bb69de0,Carrier 769878,false
ed0e03c8ef094e8270793817adad6533,Carrier 678129,false
cc3a67cfeb3138e9d7f423d555f869bc,Carrier 188447,false
2b4a37b9cc467e0a211d52b0b0e8b651,Carrier 1084492,false
576a1b6c89bbf3b5dfe2f72e8ebe2928,Carrier 1215451,false
8deec4af4749170a305a04a105cf443d,Carrier 1323310,false
5d2853488af166a6a92f63348e063445,Carrier 1065224,false
4c001afb2cbd7a3f9f0d50948874d138,Carrier 1277662,false
270593decd39fddb2fd00baa2579aeec,Carrier 1101418,false
515df51e1f9c08a3342bc4e07c17e729,Carrier 1468637,false
a2cb4c25e02c4acc9d94147f8f0494aa,Carrier 16525,false
4f41e258d7eabb9abebdceaf7df85ee4,Carrier 1475092,false
3604e16672668c1651fdac6f1dbf14d7,Carrier 1624331,false
53baef0951d4f8895052d48b49935cd1,Carrier 1636290,false
e2c11813b148c103da6e01b3f242370b,Carrier 1693390,false
2e0ec6030e8d4c612ccac08955b631d0,Carrier 1058714,false
cd9a105cdf4ff2f07a2e79252632080f,Carrier 87075,false
b01ffe452d6df97e148683c5aa2a1dc8,Carrier 326118,false
81e25c4d7a64a28824ccceec3946726e,Carrier 1477927,false
c5bd5177e70233d349f00fde0992766a,Carrier 14950,false
adcb65eb4ae42360c7dcd79c891391cc,Carrier 1020435,false
b1a464bec8d0056cbe1e6dd5cdf121bd,Carrier 765902,false
983b2875f41b9dd23e2383c11865ce87,Carrier 472163,false
f1d82690f4b187fc2a64095ee315d899,Carrier 1297336,false
339cd17ae3784b535bfa85b859f3f2f2,Carrier 38031,false
60a720d130d25b47335ed08175513df4,Carrier 872938,false
d8bbcd7fcd7ab1c26aeb38b4dc3fc1ed,Carrier 1069795,false
ac58a705e8e9f50e2c1e3c2eac620362,Carrier 1695737,false
f3408d2c3fe05784c0256ee5dc8ab018,Carrier 1237602,false
ce9b36ff40990f1e33459d4b78a1bc47,Carrier 1084503,false
3d3a03086c6ffde801000c6e89d96ff8,Carrier 1695272,false
8f318d1de9dadd6f05d2018d9e769eda,Carrier 1693814,false
d262113312f026152d56288d96b65773,Carrier 1200282,false
d98d9e147155feecf64c226bb9ec24f3,Carrier 1486119,false
8ad4408072853729232970f8bc8f79bd,Carrier 21656,false
f352621b564fce02cef3772d5ddb82dd,Carrier 97866,false
2e9c95b39d5e33dd81058e7e78922b60,Carrier 369899,false
98bad3204af99efe1384b594b44fb8a6,Carrier 80546,false
d28b65357b0eb8aca0363a5e0e37178e,Carrier 5631,false
ddf8b332fc769a1f821fa50384e00abd,Carrier 91391,false
faed9e34251dab3faedfcebcb25bb0e2,Carrier 1694091,false
267b35b621859ff21f23b961d26408a7,Carrier 1394523,false
dd5cbe481e3e8e44a8b434055b305b70,Carrier 305473,false
d3b67fa0ba05b885ae839ed97fdccbb5,Carrier 33320,false
4cbf791a9365d800d94a673dcbb9d43e,Carrier 686275,false
b26d5abc180f2f9811bf4d2060ff7f69,Carrier 30737,false
d2e923bfb8454d998a26743093591d50,Carrier 1015306,false
e73d99941863456753c7558d9dd26211,Carrier 51278,false
caa7ad77bcf8f6ae5d5d86ee84497589,Carrier 788499,false
07cd53e7d07fc851f7f77845e1853222,Carrier 71646,false
a1f911dd246b2693af1442e0d6754024,Carrier 1056206,false
b70d6431991e1dde616569489a09ee85,Carrier 370235,false
b98c1634e3755a5212dea4c6695dd2a1,Carrier 1046760,false
2475cff0c7affdd39a0e6397c4361e58,Carrier 862163,false
04fa23fc8ed283e70f882f82d8cced14,Carrier 54272,false
a8630ec1d86433d7058665c627b7586b,Carrier 744432,false
d77f22ee025f8a297df65ab36e0cd0f7,Carrier 632822,false
423a3979e7247ad051f189cd63a07c96,Carrier 1407839,false
8d7387ecfbc3193c4e3093929e49b780,Carrier 941668,false
3cebadc7f2fa5f8c41a3a62f30133d9b,Carrier 1338498,false
9869df72a95eb503c2d21c0d940dda71,Carrier 59401,false
8771f52bfb47d1dd92a9a252220ae175,Carrier 34285,false
f00bfa078ca065d8dfef72c65cfd8aa1,Carrier 43797,false
a91d8f37acb71eddc876010f52a79712,Carrier 1378019,false
d21dde406777affe18363005305b2a80,Carrier 308188,false
810f71d4ba66f660329659e54174e863,Carrier 1693635,false
a9aca6bb0cb31df3b03e671c4edefef6,Carrier 1693483,false
e7c0401b98f5aafd8ef5de668a25a1da,Carrier 678221,false
0504ae179b5fc00ea8d94f590dd9190b,Carrier 1016367,false
1b8b61f1b52b21b2a088fbd6d070c9e0,Carrier 1695519,false
ccc426559c52308939eee00366038ffd,Carrier 88057,false
6d12052df01460ae320729889653e5af,Carrier 1662922,false
b2988a00f704c5fa3d9fc23f69532bb7,Carrier 978481,false
bfa57900f93aa14adf26805351979bbe,Carrier 701464,false
c4df3390282849458c67decb3e3c4ab9,Carrier 119248,false
3790bc3780ec524376c945b0ab2b6bb5,Carrier 1295571,false
eadb8403c838b0351b7477a7da18a986,Carrier 1122319,false
0f9e49a69ff8932e3dda07e34ddc4300,Carrier 77178,false
f82c4fc3c4da6f4fa9a5a37330a5f5af,Carrier 1350322,false
7ba15d4f12a79213523041d3ac706d73,Carrier 1055147,false
bc80f48122302910304d67a4b52d914e,Carrier 61757,false
7be3f7d775ac8cb4fc6e05b0bd75370f,Carrier 975536,false
d5073c5e35f2398320a6c1b3d0b2ac99,Carrier 1071582,false
026a92e996dd3c34fb47a222a40f2b5f,Carrier 54676,false
2a68a3cd7fae50ebbbdeaea9868b1a3e,Carrier 1056260,false
54f6c50ed599eb4619b540d8de84f79f,Carrier 1377349,false
6a994e132b5040e26e437d70360bf255,Carrier 1607668,false
cfe60443cd75191a91797d7fbde5a7f2,Carrier 35925,false
60ff09d9b10d8a12c6c8be8aa2d1715d,Carrier 1695829,false
23558af9e14d83bc170f402b4a1424a3,Carrier 1695447,false
9ca230b9e83b098d0f392ddff1f23217,Carrier 1605508,false
85202618550a06abdaec03785cd71cbe,Carrier 1416008,false
9ab1547aaac3f4623f80b194a1e5b8d6,Carrier 1526325,false
72c4359b16efd37ecfb8ba473178db92,Carrier 590210,false
c676024a0ce57f885d5773ba5b1c0618,Carrier 1066478,false
d91fdf9014ccf8018c5ec68117729cb6,Carrier 38761,false
7201561211f49539489d9b3fc946edac,Carrier 1558665,false
d8bf50db901fa452e0c2a61a15ace8cb,Carrier 78959,false
b40ce87600b78aa6402bd615f6443d42,Carrier 1343557,false
ea21edfbbc1acc6dc304456ad7de541b,Carrier 62322,false
a35e0af9dbad077f1469873e349739f2,Carrier 1695150,false
1071e2629e2f1de4bf09085b93aeddb9,Carrier 1328445,false
e4531b1773e82371db87279a602530f6,Carrier 103600,false
a9a908f9dfe5ae6232f332c4b8a0da94,Carrier 65851,false
250d1d31b5b78a51be64266baa77d0a8,Carrier 984595,false
1bb6163b7126eca9ab77b6161a16f738,Carrier 1067071,false
31dfa2a012fe7bc608d83e226fb2d1eb,Carrier 1034376,false
cca359f4e6a375f95da5b3cf53624636,Carrier 1693724,false
cd8e7711800fc19683b5916bff218be4,Carrier 1362519,false
72498787561b7219560639d451eed4c5,Carrier 1375672,false
11e998d2e6b42322ecc7fccbee30f6f5,Carrier 978321,false
2e04fe5737ae16c3e2dd7f168ca00132,Carrier 1013471,false
e86782c158d38b0c13fce8b39f938597,Carrier 1039317,false
dacc550ad56de6137f943ff39713974e,Carrier 546141,false
e5f9cf6b8f44908d89dcf77599e755e8,Carrier 1235861,false
c68577de510b098b83fa7576e9752cee,Carrier 680195,false
c77a5c6f2d4f5b67599cdab3c5368f02,Carrier 1232674,false
899dc1a65942061522bc525aff021c7a,Carrier 951595,false
37d383f2799ac3c5243272e2eb841a3a,Carrier 1639060,false
9c72960fb63ca2c1685be21e6930f1e4,Carrier 1640414,false
e5f2d011878895b09d017fd799ffa661,Carrier 1198013,false
25265af43bb359b360a190700b308ce1,Carrier 1300149,false
2a6e047685bfbadf2ea1cec883859ba2,Carrier 7796,false
22ba42aaf65fcf141f95cbaeabdfb223,Carrier 142096,false
5756c8cec1288ff7914064641ab14329,Carrier 1219386,false
afb9274ac58944903f3a18d9ae652c94,Carrier 1247580,false
26a823268ba446d727eecef6a7482356,Carrier 1412944,false
cc62d8aed0f09455235b867e28d3ce0e,Carrier 1020389,false
77acc141eae6844335cec893e394bbb2,Carrier 1014395,false
166899be193d7c97b51787b793e9afd6,Carrier 1694888,false
4809023e55e5e8ef3ba605712765ffc0,Carrier 1419154,false
ba20c5ffb902bbdcd079a4ab02afddc8,Carrier 1695228,false
c6d63b622c98b3b6a7ef2987150f1489,Carrier 1356737,false
95e86fba82410dd1fa5a6807a3874c95,Carrier 495998,false
47aa3577562c0fcd507dbeff835b6524,Carrier 958291,false
534e946b8dde6cf2bbaf8bd4287c7134,Carrier 100709,false
6b40496c07dfc5483891998bfffaedb4,Carrier 1693586,false
e91b4c0f1e235362bd3c0d4aa93438ee,Carrier 29044,false
f397a0084fbb935026a3b6d198a98850,Carrier 140448,false
0cd0d451ad218519bc9a423d7324c3db,Carrier 1695404,false
fc3740e9f4455a088cf2b620608afb01,Carrier 1090398,false
014815ec9e6f624654369bf7e97d97f1,Carrier 1215337,false
cbe750f2b9812212ebdfe92db0711e3c,Carrier 1443765,false
6080c0bf3e41cd68dbdd0028141fed0c,Carrier 753660,false
08fba3f815b072c04df178e880fdfbf9,Carrier 503422,false
817fae7aaf4c24d9b489921d17ac42d0,Carrier 1079255,false
dbe4b37eeab767bd76be004d6a8d00e1,Carrier 746100,false
c63127f692c9aa66deac4492d6e73193,Carrier 733897,false
ef73e7dc159f22597afefed1c74211bd,Carrier 14533,false
d493c0ae5c28b0be92110bd8c23a4c17,Carrier 9000,false
b063209955c6f15ea41062c63765ebbc,Carrier 1009479,false
784c321d8fa7f0d6b7dd37d82ae22c66,Carrier 690828,false
e1796646f4dff4aa87442651d5f56b9d,Carrier 1333777,false
2e70a67983366f7f8477ccb4737677c5,Carrier 1491474,false
2a13f618deefdc719787e3ce4d897c89,Carrier 1044520,false
b01eb03f6e60e7159061621f42669589,Carrier 104138,false
53dd62e3ea2f243f574f9ff747d0ac93,Carrier 623469,false
15953c0402e7e59e67fb662546250725,Carrier 13049,false
d93aa50f4c8456e1c49aa3da55338b07,Carrier 1239822,false
700b79f81d15804b0c2019e036c6895c,Carrier 1071033,false
79bceb10a6823c1132226c5964e5af7c,Carrier 613932,false
ad798777afcd0d9b095009edda9a4e7f,Carrier 56364,false
f0428fbecaee615fa4a384ddf4b6ffb1,Carrier 30549,false
4ffa8b51c76cca71e950d94a27800e85,Carrier 1681657,false
4d10e93b769bd8380e7c30425089ded0,Carrier 43490,false
76fc3060f1806987b012b1d93fe02251,Carrier 1008272,false
bfae8b70e7b1e4cefb5e21ca226d400f,Carrier 1431338,false
a3174a0d31e30b9c77af8a7dd72be519,Carrier 1335293,false
94e03d17634b02fdd85229c470280f3f,Carrier 29828,false
5b15f53d8ec7366f23da418e6953e15d,Carrier 23611,false
d5d37d57df4633ce0afe955cd0da1814,Carrier 1695362,false
55a844353768af6d625185457bbb41c2,Carrier 1051135,false
0f8009034a60d809cb7daf12f40e9e72,Carrier 1693566,false
93f6cf8db9280dc07633ff3e4238715e,Carrier 1206565,false
c1fdf9705d4920d84d33561a7a6fa824,Carrier 48101,false
895fe96e646686552d70c7f075578f84,Carrier 1478638,false
afdbe74fc757f49404766327177fabe7,Carrier 1044865,false
e8a1608a6995030d5b5ae1c449a959d1,Carrier 1694503,false
fc57a351956dd8f1e8efb024ad043391,Carrier 1438153,false
f0edab39b4a4068d406500db6579a4da,Carrier 1693572,false
4d4e2aa38196eb8db74a0271a420f636,Carrier 22870,false
75052f4ae8725c705deafbb67306fa7a,Carrier 1215413,false
9518feb6f3eb41be896404ce7be39ab5,Carrier 1673649,false
8f34bd7b7fc4e02c661f4cabb5a05954,Carrier 1046654,false
6e9bf3ae38e05891fd837270569abe8d,Carrier 86454,false
793f53d9b78b6e75bd995e5d9ae7e4fe,Carrier 1080029,false
59baed227c646a4479296e41f39fc868,Carrier 1438707,false
d9fe676a37f79a18895fc1b9448cae3a,Carrier 85419,false
e9d4b5ac8ef8200ee71f488faaf39ff6,Carrier 88202,false
7dfabbad347c4f3eb76c313171ecb7c4,Carrier 1215234,false
8aa2fad0e8e600d190b99f90a5221e66,Carrier 41951,false
6a414d57602362275800b64c87ab8aa2,Carrier 117597,false
4d71aacc304b5dff76c67966c5aaa155,Carrier 1423854,false
25b5d81cf240dda3055df94652b4513f,Carrier 1292114,false
06a79bf759869f9cbfd445c0ba235514,Carrier 1084782,false
0f626af6ce0b7aa61e6750815b209e66,Carrier 969434,false
caf536b18cf7321403c1163a02dd85c7,Carrier 13726,false
9ad00fd1f2fd21c2c6bc84daa16f8dd1,Carrier 152079,false
11d7dff40f068f1e065842d78396bf18,Carrier 1343697,false
bb0f10ce739e2aa9ae3d864eee82b76a,Carrier 1612921,false
b14705f33082fbd40b5d0eaff13ead7c,Carrier 707147,false
0b909778069e7eeca30b42050d7b4977,Carrier 1450227,false
ca5a1b44b4750abe057f6f2fada09dcd,Carrier 1067217,false
dad2fa9ad15342db343bba323627931a,Carrier 806984,false
9881dc486b71da12a9f00d4a432126d0,Carrier 981093,false
2aafce4b88809db0f51d3873a6b7e5a8,Carrier 5996,false
b7c276aae05d180c24bfa7900389a4b9,Carrier 1035234,false
14122c43d4059d81e8612c0cd9dc2188,Carrier 538258,false
27648451d399c6af873b9737100582f0,Carrier 1398711,false
436e7eff86d932d4b0429f105ce8a82c,Carrier 1695466,false
eb3784abb1f4f0cc813275100f67c8a1,Carrier 73823,false
6feef5a4b2a6e26e9e774a22b02738ce,Carrier 1598557,false
d5e56ed574f74c28e9f043153da39801,Carrier 1084795,false
2096b95397a0a9a6add3b4833fd72f2d,Carrier 1428479,false
fe73275e3229b573a17df1a622425c43,Carrier 1072494,false
bf84f7e81c1e4871f34cd7c5fa0fb6e7,Carrier 1452223,false
3e450811cbfb6493670bd9c832115b10,Carrier 1337114,false
c61adf6fb3055604b2ea2cf6629d4d34,Carrier 46177,false
832bcae0d0069c5df0ff9d60e98b5cc4,Carrier 1178263,false
735fa48121fb7227bc866ef3673b427a,Carrier 1353061,false
4a4d1cac422a2e6eedcae3c8b5cdc0b6,Carrier 1694588,false
dcb663dedb0a88aafc4560125a0cca2d,Carrier 1081444,false
8035f8fb6cb5c11da569a0cd65f5ae81,Carrier 1695232,false
0de46a0213dc285b2995d6629a45e532,Carrier 1312412,false
0950ae07fbfeff34c1f5c09faa86979e,Carrier 1535722,false
b1c3be7a9a66b6a2888a3054d2555744,Carrier 982548,false
45417cb28888eb4eb5b5212f8b5ca129,Carrier 361652,false
1536c3d3c2093ec904cb5d6d7898a3eb,Carrier 74133,false
790e676058863ce754cf6a8a72f36172,Carrier 1081611,false
d21bd66ccab81e850d9a4c99c89f1ccf,Carrier 1523037,false
8455705d4bee700c1e5956fb526010b2,Carrier 1452001,false
f44d60266ae4b45e89116eca428a11f3,Carrier 957045,false
fea538ed9d8f6e1e51308f3dc094b55f,Carrier 98244,false
94fd10adfb96580f6a08d6878aa145bd,Carrier 1386087,false
dd4b7132449ee84523cf385c5928db9b,Carrier 1693556,false
a15975fd9d528ea106948f2b04b6cf52,Carrier 109758,false
761df05325c3bbf9123cf71123fe68d9,Carrier 1575929,false
42ca344a5cfd46f4c5421ac462349759,Carrier 928826,false
4b28f771d004e4fcd3c40eff413902b3,Carrier 46264,false
8bcf70b53d98e55b439cddc413073502,Carrier 981000,false
0655df4ecbcf91b89b637145408b9187,Carrier 1561606,false
1cbe4519c8c33d732c2dc3f1f9ea1184,Carrier 377375,false
f69ad7284d52c2cd09de886974f6ffe5,Carrier 1559850,false
60fdafbc4937833246bbd5cc32d5dc7d,Carrier 1372858,false
ecaf728b6b0788e68e55209cce31ebaf,Carrier 1266886,false
1f56360af09883efa20dd1d803994fd0,Carrier 171381,false
615470905e6c2c2e4cee236c9933182b,Carrier 1576315,false
7ba62a41dad198511271f4452b898302,Carrier 1319275,false
34d772a0e800674b2d2826baa5cb7b94,Carrier 1025614,false
237380e6fb8cf5e059430de91a92e583,Carrier 479741,false
348ff7f62d38c860bc68cdd52c362fab,Carrier 955586,false
fd04c9d4608fd4b0505a27a9ab299ba2,Carrier 1352695,false
f04b9c247a18d1d544de15b4f85ad95d,Carrier 1693504,false
8a409ead9d450df986cf156fbf78f7a8,Carrier 1695235,false
4bf0bdb28c1925aa9c4a042ccab411b5,Carrier 974751,false
8059d9a2aff4b3fe5c3e39e7fe771c10,Carrier 1468132,false
112ad46b102ede4c4930a772e4eb528e,Carrier 1634011,false
607a5de83c7d2a43da436eff5a529499,Carrier 1006883,false
2c261a27486a75884b67097f97615b05,Carrier 1011392,false
73528fc012da71fe4725f532cd59617f,Carrier 1027404,false
9e85b4ccb11c147b84b8ed3866ec73f1,Carrier 1150133,false
b5448ae60453018a042555b649e1d2ca,Carrier 28707,false
12f48210fb1ce32401ae064669f16f0c,Carrier 22386,false
d4f234f15e01d29cec14e1d15ed4b8c2,Carrier 1079196,false
c96430e10988d3eca529be68e0ebaf42,Carrier 1039806,false
5ed7b4dbba2389d56d934976e0639f2c,Carrier 1215396,false
25a93667f359a90afcf07490813534b2,Carrier 82478,false
614ecc1ea24c1d30473aec0ad0173bd6,Carrier 1689722,false
1078740d7108a51c0fcb5a02483ac596,Carrier 43200,false
0e0461134bc982e726887d1813d3116f,Carrier 1012910,false
36260c0b41a5425f29538bdefc371940,Carrier 1526477,false
8dee0ac0dc50d385f50254de1ad3e5ab,Carrier 553983,false
b0d010379e8cbe1351e46ba0127faffd,Carrier 79027,false
1f6a48f6621a884d5f9f1aff316442ee,Carrier 40263,false
bc616130b3f4c2b5558f4ca6e5a0fc80,Carrier 44381,false
d233e2b7c119899767d90db649496404,Carrier 1385378,false
d6ca32ec085ee8e07cadca9fdad695d4,Carrier 1695705,false
c1cf62ec281dd7ac806a8a1a426bde78,Carrier 1693565,false
5602c8d76bb0bb191ea6062f9f4f5cf9,Carrier 1169602,false
4f8d9f1ca4fc0be73eb94c43b927ddd2,Carrier 645257,false
36e9e5f8c2b3834daf9e1cfb04fc9939,Carrier 1695676,false
a4c77561da707ca07eafd6af97026e17,Carrier 99500,false
12f0c547edbe4722041d5897d5c994be,Carrier 41201,false
af6afaca613f414b18d0655633d8dc9d,Carrier 1462792,false
7a8e897fe4f4928166b32dcfa2a03d03,Carrier 1035146,false
ebb751a0bee0d0f21df25afd35cefb26,Carrier 1640346,false
e13a13f16c3682ddb75980e1246195e6,Carrier 78455,false
78aace3fbacbfe08befff6bb8bf25beb,Carrier 731927,false
ba010a183c162f498742ebc90415fbf9,Carrier 1695179,false
f49eea7b0db031127858c5f1840e337d,Carrier 1027499,false
159858a04b7635785064a2676267e8f9,Carrier 38929,false
524ba16c49c0ceef00b704f799d2cc60,Carrier 1034393,false
e2b7fe277631dbfb532b254c733d648b,Carrier 1695697,false
e683878a16eef5051770142f46d476b1,Carrier 1160771,false
0ccd702415d33b418b8e41c34cde501b,Carrier 4997,false
4da7db3c5ba152a965a85f3a85c0604b,Carrier 1246409,false
ef3c0e9b33273e3a5ad28fb2e96de31c,Carrier 1280576,false
7f57e8ba2f58653e9d6c18d4ed2dc8da,Carrier 1694488,false
e4bdcc1bbf8aff61e2eb8ac1dff1101d,Carrier 1465509,false
56ff52b28c745a380648aceb68bc8bc7,Carrier 1026284,false
9270b5e2c2c3b40835d93aa620b485f3,Carrier 362291,false
82dc73f2194935d56e194cbf32e8e9c6,Carrier 1052781,false
6b6c01153ab92f05ad6eb8eaae7053d8,Carrier 75514,false
92519765272c7eaddac69b73c2f1ca9f,Carrier 984374,false
a73528260b06f8ed164480cff6cbadf6,Carrier 1695561,false
aacd8237e8556ec9f2530643ec346fad,Carrier 1631385,false
65071493f881d8a6a2c25ea77cb5ce8c,Carrier 1048479,false
163b689f49dc14da377c898385669bd0,Carrier 1036533,false
1a942e062c34be7407cfeba69a676612,Carrier 32026,false
7062dd0e4e73b9aa15f401eb784ceafd,Carrier 1045595,false
db7adf06e0fd2577b047e04a9020b696,Carrier 1316515,false
aba427568069ff4732face7649d51713,Carrier 1041911,false
70cfa5462ff505718d115707224c31ea,Carrier 1695350,false
4534e2cbeea76678f8dacc406b4b01c9,Carrier 1558348,false
fd4e86ecd8ca105ad4edf027332711c5,Carrier 74506,false
98f1cf741f8d50b3c215e65d76a90b8b,Carrier 117594,false
0a98fe273d26f5300b92d5661d6db43e,Carrier 1084875,false
da5afef946550c506034e569cf1b516a,Carrier 50084,false
b16c319fdbb48c37d33971ef97e91e12,Carrier 1086354,false
4f22a496efecd9337b90000d248493f3,Carrier 1008878,false
aa47fc79f637b13fafb8f776b5ede7d8,Carrier 1695088,false
ed0c78055f4adba05112a669e37a8746,Carrier 770018,false
085405774baaa6e40a2fa39c5fa3bdf9,Carrier 49199,false
3d028e88b1db8d183b8564c47307bdba,Carrier 1695369,false
b5c1a6a7c361d32e161e839bd1d7cbe1,Carrier 85072,false
c5a483649f4c51a55b8cefa2ffb3097a,Carrier 65487,false
80713354e311bed37e00ce2cba37c47a,Carrier 1619790,false
dcfde4b1240ace196a9b1353d3e26687,Carrier 1066326,false
3f5571a41ed2e95a0d0a434fe1f8a158,Carrier 994528,false
ab5e8b9694c948bfac3b97878f9ff40c,Carrier 1693535,false
db2b47f7a7e66a6b87d5ae3295de1ea8,Carrier 1608374,false
781716fe247160342cc5957b162766e5,Carrier 73246,false
c4292dfdfff35b2304933bb896363f66,Carrier 685179,false
77225b91ef495d6951bffcb763811e23,Carrier 1500012,false
33fc6bf02ced2d6fc3355a74e9ae7428,Carrier 79585,false
4b9946fcee7e53d654d3d7da488aa0d9,Carrier 1645721,false
d8815a7771c2bf13aca1655961b9b851,Carrier 1022388,false
17dd6470e6e84cbc14ac320f6cdb603f,Carrier 686925,false
86a872e3edc33d3bd3041911effbe08d,Carrier 919999,false
fe02e698018bb0065d18debd9b28255b,Carrier 1025457,false
afbe7315b2d4b0b7b4e264652cf3b45f,Carrier 25475,false
40273c2456fe7a924e310439368eab8b,Carrier 109918,false
49fa2c025e14fb5ee3927141b3d22d37,Carrier 1695534,false
4f26872c50db40780cff64a7a8e2bbaf,Carrier 1003220,false
e6fbcae9431f57b1bb1e1c36e72da2f3,Carrier 1072658,false
8869b6e55d48fdfc50f39df8e7d0c040,Carrier 1435036,false
c7fff916481cabaf8ddcacafc3c54955,Carrier 1669683,false
bcbc0f5d1d04622d3f64581b83edfe2d,Carrier 1695241,false
f9937cdcae38eb0a9147547b339fbe21,Carrier 57607,false
00fa53798d598b666594da4efc78412c,Carrier 572,false
a84c95baeae94c6ffeaffcdfa7facf81,Carrier 1633721,false
c779f81598e1793062b25d96bb5af2c4,Carrier 1262171,false
d0bc3efc15558db6d8d7d584aa27786b,Carrier 1253264,false
9b966372b4232214200c0995fa96213e,Carrier 936214,false
f290fd417c5a1fded81d34ab20cafcbf,Carrier 1677669,false
43e66a15c59bf5b523c756bfb35dfbbd,Carrier 1240012,false
caa3bfeedb0c890b34f323276e69e405,Carrier 1318140,false
715ff3f7b46737691f3494ff37e1b7bd,Carrier 1028105,false
bb2d3e4dfdc618b7a02ceaeed8df6e30,Carrier 1693505,false
4c190f7f471d326b5415fe2257a73725,Carrier 22829,false
08dcba4cc0144249b266b986fed782b7,Carrier 1306346,false
62fedd28676fd5b5497c7e02d94406f4,Carrier 1694789,false
41c0255b5f3421bea2860f9903e8522a,Carrier 91645,false
d000b25c8f2d71a637a77cc14f6dd012,Carrier 1553984,false
0c7907bc420131843cf9c47318c2f6d7,Carrier 71933,false
b2f4348d9d92c752a23171560d9650d1,Carrier 454511,false
3c71ec76511e2249c685acf85c2982f9,Carrier 1695184,false
8a47bba351b25278ea3463e4eab00cb2,Carrier 1060824,false
235d87ed457fecabf8ad6b28ad71afc2,Carrier 1695258,false
f1b5761a75bec1b3fd2cc9c7587051cc,Carrier 1309197,false
970887c020ca96d22c2156ccc125458e,Carrier 116150,false
dd8c6ccec2431596db4c1f7688b87094,Carrier 1218732,false
9c7901d07537b4ea40bb907676666fbb,Carrier 1340531,false
3c64a6ed479f8738cc71a4b5595211a0,Carrier 1285611,false
3d57bf9c81967e260965d37c3681c979,Carrier 1560089,false
39baff3a3885ac33c909cbaba097b175,Carrier 1054239,false
a3fb415770dc586fdc839a78e10d0093,Carrier 1695168,false
54437475629a4fcf925c13b402af481c,Carrier 92157,false
4dbaffa48252041002b4c82bc6a5c2a7,Carrier 1453341,false
3c14008da4cbcbff41e67f07ecd4287a,Carrier 115190,false
2879da8f4b5b79f59f91ff5d2a29bc3b,Carrier 1012481,false
4d733f67ce58369155aaf428393cbcb6,Carrier 1105304,false
37d1b27ace854992cfd84360deea9cc8,Carrier 1516072,false
1976c2d4f604c56184b195629339a54a,Carrier 408796,false
a5615f7efa4e062301b52bfd9b5238cd,Carrier 1057935,false
dcd4ad216ef5dcedc301daf2b5f576e9,Carrier 1694200,false
06f89bd9fedb02539bac5162687ad8f0,Carrier 14295,false
219a39be958b64d708c6bccddb536028,Carrier 1420138,false
87d3f2625900a536104191b49c866667,Carrier 1079133,false
b95f2e5d7d6e34218bcd8761b27cff51,Carrier 65896,false
894da570b3165675acc156e4a7066b61,Carrier 1020284,false
5eccf276021e94875c9d57a458e6fdbf,Carrier 39434,false
6ede44eeea19104439ad39599af2dae4,Carrier 43032,false
966e59f7d7f4dd83deb345ea823ad663,Carrier 10452,false
05ba8b5570e7d98709fdd6a91d3edec3,Carrier 1065016,false
b674107f85a51623253c65162c51c03f,Carrier 1695335,false
6b085e11965f4b8420dbb84301b84004,Carrier 708030,false
065db599daa0530921effdb70434da1d,Carrier 1034135,false
6742aec7b87a5d3b9bc19c5d53338cdd,Carrier 32758,false
944a4da4bbe8d12d260a79608fb09055,Carrier 4196,false
4dc4515cc95de069e8af96b4ad781f9d,Carrier 1695261,false
594ee95a0651a60e3b52467858704534,Carrier 47504,false
c338c29fa94410a796fbedcd3c10c14d,Carrier 81011,false
17834c020607ce62d48bdcba6bd4e3af,Carrier 1682404,false
b5a50a628eceb92d091599d616d594a7,Carrier 1079162,false
1dda071935eab5f97078b4d0b7280d3d,Carrier 1378825,false
8324e0bab1acd5922b06bbab16d47dc8,Carrier 107026,false
e712a00b88a90cf5bb69effae43c3395,Carrier 1063962,false
e26b5c5a5d866ab8575ece4ff64b35fb,Carrier 920764,false
ec25ba0079669ef9649c1991c9771660,Carrier 736749,false
1dd191a4ba36c861e4fbd8a978fbad2e,Carrier 1027120,false
d771adcb81ba2dcb932fc897589b0ddb,Carrier 1333902,false
de2e17b5e1d77bbd9ee7f212f131d50b,Carrier 1695547,false
11f574788778082021b8bc816285298f,Carrier 1367601,false
94cffa2021fd5b9783cb3024ca8e18ff,Carrier 80460,false
a55d0e32ebb8816272782ac161d4753e,Carrier 1042215,false
2400b0fb82dbbec4f43ead77ad187787,Carrier 89123,false
65de106a6df723211087548264451a83,Carrier 971923,false
be0ed2e2ffe3f9fc1f98a4fb911c8757,Carrier 1266319,false
c828bed2d263fd77d930464daed15a12,Carrier 1695646,false
caacd7a6650f4eda3aabac903c626fd3,Carrier 1527372,false
7a198ba10387b6394f0d236e8905dedb,Carrier 1695644,false
bc2089e301e2d611a7aca6f7be084052,Carrier 999732,false
5f5ab1e815348370f5fcb1e5795f3e5b,Carrier 105736,false
9654a5fd7ff691839cf22611db86ea20,Carrier 1695397,false
0701b7819db6aaf3e2acb19285f6b1fe,Carrier 1254378,false
b56b31adb112b1a144068355f46d0100,Carrier 1695596,false
85cf1eff03ea77cbbc44b804339a8551,Carrier 1552174,false
ee4516c8190466575a230809e9d7299b,Carrier 51333,false
35377912248bed4562fe12984e64cf22,Carrier 94142,false
65534c07947cb3069a2aa57b39a77e9b,Carrier 387666,false
00b4ce38de57068c3d20b264a3f1a26f,Carrier 347141,false
aa101a278a3470389f48298c7ec53ad6,Carrier 1695356,false
1451353200e7106c6a3cc0cbedf23a24,Carrier 147833,false
77bd47ee59adca2a85c2793eb88760e1,Carrier 1465972,false
347c854e311e127e681a359814fbfaf7,Carrier 17714,false
32f9274978c1303f7e107d5a38276881,Carrier 946481,false
e1f754a8dfbae3a4fb0d2e2b9dc6b3c0,Carrier 1335358,false
cd844979df9313150342ff77feb4eba0,Carrier 73537,false
acf69ac06a63f91da24c8ee3de325475,Carrier 1199797,false
1053ff6410ed8a0612e120114fbde946,Carrier 988304,false
76791b5f629d395fa7cadd39376ccc89,Carrier 1695750,false
17a7b21e44109637d023c4b7589d17d6,Carrier 1061546,false
aa09d90c583f41194813ccad0b03a6ea,Carrier 1028053,false
52cb9a92f67217119fe77e614748385e,Carrier 1377814,false
e4652d2f4fbb8858d3c4a937641f53fa,Carrier 79277,false
13a67802f9082d83c56a2acce29868a3,Carrier 73924,false
f342a7b2e11589aa52f0ce9600271d3d,Carrier 1694577,false
481d7f2025a24986f48bddcecd944b9b,Carrier 1042794,false
664aa32882c2c5527b26b3d0e50ed20e,Carrier 49010,false
3787e9302cdb572dc244982fe74b152e,Carrier 91000,false
ed5ea235bd6cbe0865e2ff4340f3bf9b,Carrier 1695191,false
74c6a3dd133c33266409c478345d3a53,Carrier 1695672,false
c84cbdcc91723172e0216b742d28cbcb,Carrier 1031227,false
22c85e8b05f3f59a2ecfa4a8f9cdc18c,Carrier 1693500,false
9e7fb8fb3ec06115e398b00600d34bd0,Carrier 22817,false
f5fb1811ec487e11abf1813facae328a,Carrier 104870,false
7e97370e5ffae4f6f08f88e3ada7816e,Carrier 1479797,false
02b00d283a224f39f323415aea1a84fa,Carrier 54470,false
ddc82bad5b29af488363df095bc4e137,Carrier 944957,false
f3add8af9f91c3f479168eba4fd5f2f6,Carrier 671652,false
4598100a389f923fbd607634a431b514,Carrier 107046,false
4c05f3e4d2db1dcc7ff5c309cb699780,Carrier 1548596,false
1203660494255217c43d10678d5025fb,Carrier 1338243,false
4fcb21b0655557a2646e0eb1fbcddd56,Carrier 1497573,false
67ed2510263fbf7905c592b9f7a5dbd3,Carrier 1650683,false
7e07f5904e0a4faeb7dd9b82174cc1fa,Carrier 644327,false
39bbcbc287ebe34613d8efb91592cc68,Carrier 63158,false
f75163fd1c276fa12bffd04613384ba1,Carrier 1240426,false
6306b9f3296684afd4b18e0dd3fc94a9,Carrier 578055,false
2a4e3cfdd50f93be8a46f030ff85c0dc,Carrier 1470465,false
c004acf9de2b3212a1dc81ab4f95797e,Carrier 1695743,false
4c56be4c36b5f739db0798eb6739a12d,Carrier 561280,false
bab6509422a5bab6f63cefcbac186043,Carrier 37151,false
968acba43166d4697be49b751afc1c49,Carrier 41610,false
5452354c08bdd63f9995e3cc6d23b20d,Carrier 1657658,false
92aab912d77fc409f002698cf822d67c,Carrier 935316,false
ce34116180d5e82632c2dc5e2fe77509,Carrier 1226345,false
10e0200cab697c6cc190d67a0fa592f2,Carrier 1024934,false
7d632757da12712710d5933bfbc03a59,Carrier 1695564,false
1fee0181dbe0dd3bdb9021891fd549b4,Carrier 1477566,false
1b9c08c61cb6d8b12c75da142b7d5f72,Carrier 1207302,false
f91f619861ffb75f63e28ef8deefd5ab,Carrier 83985,false
12307645e360b3c112f0c0c8eb7008d2,Carrier 1000270,false
018c5edb7e011e00f7cca5db7eb58345,Carrier 1695268,false
cdfd892d72e09e4e4ab680fed7a943ae,Carrier 1023795,false
8dded54cdf89716adefa4c0d8670b564,Carrier 1457958,false
43795958e53bfb2d290ff5917695c30e,Carrier 86008,false
70118643c1b81477c30c9b94292ceeb8,Carrier 78583,false
67f7a605c35f8f3be832c019adf474a0,Carrier 950663,false
7ab8445b9eda722d48e5a17cc1b5f79c,Carrier 1065421,false
d85d4cbf3a767df0c1e6a3400cc7a1a9,Carrier 360228,false
466bee7605ab1cab2e524ef2913f6b4a,Carrier 1072503,false
1fe39cbcf75d1755f72d3bffdae29d7a,Carrier 1695491,false
8171f0ca8c2fd9e71bc6c6004f7d0f6a,Carrier 86753,false
6d8f364dfb8c36b5e77a709093fadb1f,Carrier 1652195,false
1390072e365f2cd03c78b199593b2354,Carrier 20193,false
dc05b8aee84a1d10461b5ef773f152a9,Carrier 1357003,false
1cd89ea7c44c7844bf1409740732ffb8,Carrier 1366307,false
85fa6cd635edf7f09dad629e5fb6a259,Carrier 94667,false
792b7f3daa620c3dd7b04dfc1ea050ba,Carrier 101953,false
6940db42529905878505d8e05dc54fc8,Carrier 1689911,false
bf7038f4e7e730c68f9a13f785bd14f7,Carrier 1057610,false
0ab11c06cf318a17f687bc912456d211,Carrier 155423,false
fe6c55492238560fc426e9aecf8f7c1c,Carrier 55988,false
763e69e2e415b612e5d8da3cd0b649c5,Carrier 985688,false
01575c894672298c618bc927db2f0590,Carrier 1694518,false
bc3990e64a15d32580c5876861a8ee21,Carrier 1695370,false
11f00f68cda1f4e1b0eb716c85854e7b,Carrier 1287561,false
5dd278a983a86b29bf704a35b9985647,Carrier 65685,false
19d7ca4ad65a7809082e7cedbe34bece,Carrier 567581,false
03a87cbb3abc69588fc061edbbfd4a9a,Carrier 23185,false
a56931e041c44a7e9075ab791c526c48,Carrier 1244343,false
de6663a1d2f54324dd270e01759ac542,Carrier 984506,false
8afd92bf31083674b4ff4eee1747b55f,Carrier 1563365,false
fe2d05f4e892cc12d5a034345c19d7f4,Carrier 1383745,false
0a921fb1c88b3e572a7dc4971549ef44,Carrier 1456022,false
9419d16e4eee4b7f86d8508c175e2ea8,Carrier 1695630,false
0120412b03baf9fc74393846d8068010,Carrier 1693532,false
0a487576d837cf40fa96fdb276810223,Carrier 1476802,false
8abe338eecb808c44ba9d30e499de04b,Carrier 1695566,false
8fedce497873167ede47dbe4ec85f860,Carrier 1004886,false
a0590b84d033b7c1b9067535c6d5ea9a,Carrier 1337148,false
b895813413564f6aa2e4eab4ab83032e,Carrier 1048470,false
f0cf84ad708597b690a5d054d276a6d4,Carrier 1464833,false
12ce28c8548e4baf0cc7cd62502e4685,Carrier 960719,false
d5949fa4f518f1ced330ae5b60035cf5,Carrier 1333664,false
8519b75859856c074eefcb6138bd1d6f,Carrier 72458,false
9ad40a61b4bc17fc3e92c85822fec044,Carrier 368229,false
c7217b0077174df35c1f5550255d10bb,Carrier 852500,false
7a9d6498a2414a90d4e81fcc593de587,Carrier 31263,false
5002f64ab45a217633bf6d25d441d31c,Carrier 88698,false
b6990ba8068556cd2fbe0f30330b113e,Carrier 505379,false
4b9b78998755230ee12ab53337b66485,Carrier 1694592,false
4a439a8832bab4d791901984566ceeee,Carrier 1693545,false
76e736802a5291ab530ddf1382e4c780,Carrier 1687588,false
bf808ecadfe63bf58cbc5c94fcc13d82,Carrier 1313161,false
0de0b65faffb6ea41c6d58220640c3a3,Carrier 977880,false
8840820d0f3de591a5b7397b63f57b3c,Carrier 55702,false
696b031073e74bf2cb98e5ef201d4aa3,UNKNOWN,false
e18aadeee58def34466384c0ec7df1b1,Carrier 1693544,false
d3867f3d417ef8dca91c6aa1b568b411,Carrier 1583922,false
88ee61764235c333fe2f5480013e1c02,Carrier 1681614,false
3a1577192cb496f7bc0f8d718baec834,Carrier 817834,false
22ac765972f453e7529c5322253d9b75,Carrier 83941,false
a38ecae49f6ad05af0b12388f0adc6dd,Carrier 77344,false
1c936637b2c4f8ab638a14df33dcaac2,Carrier 1381910,false
f44fdf62d7d723b0e12c284bbd65ff31,Carrier 1693562,false
171ebc651074d604eddaa47bc9523b56,Carrier 749107,false
85a28bf82ed921a2383865fdcf2258c4,Carrier 1019564,false
6ee876dab0d4a52db916f9b62358fc1d,Carrier 1193408,false
4e088d9f3170c74f05e19285bcd99224,Carrier 1693551,false
25c52cca8a09b6c4fb744b9388dffedc,Carrier 19121,true
903a847e6de8a768b367d14389a594f7,Carrier 1687657,true
04c039d0ac3a63cb0bd0fda5fe862ee8,Carrier 1016288,false
52b5eccd0f1804f13774d94f2c648487,Carrier 1641256,false
11f77b6c2f27edf53231f0d27a28001b,Carrier 1046543,false
298e3808d83dbea611630820f9e22ac5,Carrier 57804,false
4cc87d05978b4a5d63150ca3b064fda5,Carrier 12080,false
b360655aa4020141998baa12fb48b9e4,Carrier 1138362,false
810584c865be91aa3fdbd50f51bdad83,Carrier 1014943,false
36f83d63f10a61f80a08707c58c73329,Carrier 1695513,false
e6bfcb9d5657f6b678e223db29515683,Carrier 1589458,false
440fd6d5a0602ac17190bb477f12dcb3,Carrier 1215454,false
c6d413dd007cdf58eb8be1f053e33ba4,Carrier 945244,false
563e1f19c4feac59a728a6759aa2a09d,Carrier 1240834,false
f48a095cb1db0cd837e8416b9fffea89,Carrier 1006852,false
4ff291ed29870d2bdac2675ff1dc3ca3,Carrier 1174609,false
77fa563d5a9c94feb03a4f9659bb9916,Carrier 1288568,false
22a3ccdc6b7dd49d6219d736fbf2037e,Carrier 1391174,false
4fdf64c70a612b6d514d1efc23cececb,Carrier 1695675,false
92e94e33cc75402b065f99cc723ee4f1,Carrier 945198,false
bde6b3604b9018ccb4e768d058fbc8e8,Carrier 92375,false
b7d456e40c209f490d0d0e48decc4c1d,Carrier 1031513,false
e2d5a56cbd0b6df66481aaf2a6e8c072,Carrier 997964,false
e5af7be89b568c44231b477c7f732df6,Carrier 956190,false
ddb6bd9fc1e817f9b2795ea3220c0bc4,Carrier 1284839,false
11b0ddcb982f4e200d695622b33bbb88,Carrier 1695452,false
f435005a459c8ed3a8280dee02d1d6d4,Carrier 1565635,false
ca49e3e84caf2f4f8a16d44c88825dcb,Carrier 1076253,false
0e92d8c9751bf50320ac8405d1e40a5d,Carrier 1018849,false
1b818315f55e7041def0d193cdc3507e,Carrier 1695283,false
3d17455e738a1b0aaea4e0c7e5682faa,Carrier 1039528,false
bd32f19de1799f26bb61c7b177182eaa,Carrier 1215425,false
04a4c18bbd112c0826fc320064929a40,Carrier 106013,false
604cd719f32b0d1f6d5dd6ac0cb218f4,Carrier 1466230,false
08326b5a1e4557501845897392c52776,Carrier 831746,false
29c3754ba7fbe824f843f9cc11ba0374,Carrier 1541477,false
dc181fe47400cb4f310f3ef5d7803979,Carrier 1445198,false
9f9607feb51da234213cdbfaeb8cc169,Carrier 1569075,false
ee94eff565e5ce5465572b38ca76b3d5,Carrier 53261,false
f3122c3c9b60dddb042cc4584f06f514,Carrier 63807,false
e118bd6222305a7cd263c5c9040106bc,Carrier 961685,false
51630d3ce7189b0e4b37f7c5c43cb2ea,Carrier 1493496,false
edfe45ccecd7e119bd9a06c2fba85da7,Carrier 1674128,false
62a5dea6e34a42b7d523a82f978a374b,Carrier 1674038,false
16a4bbbaca5498a315d7a33a2d62b06e,Carrier 24626,false
e8f9aed41bc97a480c68d949b5f234ee,Carrier 1037993,false
4d93b202fd165d3d2021c1120cce2b1b,Carrier 1055607,false
6cb641891709b41f9f702ec58b228978,Carrier 1296652,false
358a569b0994bc226090a0c3f0e81fb3,Carrier 1473237,false
cc4bef22be436217b7af84b2200cfc5f,Carrier 1061231,false
77bddd736394f2c25de88c4ef4841fc2,Carrier 754417,false
b6144e757a1e8b376d96245936d3e8c5,Carrier 1385680,false
46c6ed8db633ebe35529e5a062f494ae,Carrier 1475635,false
f0e9befb52dd00a1bab80ccf414949d5,Carrier 1695618,false
4ed0a34cf079ef52c884bd23fbf84641,Carrier 1332143,false
0b0eb59b8fabba708a24c985ff71bbe2,Carrier 1127070,false
f866ceb3edf7db0ea900eac78acc2c2e,Carrier 10002,false
ae0cb2b6d1c2b4ada9936e8a16a20efc,Carrier 1044323,false
ff7fb01dd7ee9515f7aac99215eb2cab,Carrier 1007131,false
46113169ce9fe96803064f3174d6cd75,Carrier 1188364,false
f208c669e972dc784bcf02269b0f4065,Carrier 1695274,false
bdcbfde343322f6ff01e3d08410f7f06,Carrier 50093,false
c04a8250214f478618ffbf2c4119ed46,Carrier 753264,false
8931c675ab3a3227e5d5f79f7f8175ef,Carrier 669140,false
1edbba2fd64dcac90dc3ad382f613174,Carrier 1695435,false
905da8d9a54745c16cb420b9433bbb76,Carrier 1044827,true
f1c349f1c864ba1093a617df2e387d37,Carrier 1427844,false
6efd8d77f329b9bd1fb0a4bb13375ab5,Carrier 1538447,false
a0557d7c095aa51ce2b9cd2a54efe742,Carrier 800776,false
24466b5347460a80d9da36033576cb38,Carrier 35383,false
6de9625adc01e90406eac5b66eca083c,Carrier 1695440,false
9d95ef0508a54b8af8b89169798645ba,Carrier 95641,false
d34438a23714d5c8c29f37845c519ac2,Carrier 1367568,false
d899d7c9c92a50ad4f89fee23fb4c871,Carrier 1389244,false
0ac95ca964f288c646aaebfb2e3c087f,Carrier 851632,false
49a83d257e357f8c715ca4266fdfd3c7,Carrier 1258270,false
b17b36dd2668f99abbc7f51f87b34f08,Carrier 505114,false
1f2736d955c44599ab854d1f1ba08f46,Carrier 1010501,false
901d13e6713cf92836e996e11c9e4614,Carrier 6826,false
c90068e1290e4cb1b56b25b9e374c689,Carrier 1377644,false
383ab5f5eb10a7ef2e1924219cb6a99c,Carrier 1378107,false
b6aa567ba63ad4fdd9950d3e34204c6d,Carrier 47140,false
5a4340f553330e721f48560aaa4a2912,Carrier 552905,false
1a8a020d56515209408c313c13221f20,Carrier 398963,false
f8740ada230891788b06aac5b079b8b3,Carrier 1026167,false
08656d5cb691083fed499b10adf162c0,Carrier 1462770,false
a5782e75a4625a571750caaf607c420a,Carrier 558587,false
5c134dede0b31c6713a1de933dfc339a,Carrier 84570,false
58609a7d601e40786c671f4425385965,Carrier 1695607,false
d4725ae1f30ba4bfd4a6307514d2ac3e,Carrier 106138,false
073324eac145d6d2cdbe1c2a3ed2a38e,Carrier 1059377,false
29a93071160b2f0b977f1f9b156c36d6,Carrier 1455946,false
ef2817faac553c17bc4c18c537fdaab7,Carrier 1215415,false
75616023faeef419f0e6c249c0e3a527,Carrier 452009,false
8b9c3c15e84463fc971b920912a69df5,Carrier 997743,false
66e5d95bd223f2f54f9bd7a9a545fc09,Carrier 68743,false
048a9c9538c0021e7afb36e64f962f9a,Carrier 1376474,false
ba19a839c6cb6b439894121208a8fa5a,Carrier 703514,false
d2a424af1cf89b1e5cfbda4d2ac60d52,Carrier 1695863,false
d7c74c03720408b3a98368df33d44010,Carrier 1247885,false
8220df8f5ad38efaaac7bafc05b2e055,Carrier 1631762,false
8a966031b321f8a4cf2f31f34a3f1fc7,Carrier 1612333,false
d325e4f368481771eed557da13ed561d,Carrier 1668271,false
b0a187f2a5949f9cf8de905ebe0c43fc,Carrier 77153,false
d8de9435e68a9833ec5a30ee55490517,Carrier 10589,false
28ef23865f62c574d78f6c1daed5807a,Carrier 835102,false
77d8e9fe5a286680b779ce89df4919f6,Carrier 1084218,false
81890e25be9f337b41227e51ce462541,Carrier 21819,false
2cb081ab8153b074e357feb1469a3c2d,Carrier 928484,false
5e5e55e08fd246704a7e3db9240cd673,Carrier 18801,false
ff86340101fc766cc59bfecf954297a1,Carrier 893486,false
969d3be8a10651a138e826b9437af457,Carrier 33490,false
41e24605fcdbb85a0880b1cd02f32fc9,Carrier 968757,false
2b97968599399e7d48c94656335c744c,Carrier 24079,false
944870a55d32df60cfbe36fa02c13737,Carrier 1325031,false
fde7ee6b530159a780952f0df3135980,Carrier 982281,false
d5d49fd1422ad6dfd144faf4f3f087da,Carrier 1282457,false
b2ee110ca6058cf2e544e2c8013fdce4,Carrier 1027332,false
4982dae9168b9d04ad583457480a2431,Carrier 1236708,false
f8f9eb8a832d8b9fab7689ac41aa8dc0,Carrier 1449921,false
971cc54447bcac3a1bfba386651df5d5,Carrier 359818,false
8e51832f51bf269ef1d95ec58b83cb3f,Carrier 1021797,false
349b7c89706f14d3d3e267f1f9dff762,Carrier 539420,false
81578d97e2b91e108458b879d168818a,Carrier 1492835,false
a1e09c72a83b8f37f48dfc29a1802494,Carrier 3076,false
7a3819aaae0d16598bdb1fe989cac8ce,Carrier 17721,false
3e3a8836e63e3fb429530c276d72843a,Carrier 1144669,false
dda6d3e34cfdc1ef15a2ccd498d93a0e,Carrier 1550259,false
b691bbbc400514dc059b27cd9f73bbcd,Carrier 62921,false
80642c4361db048b1269061b134c2771,Carrier 999843,false
a1ffa80dd51f83fbbaf634febe5c86d4,Carrier 1694533,false
05e26129a38ae4eebe45b82f78030ace,Carrier 8219,false
26b51d0881366aefcb15bba8ffa6d5cf,Carrier 66133,false
1b514f570d263f7499d3b8e9140348f5,Carrier 654897,false
8d40bb08b0d15fa8ead4eeaca042d639,Carrier 66025,false
3b747a84aa68289a98e69412102b75ac,Carrier 703622,false
d5708e187151d8125aa05069668e90f8,Carrier 958624,false
9d1be0ee1f1ba8e6f21d2440aff41275,Carrier 991147,false
15d4a27bd9eee1fa48a8710c310d971c,Carrier 40356,false
2b55ede28f5ee5b2e5ef80a871de07af,Carrier 1695401,false
f81df075612890546c9c5b6f329791ed,Carrier 1058662,false
a9ab47736cd582af9572300e7a395b0e,Carrier 1695246,false
66389a0768f641804febf5f59c81b063,Carrier 1049651,false
50ba0216a513bccf5a852a9323eef303,Carrier 1067308,false
a8ffaaa46ba2d4aad4c7fa7f54baa415,Carrier 1467410,false
0cc0809e8d98e9b1ab6c40fb0a7a35c4,Carrier 93448,false
0239eb259e25afe4192ae5ce7aad83c3,Carrier 8835,false
ff8c001a5085a19622f7f2b9f3eb012b,Carrier 102563,true
48095a8cc049a84d41f5fa1699db69a2,Carrier 101432,false
aa24dbb2c5e06948dd230bb29d3a241a,Carrier 1066083,false
7c683980375ee5ccbd3a6618d8987506,Carrier 1243230,false
010dd5846380db839cae820a2ab2cbd2,Carrier 1044237,false
08ed9d6bf5241c5566c1d9980623847d,Carrier 1298496,false
38da7eacc690be6939c7a017532f199d,Carrier 357773,false
5cb03a95156dd0dbdd44879d8a52b3f4,Carrier 129474,false
75445cdc7a00d1e9600dde8df23a8fbf,Carrier 516466,false
6523ce52a45d96f92cfacacae3b30a4b,Carrier 102897,false
f50d0f3ea6e4884c576c05698888887f,Carrier 1319512,false
d00045ee61f33f333ea950a6ad754007,Carrier 970759,false
b678c12554523e2f0eb0d71d4261fcae,Carrier 1341672,false
5c04681b307b1c311c5d1f5163f7e559,Carrier 93468,false
2d3d5a00473ca48b1ee0e7dce13dc0ff,Carrier 27691,false
6eb2ba5e1794bc13cc7b07952715007f,Carrier 1347580,false
31534b5fa65d904700d6fc0f7029396d,Carrier 1695687,false
7c14b13d1fc8cdc1a23d49a488e07674,Carrier 995571,false
edb42784f9dfe5432edf93f53ef53775,Carrier 1695835,false
bcbbf1bf8b1e3c989d8b724e558a1c6e,Carrier 733410,false
f829627ebeae95c6e823770b98dc2b9e,Carrier 1177126,false
0c44ffe6d0d020c6b005bb57dda7d3a3,Carrier 11186,false
18aec290c052220bf8b6cba6a601426c,Carrier 68490,false
8da72ebb972ac8bcc4d5398b18782e38,Carrier 1695468,false
8e37db5f64ef11464a39874dae5b234c,Carrier 78161,false
c59239a11fd37a5a218766cfd8d54cf7,Carrier 374207,false
dbdf4352a0bc32a99ed93e45be9d8a09,Carrier 17452,false
f6cdb968463c980841a3a67c5527d6a1,Carrier 507487,false
e1ac5f333bd8696f23b0354f714526c2,Carrier 1394742,false
f614285f4ef73ee768b54c3ad69bbd1a,Carrier 1227320,false
15438292d6f48f93831b2fa28c64c21d,Carrier 994590,false
fc22a1b26f154205098c9334d41ca97a,Carrier 1411282,false
ce25b5bb74655e3a4f633aeb69dcca1e,Carrier 1547960,false
7b7300a639db6808ed7f57efb4e7e982,Carrier 1687142,false
3c50f804dc0b3c4f6404d296853fea77,Carrier 1047452,false
af986158653975fe5d674a0b5bcdf8cd,Carrier 1444016,false
3f3f89c594b0018cc932d2b698e1cd61,Carrier 114280,false
2df52eae277055445e925b126a5aa0be,Carrier 1655530,false
2b3db0b11363e48270c0d2f56f7f1767,Carrier 487188,false
f859c20581366fc8ce96c5fcd1097c45,Carrier 1265786,false
02b904c4cd06b200cada8406197f6742,Carrier 860771,false
97467b2ccc07de39a548f5bd4ed77032,Carrier 17835,false
eec223b60942695d5386d5434218b230,Carrier 33629,false
b759e447fa79993116d4de0c7a024ef8,Carrier 1695537,false
085009552fc463e1850be28c38386dca,Carrier 964075,false
588ee5e81f70d70be1cec6d202e3f502,Carrier 1353314,false
34e2d5a6aedae8e273f9d45810e48bbc,Carrier 52724,false
7e152e9404b494514c8d563f771cb972,Carrier 1561682,false
a10184a2fd74b3074e33b94bb181a1f6,Carrier 1033117,false
1f1fba6401077e3fb52acd30eff4626e,Carrier 1453255,false
e6a74a0a98002affc3bfa941c183a8f6,Carrier 1154123,false
5b9f22f341b79171fc2b3326cb93cbe3,Carrier 1695526,false
08e6f0c918ffdacfc35f6f8de948a52e,Carrier 1206340,false
88ebb01f35c190a37a87e5584ed2a275,Carrier 122771,false
79343d3ebe6690df975285ab75187167,Carrier 88001,false
5904759e42354c8c011d8a7c98aa95e1,Carrier 1416349,false
dad88c850e5474d5c215a6de8ec46b3e,Carrier 381143,false
0477d909f4953eaa1dac2d22e349146d,Carrier 1623799,false
14a2b22558ff1cb42ff2b499376160bd,Carrier 1256256,false
c557542739b781b6d223d3ebf7d40173,Carrier 1425562,false
f45568eec329e2f5b2350862a5151b6d,Carrier 694858,false
158f890715854efe892b263f9bf21531,Carrier 1316982,false
88b3f77c888cac77771b498e70455b04,Carrier 1048753,false
36204c84935ab7e540aec416ee41cb9a,Carrier 1126713,false
885cebbf6a1e450d383aa54aa8b32404,Carrier 115244,false
5ed2506cd0416372d14f69ab653f7b50,Carrier 1695391,false
b02c0ff1ade62470f005b077e9dc70e4,Carrier 1043529,false
b6201f5fb5d97c3f85fc587d9fa57444,Carrier 1695180,false
ffe5da229fb2920bef705c47d88b422f,Carrier 7971,false
5a96a7c5fafe01873cfeb0cb8e95da27,Carrier 821366,false
4a5a1cf2ce9da5c922f734d1be816de8,Carrier 1358174,false
6aa33f29b80789fcf9ff71e53d71e5de,Carrier 1290961,false
18bb1011173af794fa6b8cddbb37628c,Carrier 1695430,false
60a19dd57b7d56f2efb4452737c6dc40,Carrier 78623,false
d323c0261f393bc2ba7452a4d8d591b3,Carrier 1286123,false
717d7a062a72cddb9a439715ea5307f8,Carrier 1695154,false
95b0bc39c85719f71969acfae5cc9e75,Carrier 1068159,false
12545d89677a20fc6d9a1e61da9ca92e,Carrier 1315606,false
36bdac90dea2d3bd91f35896ddf7407a,Carrier 797109,false
516ae7e30d17e7c3539d26d73b7e57d2,Carrier 995968,false
778f9b798b558d5ce48091f5133cd15e,Carrier 1695428,false
89f2460cf4ef7fe242689dc8cf2fe957,Carrier 95300,false
4aec1136318f00f8e006b49d099df197,Carrier 1694149,false
b0bf0f89da96756c11e332c352e2e741,Carrier 1558859,false
b91723eae69a120535a3f4d42da6ec32,Carrier 1176466,false
fe25e0d8d999335a190b1d8a397216f1,Carrier 11107,false
93b24c4bf79768f7f41d398aa54159a8,Carrier 33842,false
5fb24033e3666b9a049342b72d0143a9,Carrier 641522,false
0099a78b6332da9bd6ae8abe032092e1,Carrier 1695172,false
f4751e39f368885b34c91d41153edbaf,Carrier 1572618,false
1c411d3543bcb22d0b52efc8d0fdfa39,Carrier 87352,false
133cb947256f145acd3227fa02b9ddd3,Carrier 38397,false
f2e045ca695b6061dd322d696d4d501a,Carrier 21845,false
850020c326d1592be0b30f9f61051a2c,Carrier 1178770,false
1194fd3ac55ba811d05d59f6336c592b,Carrier 1385101,false
57d2efed032a539776da97395be164a3,Carrier 1067836,false
7fcbb32f7bffbda16c2aed6142e8a6fa,Carrier 9610,false
d6ad553522a3555d1b0f4237f14c757f,Carrier 22948,false
7129d9171d8ebaddcba348a44688f5cd,Carrier 1695695,false
47a038b2a5eaa0f5568c7cacf25881dd,Carrier 25379,false
a8e40f4a4285768acd448fd7506bd664,Carrier 71756,false
29a1f50541397d6bd2b6f4d10831eab9,Carrier 1457232,false
73767edd7c48f11a009a8af08be79127,Carrier 98964,false
5b787184da1ad581d55ef740488958ed,Carrier 1015820,false
4120a15e7b332e2f479fca31b96d2b88,Carrier 1695689,false
1348d82c58b6e2018790c24fcba1c1c3,Carrier 859067,false
ccfe4b04c19b3a76d8f90c1244e67fbf,Carrier 374310,false
91064891917a14f8d461c46360ee6d05,Carrier 1610446,false
c25bf004f7658c893ba69f2875cc5dbd,Carrier 54298,false
f3c5472b1f0dd590d5de14033096225b,Carrier 9278,false
28cb1ccf6750fa88da7a739369209596,Carrier 1207879,false
96fc1b6b603c70230ac38f33dd907ead,Carrier 84504,false
8b0ac43de80316e3ff2e8a9db3a97302,Carrier 1375897,false
80183eb55b8f1a9d660bc3a4bf38e174,Carrier 1693751,false
ae85ab4c25b8b0c181cd61e4944708fa,Carrier 1048440,false
1a2e8e10a4888a9fa56da1870ed9604f,Carrier 1085610,false
eb2a58dcdb6921c4acf4eb59a4ac79dc,Carrier 946269,false
0501e166aa71ce7c754f5f386f0d7bb5,Carrier 493892,false
d5c19176696fecec2201d8652b1590c6,Carrier 1523598,false
7a90d2d4740362eaa9c260c9d04a8d90,Carrier 705641,false
141f7939b74db2eb71ec1de0f0af5183,Carrier 1458329,false
b9a704fbba2058beea0dbefc0e891d17,Carrier 1695728,false
55e07fa2c94750d8fcfac14840b12415,Carrier 397168,false
dd37be1cb0e0b73fad7f5a74824d2291,Carrier 1572518,false
65ed53f2bb16f3fba413756e3375ed68,Carrier 1076939,false
926bc6831f7cfb80869ad488f9ee3f0f,Carrier 816774,false
1b328ef4c5d015d94af1623f4682d20a,Carrier 1695157,false
f0faf1173ecb23d73a023a2057c878d5,Carrier 1580986,false
fb1ce5780e528a19def055900466b621,Carrier 1617460,false
02b340b71499d4d0b8143501cb597e0a,Carrier 91007,false
16fb530ca9566abd75bec8a23df2dceb,Carrier 1492505,false
2549717dcb91ac0ac68c0ee1475c7e35,Carrier 951426,false
338e7903339ba0d23ed5a533f50b11dc,Carrier 104935,false
c723eaae9404cbb9bed2180edaade16d,Carrier 1025747,false
550dcfcf989980d21c0f8ea3822d1bcf,Carrier 5742,false
ac61eea8dc5845bc8f48766fff7c00d9,Carrier 1695667,false
c2f7031ad6978e7b7b7373807816982b,Carrier 1695670,false
c60a94037c1b64b3dab6edd5bc9570cb,Carrier 102819,false
607ed4fc47248ca332f5b9517d043f15,Carrier 2777,false
bfe0fe9b64ac95d64aaac9e3c5cc525e,Carrier 93256,false
2b4ebafc3bdc4f03407583c764666cf0,Carrier 1035008,false
52f93e8f52ba2557ce60bb9cb488f52c,Carrier 372346,false
58caa20dbc971cfc94c2a1288e1ee9b9,Carrier 1459577,false
2a15738e55fe98d2b60d11800044d717,Carrier 1068231,false
b727ce4d2d84a081bfa02c6ab19255bc,Carrier 113782,false
eb6bbbf2b21ae57d50e169b1ad3d1e7c,Carrier 866391,false
d10a3ef4ab9ea0ceae34ee84f2b629e6,Carrier 1695425,false
d10a0ff00ae3e1c2809033cfc6d655d2,Carrier 1080268,false
70ca500756755953854457ae142bf572,Carrier 1695181,false
373dd2f9617571b08b627908cc4a34ea,Carrier 1306297,false
b7c7166dd1fffbb5a56413b45adfb463,Carrier 1045989,false
7a4dbdc4594d1d616dd9afb606918f66,Carrier 1477837,false
a24325355ef40245e88e4d5b9449c0bd,Carrier 32519,false
c0d66ff7321a8f2470d9ed544884d9cf,Carrier 1695612,false
0c32d2995dec0cf55e116d2a611fc54e,Carrier 87518,false
4b5704ec17e5b3b4ecde0cad2e17f0da,Carrier 1489000,false
0e8c25b71505ab7286152a5bcc66a2a3,Carrier 1308277,false
29603d6980c2346a6a1efbaed125e4b7,Carrier 1575384,false
d70fcaadc5729968990f7b670d4604b7,Carrier 1261469,false
a21bf687d8c50e8537bb6a5260b8cee5,Carrier 41352,true
bf1d758d694e5ddd8387d50bb0fd5a3a,Carrier 1410092,false
01d6b20fbe93b48a7b5538fae6943182,Carrier 1243047,false
51e6840a3c46cbfbde7ebd4a4a7174c8,Carrier 977560,false
f11daecb16566d0e4bff05e184668b28,Carrier 53723,false
b3d839b007876cf83d0a287ac9250511,Carrier 1693570,false
e8d81fdd81acbaed715fc7bdfd1b7da0,Carrier 1695839,false
4fadc7afa91fac09d17f97e2aad6e28c,Carrier 1695645,false
b839df4e0ad681084c0abd6b410497cf,Carrier 1265515,false
d445ea5c902ff12d5accedd715503dd3,Carrier 1695511,false
bb62a97ac66e5d7f27db57a5df97ff64,Carrier 1052359,false
2f1cc74cc77196a30b5eef3eef39e6d4,Carrier 674439,false
76dd427213685b1d3baa97e23730f4d5,Carrier 13402,false
b96c6dab057420c40a3c16b07a0b0819,Carrier 1695433,false
ded6cff519ce28d205d20d8b2c9e97b0,Carrier 1293449,false
718d300beb0a726a07a6dc0ab5b0b01a,Carrier 1072723,false
6be45712afa11573c0fc5857f78fc3f5,Carrier 1693550,false
54585fb198273f1034ef951acbada859,Carrier 815759,false
7ba5a52de9ebdd5cd276ba419eb2d956,Carrier 1695808,false
3203c8a41bafdea4ac8f50a0e50faf87,Carrier 1050870,false
44b3996e4e1da9fda0bc52a1f1b30fdd,Carrier 21221,false
df50ebededae5f013b1a919a263af05e,Carrier 1695522,false
27750c333ebf104c74e7f32170f7a269,Carrier 84350,false
d9927ec18eb54bb69527da47bd261cf7,Carrier 1295697,false
b6ca1a56a55ee136be99e489c9cf8081,Carrier 27597,false
cd924a16e9edf888a8358541c32beb40,Carrier 944838,false
9878d6af7ad7bc2a6e9a04357fd90621,Carrier 1436652,false
09dee9d81826e16860ac8810d132cad9,Carrier 765555,false
8d73d6055b0f39b61890c8e0cdb81aa6,Carrier 14840,false
0fe0727584e02d00ed938cb1d2f2ee65,Carrier 1207954,false
7b74d847a73df4b6fc5a9d10f1d18d1e,Carrier 260171,false
6e952c66f43bbe6d0bf769d2036709da,Carrier 939442,false
e2e8cdd4eaab04a294be9a50691e9296,Carrier 1185163,false
3c034f16202f33f17a1a566a4e9be68d,Carrier 158675,false
0571e256103f72865e81546a7a7706da,Carrier 1034464,false
fc7c9f6cae0327b81d0c7ddc1a800d92,Carrier 48769,false
c4711488467597b8d62d125576044107,Carrier 1315994,false
db58f998206cb0cf81c4a8b90c11c25d,Carrier 155063,false
6573e0beecbba92ce120e8a8cd7ce3f5,Carrier 1693530,false
3e0a79e37f6d803b7eabd66057c66111,Carrier 1033131,false
159cc8904e8136be5c67814ae436de76,Carrier 1695383,false
33ee4d25bcfb030ed7bba128ce180319,Carrier 1436000,false
f5def41b58161227df7baa9069f93259,Carrier 1396262,false
2ece4cf22acc220d59e9a735d60ce89a,Carrier 1695195,false
cbc785d86b33b700ed894c2b18b2ab50,Carrier 1695762,false
9e418514cc4141a6520397c38ef06e6d,Carrier 15036,false
ea741e9f0e4727b9d50e9801de301cae,Carrier 1073775,false
caeef4182a4b797aef058dbf5de543d1,Carrier 36473,false
60e8bb73de71bc6b63e4549f9dfa077d,Carrier 1695363,false
9358864e939a4f266d4fa45815b1e75c,Carrier 1082082,false
c6a94563a6cc1a9b963eb90da3072461,Carrier 1352956,false
7458d6971ba7d35d5eb23bcb0456ca2b,Carrier 1695066,false
319390f408fcb8a3e5daa72c31cae7b4,Carrier 1362312,false
adbeecb9400f33e89b5a345d00200c15,Carrier 1346406,false
2bc2754f96bd75b43ecc86bbb809b3b1,Carrier 1080668,false
907bb4968c62f34816edf3b5a51e60f6,Carrier 1686218,false
4b41caf0932140007c2485ef130ead64,Carrier 1695346,false
e86b99516135a7e1ce2b3ec0ec69ba16,Carrier 1248127,false
d56cc034ad211c55b48fa7fe0d461dd0,Carrier 1207136,false
25c145f1a3ed57bf46827b01cc8262ba,Carrier 952234,false
e7407070d0ae8af19b7b7fcac2279d33,Carrier 1073510,false
500fcb5fcceb061ae5d21864fbe1108c,Carrier 977864,false
3fe9b234939c7176f7a6e82d7905a5f6,Carrier 1215457,false
6c5f49cb4b211687bf9916d8434b22e9,Carrier 1017530,false
1033907622a1089d5755b48780fb91be,Carrier 1621274,false
cc23ccb30fe7d6b77e48f74f20e9a8be,Carrier 6278,false
e13d265b32148683b28a80b29a46daf8,Carrier 77587,false
b16c138e6750671d5ff72470fcc2ba1b,Carrier 1695544,false
99f99fc3e616c0ffb7f7e0bf29db6100,Carrier 1695583,false
7fbe51820f733d3f0e73303f37c14648,Carrier 100746,false
863cc09f4c8de4aeb142e81715afb238,Carrier 109400,false
ed30a68a300978880706546991d8dcc9,Carrier 624032,false
ab7a787cb309e0621bb269c055cc71be,Carrier 1473376,false
4ec00497cc64e959647dca8b44a31ab4,Carrier 1695188,false
152474a4f85595637d882df76d19073c,Carrier 1695008,false
2a1b1c300145f8f5df5a0a1a2edb70c9,Carrier 1311774,false
14c1382b3ff30982eae2449c82d2723a,Carrier 1276904,false
6a214be3ceb59e298b49d02610263c28,Carrier 822409,false
cd2fa18ebe2ee2dbee267f668dfd6a58,Carrier 1514968,false
e45b345b27f7960a1916361d98a8db63,Carrier 1658119,false
fae77b21c455afab93de74713ea680ae,Carrier 13841,false
418d2d93ed93177af0861d60030a4ae1,Carrier 1072986,false
f52da15fa9fd80e7cacc9aeda2748b03,Carrier 1399434,false
6419f5294faa58dccf0bd16e588e474a,Carrier 690843,false
a52d8552d9eac75358a0aad8bd8f4783,Carrier 1647614,false
3c3f6b3d29909ca28e2d40e3410e7b65,Carrier 1054213,false
aed1fafe4ffe335be0732fed8129d250,Carrier 11147,false
987b4fcecd16effe6edb757ecfd9cd28,Carrier 36348,false
f7047faa1c4d24b493f6ec057cbcd795,Carrier 60917,false
79e9b0764b2c9261e24cc6b1fb237bd4,Carrier 1465657,false
fdad1a8e9fa760579ac4ec4cfc0f0102,Carrier 854001,false
de26be780ea3141cd072bdb45947a8af,Carrier 1695664,false
b1cf719b04299023fec858d8ad273c4e,Carrier 1000776,false
a324c98599ab044488424a5da4ce35cb,Carrier 1278326,false
b1e55cd789053d9a7ad386a0652b8ae2,Carrier 583730,false
137433679dd2b9cf358e61e04af090c4,Carrier 1599873,false
f8ad547a6fc4989a89629b50cd490aa8,Carrier 63558,false
93340271f8b7f49a5d7bcec75bf4759a,Carrier 1475394,false
1b8d99e2f012527b00f085cf290bb30a,Carrier 487653,false
f457ec15b1859d489004ccb18dad60d7,Carrier 85403,false
58064dcc1d81fa8abadd326ea920ba32,Carrier 111631,false
282ce2cef6bdd6aafa021272bc76d713,Carrier 1398154,false
ebcd1f693c7929b01e03eaae8c030566,Carrier 1341204,false
87aeb40aacd986a0b2ab8337c98421f8,Carrier 10494,false
52aaf7d2521c9b3364c1f9c06082c67b,Carrier 71390,false
7cf0e0fab69651c431cda756a23ef93c,Carrier 1334642,false
f07bf095012354e0f39675d5151ee804,Carrier 106263,false
1bb87644202240bcb426b412a7a7d7bf,Carrier 1077427,false
ceaca232c86ae4de24f48b1b6b07be5b,Carrier 1048028,false
17a1ba0b2318883a0f4d83803d7ca1bf,Carrier 1636145,false
8ffe18446d0f0b8b15b62370d9812957,Carrier 49679,false
f45bfd8425559ca58899cc1fc4ec2c4a,Carrier 1054148,false
4fcf17e88e6a11fb68ced1e9ff7229d9,Carrier 8420,false
c8ee719de63a83fb35f532710b648d8d,Carrier 738,false
53f0ed11fc73f90c287b41ee94c24037,Carrier 1695748,false
3c6d464bb05681c01feba199e2cc99ae,Carrier 74718,false
1dd2a0d73021e115c1e1b869e1eff8d5,Carrier 33512,false
75b7b1030d8b6961f8e5d2e08cdf8e41,Carrier 1044630,false
03fabc782bb1acb24c1e3b01fd2ccad2,Carrier 389721,false
1fc383783e22f9f2608deaf1201640dc,Carrier 591477,false
5b0ae6bb33794e836b0e0906bcd4cd56,Carrier 1695240,false
20eae9ef38efcd04881f84cfaf8dbf7e,Carrier 1215377,false
a178a68c68bdef0df00a49cdae2c616c,Carrier 617685,false
2ba9352c791a185378b274f0b1b00e5a,Carrier 1401261,false
8d9f60eaaf10356609cad5c1ed07fdb8,Carrier 114297,false
2db8a6307ecce2cfb03890a9371a4ce4,Carrier 1051624,false
aa3e38cadfce8e90d4a70b8f060670d8,Carrier 80128,false
db6b6072874c3ddb386a3a69ae4c23e7,Carrier 1004831,false
c7f62be846d95d30ab5b1c868121eb65,Carrier 76966,false
e1edb597025e9f464c76a2f903493479,Carrier 14448,false
f7dee7f04279b9e43b9852d6d488e468,Carrier 368,false
3825a9cb210e3f2a3f355e755e5013fd,Carrier 607649,false
3fd722ca7fd55c0cf4ac4acbeee3b6f8,Carrier 1695348,false
b09146c664c05351620be4f84955b855,Carrier 105524,false
7a3c34be227c6e47609109fe49c49bf5,Carrier 64827,false
7294279f352bec6b20694c3f5e163fab,Carrier 1660310,false
49ec2c10a2782fcf5cb6eb84c49fd6d4,Carrier 1554127,false
598f71fe5699560eee3c8ce85ca10a12,Carrier 1289226,false
a6a45cdd15f4ebacdafb90fd0cbf6836,Carrier 1067348,false
cc9b2bb840d2619490eb9ebe80624761,Carrier 61452,false
4b5aa84574c9a8078b0dfdd8dbe72a29,Carrier 1695653,false
addc64e51546ba08a64972707526625e,Carrier 1241432,false
e497d55f008290ac6efc778ad28d8750,Carrier 412137,false
341f098bbdf81295fbe81a59e10733e3,Carrier 85462,false
1ab68848e63d73a5c6b39862eb1dc1b3,Carrier 78593,false
e90f2870096bd513aaa86c59b208aa61,Carrier 1380254,false
e4bd165eb3ba88bd6dcda72dde8613a0,Carrier 1635072,false
0b6c2d92e39d0ed3b38a66b335f0e2df,Carrier 1648273,false
cddcbebdb20399cb1b0d63192fd7f360,Carrier 864486,false
7a37900dadbc90a14ba10be3dd9a9260,Carrier 1635733,false
d20fda382d20586fff05d29a3d2e746f,Carrier 1586735,false
37127e86dca15301af0feb502474e13a,Carrier 955781,false
5db15aac83f7f327971240c4f0de0d91,Carrier 1695527,false
b5af5dc98f588671613fff37a1597da0,Carrier 114823,false
921ff0cb3517c91f27ee8352d6796432,Carrier 977018,false
afaceb2d93660e365bc29f479e1035df,Carrier 1045304,false
0f9f396dc6a7619ea8f156e5f05f25cd,Carrier 1077712,false
83e6bf8ad166346a206ba9e83c53bee1,Carrier 996379,false
52efefe06121a1d502dfb53754426077,Carrier 2464,false
124f417eaaffb0b07a7d4488b055f23c,Carrier 1270876,false
d17bbdbefd14ae3d089d7df1e276dca0,Carrier 511984,false
65219d04955fc38fce411dfe61a5d449,Carrier 1637951,false
c39cb562a76f4cf90b635693b89d0050,Carrier 1360188,false
ecdb7184d4731ea9ae614b73dd87637e,Carrier 1287842,false
a5a88a43e1fbcd26e295c74d94fdffc4,Carrier 1587691,false
9819cca12b43d5ae659b1bb9c482338b,Carrier 1048548,false
81248b88abffbd3479c72c5d2c5e647b,Carrier 1036232,false
2ede446df3595e20fe55d2f6266375ec,Carrier 1055084,false
71ec751ee01034db2bad732f96af5a40,Carrier 1694432,false
97524fdd782f57daad1c1888666e9895,Carrier 1308877,false
f77ab9e7e7e9a3d1d357a28bdba2559e,Carrier 1626850,false
10f839d2a7ba1d00f1100f3bcce6c628,Carrier 1047029,false
d5b47646bfc73f6abe1dd5b252d9ffc4,Carrier 1615975,false
b8f54921d982597455bfa7aba042b978,Carrier 1083794,false
fa62c0781dfc7148e13875dde55f42a2,Carrier 962032,false
d0767beaa60150eb02dee606703a3888,Carrier 995955,false
e6e245a36a84987a337192162936d546,Carrier 38789,false
28d3ce1fbc99ef9cb6256528657b4a94,Carrier 24241,false
583f5365572cf27c74030f721a18b7fb,Carrier 1121703,false
6a2a1e73365f5b52444627fc3c4b8602,Carrier 458370,false
283930148a47c8f3e06be10e58efcedb,Carrier 1077459,false
3805693be9b98b799454de3ae73444ba,Carrier 1693519,false
713b2aa9d393b6903e9f922c6709ad45,Carrier 92971,false
2cdd1b47a5293754824e987028d3bc55,Carrier 30958,false
dfea0595b5af1ebd7685f2b58c948c4b,Carrier 1033226,false
56cf37e0b7e7b1e8c2aba987f8ed5c91,Carrier 600064,false
c9ff261458c1598e686b07142572e480,Carrier 1695424,false
4438146099bbb2e916d87dd2a6bd1118,Carrier 1370978,false
a6ccf4a146006e2de359da2ce65d2c79,Carrier 1651827,false
d33364444487ec8ee3bc2e1a81c23705,Carrier 1695371,false
2ef7fe99d0511d30f2307708812c2346,Carrier 75697,false
7e8aa587aad784f53b374607edb9d14b,Carrier 72730,false
6880a0283bcdf4973d17c69334cb551e,Carrier 776774,false
af209f3b77323a930bcafcb7965ac00c,Carrier 1223993,false
af8a5a7e156121d6667df935925fd44e,Carrier 1511360,false
6e2d6f701caa9dde73b5dfbedd524712,Carrier 1695266,false
f27fb31c12cea30dca632dc5abd64fa8,Carrier 1393046,false
c63eef0cf15365cd8dc97ac3630c9ac1,Carrier 554600,false
cf59b42b012c54cd7268e96db67498d2,Carrier 720653,false
cd61476125ec0d78117c09b2dda6d535,Carrier 491840,false
e28f7991d80b0f078b3a5ba13470f66d,Carrier 1693574,false
a3eeccd5afb9e360eb9b069c07b27f20,Carrier 116700,false
1635074a6ef298fee8b524350b4f95c0,Carrier 1695553,false
892596ed202c80a56b7878c86b5daec2,Carrier 503149,false
86198ca1e72efd4b3f8dd031aed6389d,Carrier 1065339,false
7c9678939070833df87988b2bede4103,Carrier 1018846,false
912787ab137dfe1d9ac03477f82c7fdf,Carrier 958298,false
07cdc6c94033e276694fc2b74f34aaf3,Carrier 30532,false
e62f9ff814702c3f793a8c9296a3f27d,Carrier 1695381,false
f350db3ee6c385236b4dccb7bbdb27cc,Carrier 1235511,false
aa5b0e53451a414fa2ef5e805b4cf2ef,Carrier 1532550,false
0886534a8cbbfe5b6d9545928d2c0502,Carrier 79411,false
c389d954b1add98d31d577f1a9170011,Carrier 72232,false
8a2d8fdc85b689dca21a89d7a7c90cfb,Carrier 105285,false
4dc6094b16bc31276bab5eb36456d72f,Carrier 944166,false
9c6916629984213cbb604a701a2da2a3,Carrier 40286,false
48286b1dbf71e10ac557cc3990fec831,Carrier 1695281,false
17233987f645cd5bee18bd16d884a27a,Carrier 1348341,false
c5fcc3c964112bbd35045c01b185857c,Carrier 79789,false
a9d0da871b724e330e1a07a5f3ff942a,Carrier 1235804,false
07a900c5c0f99a659a8620fb7efa7119,Carrier 1390969,false
bf562493c182702966c8e16a296045d3,Carrier 45305,false
40a45459c0a6a4fb06a07119da412534,Carrier 55501,false
f76f7aedffd1772385abd104fd23853a,Carrier 1383026,false
fb79d939aec6f5d6483a1d8d934c0c6f,Carrier 306517,false
fa34fdeb3058206a7fd45361cd5ff091,Carrier 1291786,false
4eb0bce8d933ab021dbf4074b81ea6d8,Carrier 1624707,false
2e4403d5f66cc3ad39764c208f9d35e1,Carrier 1075872,false
fcd9e9401edfef33474395c7149ef6de,Carrier 1068610,false
710ed16d2a5b2bbf2afaec2b48202566,Carrier 332736,false
410a589a78996ef9d1eabf86e8b876c9,Carrier 690733,false
2969c674bc3f93d0bbaf86669db997c8,Carrier 1507176,false
7160b9d9a45a8fccfc56b7554cadee67,Carrier 1695347,false
610df74cb42d52b45a0ca799bc56d4b1,Carrier 1227091,false
dadb6d8846a253aae735da83e76cceab,Carrier 1037934,false
e747b05e5808dc3df3117cddd47ae48b,Carrier 869468,false
fcc96cfa8641605c234bdb9efb346b5b,Carrier 1416454,false
358f33b2909e4811fc04a37a0b78f440,Carrier 187815,false
5e8d2071f4c923192a4ea6fd9d7eb3a0,Carrier 164058,false
64e731e04c3dbe34cc3cf73f373c1eb2,Carrier 1053585,false
774b7c87a7eef5a4a0b8680240fe2bb3,Carrier 299670,false
72a808ad09043a0dc4e6901ba33ba5a8,Carrier 407772,false
57a4b97f46425a3445ba460c13c13a9a,Carrier 51521,false
3c1fdb617adf6245ce2f4b0293e29584,Carrier 1041646,false
dbb1a6cea9ea1f06ce70c50f8944ae11,Carrier 956988,false
a547214ecc6f07500c79ed19dba34912,Carrier 1053338,false
fa12a418cab5c2afcc656f34709fffbd,Carrier 1695230,false
7359d41c36d3ae65486454392bd6ed35,Carrier 1695559,false
d9ff28ec202bb237abc1885883fb4abb,Carrier 1085416,false
def1dbb5c992c25f5ddd5c71152fa40d,Carrier 1693488,false
6aba7dc3579cc6a829345a4882dbbe75,Carrier 98363,false
2ac2af0e49450d499d8885928556353a,Carrier 1030395,false
967c5b47f74c0141ec608fff4ade9e11,Carrier 1043457,false
116d08f0ac0f289fca95d2138849f854,Carrier 1229009,true
021ffa6fd038b147f728faf983065d48,Carrier 722913,false
5561fc7f2edf40adfb17612318d6427b,Carrier 1693534,false
0e6a70b5b09d065f2612caeddbc70a05,Carrier 1086560,false
88f55e3e90593ca188ac17ab53f294d8,Carrier 1695402,false
7f37bff74b4ef529e9bc0b0be26dff50,Carrier 1605466,false
e1ce02f3036ed390d2ced08676827433,Carrier 1070370,false
4b557316581933d65fc0cbeeb4d7817c,Carrier 82831,false
dfb8910c646d661d879478887a7e554c,Carrier 81967,false
0e0351a10e2731d3c368c2721716471b,Carrier 76519,false
ec4d4fd52a5a76111245d135cf2fd316,Carrier 1695657,false
265f56995c08208e670209af266b0358,Carrier 1573290,false
cc817661c87ed3fc14eb53b11b5605b8,Carrier 77017,false
a5e5d9aca4d9393433ccabcb65084273,Carrier 1662448,false
639412b950e1ad446eb1c652123704da,Carrier 28523,false
f7d0b7e8d161869988be4b6e787ad654,Carrier 115788,false
ea7872fdf2aae68f8a8649290bedfae8,Carrier 129512,false
41c41b222dd90790d456602de951921b,Carrier 1076087,false
2795230bc1aa8a1ec8a3a835f86f5bc6,Carrier 974851,false
1500e7e5195af3d246ebda23d7f4ef26,Carrier 180807,false
5f27237cfff795faced4de4ebdf69191,Carrier 1630157,false
0aa647d05063f5a0a7338eab3b37d1e0,Carrier 1338964,false
4877aff81f277343923df1b7b2164b80,Carrier 1436762,false
8f4ef9bddb4b7f8356525eab33ab858e,Carrier 1695614,false
392a4b581460f00a80178dd0c634129a,Carrier 797827,false
b1e6314c34339ffa54f1b2849c25b1d7,Carrier 1293536,false
c8675acba9e57beead0707c2a9154f09,Carrier 266164,false
39780020b734d1471cbda2801ec53fd7,Carrier 961246,false
4e63b3aa90211695ded9119b16861d9a,Carrier 1678239,false
ff429192d6c43405e9cf582b0ccd79e9,Carrier 746729,false
3b2a8fd7388d0b651db44912f55f5d97,Carrier 1695581,false
fd06a2df80361f2cd345fe2f4cf68245,Carrier 1695477,false
5aaeebcc38dcd7952b6917367ba5c0b1,Carrier 1242567,false
c1c734869c15482ab36c0dd5bfd37e1d,Carrier 374915,false
2e883e0ff007e048fee1349f6dc0e54e,Carrier 51077,false
42a9ba264415f969bd2bd9f2b8caf59b,Carrier 17677,false
09e14b45fc10603a0b670d73f36f4532,Carrier 288241,false
53c6207c92b6388821ac8e87ec1f98c4,Carrier 1036102,false
9bb16725ddee8d56a3a6c4b5272cb2d3,Carrier 1317551,false
1592c3e360447afe2c75c52bd97c2e73,Carrier 1693338,false
a819ff6ef8e5d17c71e929bb61c77aba,Carrier 1035879,false
3a72ae931b7ad5b4dc703d0beed35d8a,Carrier 1695186,false
29afb7f1abb8f3a593ddca4e07581e12,Carrier 1617031,false
166eb36054a0db2f64c40d8af7ff42d1,Carrier 63367,false
f35e96338116397cfea1758f908054c1,Carrier 1633828,false
16316e3118b32bf27096ec67b72312ca,Carrier 32794,false
a21898e048ab297f172768c7ea213460,Carrier 1103124,false
ebbabd904f43d03f7ab43f6f00d38803,Carrier 1031249,false
c57eead248f8a63aa8c16a683ef80970,Carrier 1215347,false
18b6a99f295b0196ebc9dbe3da97b772,Carrier 1695334,false
59d9f36ebe2eb46569719def7c51b868,Carrier 531462,false
1432233755245159d9266a764232fba8,Carrier 1614459,false
689af0e985083efa15b49334ea004223,Carrier 1333544,false
cea1fb69a5f1c2f30accd82e83612a8e,Carrier 1069135,false
15e679a712bc3b260849abf914f660d3,Carrier 80299,false
f2c5e7b269177e50f8c2e38f54420e4e,Carrier 94108,false
d3f031c42da99a388cad8881157486c6,Carrier 1358452,false
c942d5c088e4e915b4debbf39834e6f7,Carrier 46513,false
649866ba23905b4b1af9358696edaed4,Carrier 375724,false
8ced960e0df4b68e50afb8335276fbdd,Carrier 1054673,false
b8a029640270e453b5f0afa2031e4ef5,Carrier 1592370,false
18ba71b1493f265bf4c3de58cc17d730,Carrier 163053,false
de8c46f1ccf766eaf19cb8162a0897f9,Carrier 1145216,false
0a8af2d181d8ad62f7aeeb67ec2f8cfa,Carrier 106239,false
bdc7fce0a74d8de851f0f17bf46754fd,Carrier 6967,false
d6530bb9204af9218fb8358d885d2452,Carrier 1021379,false
1089299d6ef93ab5b8c4bd2f95e360c5,Carrier 1695234,false
50bef09a32ebb197676e409a031a90aa,Carrier 1243288,false
5685a4273fb9193201483b60e6eafcb0,Carrier 1019579,false
ff28cccfe76749ffd0bb8507a2381229,Carrier 1215346,false
4df260b5dcf9db2a51274bb1efa7e1ae,Carrier 1378831,true
90ac61e15db8a9fb76ae60306d6eb5a2,Carrier 972866,false
efdd67990c20072d0b33a8ac542b1221,Carrier 1695169,false
7efb5d659619bf331855dc4aef3f3ec5,Carrier 981809,false
9158d9ef88c7352d85af5ef52a965c67,Carrier 158266,false
52834ac36ec20f5cb2ab1e56dcdeae6c,Carrier 1352546,false
9d9df9760de5952e8598bf221c6e9508,Carrier 1375891,false
24257992e2ecb6c738c511db091840ef,Carrier 68046,false
a59edb41045f513f5a3e382fa7cf3f43,Carrier 3306,false
4983b9e2e6541e9dbba7ab00ff786aa1,Carrier 1343762,false
0dcbc758d788a05aff1cf9268249a07e,Carrier 1085336,false
9da3550a5e5f3e68c7d4a0b5732546f2,Carrier 945578,false
c148e83891666ccd50438e78299c21cd,Carrier 73340,false
2d4cc6a94a1be981dca1b05dfa997d3c,Carrier 1012042,false
2d36fca7120afe37325e68027a6ca739,Carrier 962856,false
54343c5e85ccb530dd7b509cd994eae5,Carrier 1031979,false
f4f971995ad9d0bd5fd74e78714554ff,Carrier 461294,false
0a3a579ab18a55c297a0f282d03776dc,Carrier 737910,false
e3a05cede1459b16fb95df46f409bfed,Carrier 831977,false
a66f5088359d4555fc237cc997f6a557,Carrier 1695086,false
d40b4c629f4efd8d7d92c2d28d0ca74d,Carrier 943751,false
b82360989bb3cafcfe839060b4977e6f,Carrier 1553953,false
edea154a543be6971b1aa540bee3c1fe,Carrier 1693538,false
d71f76ba130fbb703742e7dd8ad074bf,Carrier 1282172,false
887411d686803d9d333eed1478a1317d,Carrier 1576503,false
c638a1f0538dfc33d1f94f1bb9af6324,Carrier 1693589,false
9dd59990f01b86f600ccfc321eb266fb,Carrier 719977,false
091c6ec355637e9e6d1522d24887914f,Carrier 1086251,false
9426699533153195599d85d7b8cf928c,Carrier 1695726,false
595f4183eea272a1368d48759c2cae65,Carrier 67837,false
988a8f62c5523fbf6aab6f1543277350,Carrier 945233,false
b0a3ffef5dcf9b0b8ac3b50a372c93e0,Carrier 1433612,false
8643686a829ecfb8b8b321d9ae5eb9c5,Carrier 1017814,false
33152b41879cfeef8650d6cabe3b7b02,Carrier 1694001,false
4252f439a93c91c55309801a58acba15,Carrier 60807,false
e939377e0daea327729a945c6551d5a0,Carrier 1538652,false
844bc682eb132010136b61e5b8eac227,Carrier 479062,false
e5c7df5a6aa30dfaa1bede4dea497ea9,Carrier 1356147,false
2bbbbd5ffa4d3c80e965f5220db8c15d,Carrier 1070138,false
4994b6a8d3222f8816b16f53f8c0f474,Carrier 1215303,false
45adfc65d201ac1d88492e58f0e8c9e7,Carrier 1693585,false
abb11ec7dcc17c2c795241ccfdfe51a7,Carrier 51064,false
592f86a0e99e9660db4e13dbaedbfd45,Carrier 1269673,false
e9710ca70e8ddd0b109881ec70dfaab6,Carrier 1641,false
5fc7a8a484b1d1ae3dbd1952055c3e77,Carrier 1695685,false
93f6007217b70cd8e9e2fca6a5e39856,Carrier 1129365,false
f54365bdac69faaf407c52566b145285,Carrier 1592,false
341c6b9f50429fbbf988913bf5cfe401,Carrier 1695418,false
1d4aa9a337f3da4fdc16bc4a60cc4af9,Carrier 1695727,false
0247ff49a3f1272beadfa73e77956d94,Carrier 1319178,false
4f55db90309bacafaee4504ec453c769,Carrier 1269258,false
3b6c692644a6e53ef9e78fb944d8b90f,Carrier 725708,false
4afb4c9a8756adf34674c8253136a0d8,Carrier 964546,false
5935398d7d8406cbf4d05a40ee08a5a2,Carrier 21120,false
28fbc95283ae1c737bd092fe16bcf521,Carrier 619302,false
3c779db2a31c3b7ce95bb0fbfb58daf8,Carrier 102130,false
e9f559fcd43564ab207eadd036e9a689,Carrier 50297,false
e47ce666bd39c85e0968cac50ab393fa,Carrier 68114,false
1f80839235870a57d34dc0cd336ecfae,Carrier 16424,false
de12441892f834779cf90c22052d8501,Carrier 88679,false
fb3f82b0d38fdad8f842e20c7ff2af2a,Carrier 154563,false
8b2e14a0f339fd570c924a81abd2338c,Carrier 301725,false
1857dcb0e20438a81b63fa7ccb45d463,Carrier 1197981,true
d8c4683f099ca010f24e3ad83ca5344e,Carrier 1241778,false
731cc749c18748e705e003ce3d1632e2,Carrier 101147,false
0742c3f9a12483ae79bce815bf8e41bf,Carrier 1695721,false
12daf0cf9c31aa2612e44753272bec37,Carrier 1024294,false
48917909f355aa91ed44e86fa5ce7c4b,Carrier 1218604,false
35629c456a505712fda255396e983560,Carrier 1283148,false
555504f67ef979a0c6ca8985aa22cbaa,Carrier 6214,false
f7aaf58881cdc6a56c981d721f75806d,Carrier 84317,false
3c30c1c2f2f830813d18f35384fb90a9,Carrier 114413,false
ecdf97a9d0730edcff738c6f98ac9405,Carrier 1398391,false
0e5917bdccf2d4dc742f58b3b32e71db,Carrier 1005528,false
62d16db344f34c15a55f39dd166bf9f3,Carrier 1658310,false
18cbb92fcd24a93f4c855d22f1b623ee,Carrier 1539525,false
d825d77de67e4dc6e0634e9fb8eca529,Carrier 1485718,false
ad4d132f1a571b6d858e5f654b4ca9c6,Carrier 1536952,false
fc0cad006ad7ca54d32c5ddd30047569,Carrier 66390,false
a4b210d135775b522c2174a4e5f3f891,Carrier 1695499,false
4a01374217254457a47a0d8187ae5bca,Carrier 1024511,false
f4d2788f2c186fa41bb765c410754245,Carrier 1425578,false
041371ccfac422c4e6cac2b1a01c6d65,Carrier 1368530,false
fc93163d14f620c9a0266016011969c5,Carrier 1063570,false
beda731eb7baa6c230dada904fddfe24,Carrier 1574067,false
606cd93cdf06b47a68e2a6f1f7984c65,Carrier 1678683,false
afe8a803232a28818349d4a1d55a4d7d,Carrier 1020455,false
924973b93dc05d60ef37b85af03dd31b,Carrier 3351,false
0ce68cc20ccec440f37619e244a75c6a,Carrier 1064161,false
151af3e2e297d100d4f1e068a7fabcdf,Carrier 96912,false
8f9500d6a2e053689636617a97311f35,Carrier 775562,false
176aa46f7a3f6f7097ad55340a78838b,Carrier 1695586,false
48dd41390e8621020ed3447431a94616,Carrier 528438,false
e257b019ac2915df2089c4609ffcda69,Carrier 937972,false
efb95cd1fef4cfd28a7a3873f934de53,Carrier 49484,false
ba9b1a23425981fcbfa5adc94bad0b00,Carrier 1647427,false
d51e59eab25b0443a786eecc4451e394,Carrier 954438,false
a4aac5bc3050d78a4f9a90891f1d7587,Carrier 715502,false
39cbdda06324325c56f7eb654fe70784,Carrier 115448,false
71ae3fad7dd57bad1b69c518082178bd,Carrier 1693536,false
ce642b5fd3fe268991e0e3099c946664,Carrier 1177925,false
2885d9c4bd02f30d271b0a9091cfd9a8,Carrier 75147,false
a7b566ad524451bf18fcaa687f0dba34,Carrier 1469175,false
6d82db411f0fcad21803a68050c14a75,Carrier 1002555,false
e29f963ad686754b791845f2e76dd2f8,Carrier 5338,false
c03f0557424aa2b03ca0deb74d6be5a6,Carrier 1240315,false
fb0a483afe81930400170c7ea88053ab,Carrier 669788,false
b8ae8975742424623499d58be87b954c,Carrier 1239765,false
b62595f5c403f8202eaf3119bcda637b,Carrier 1695259,false
82af0ed4720dfad063b82273d51604ba,Carrier 108315,false
180f91d3ae5280a7c76b38d335feb65d,Carrier 1016754,false
4d365c8567382c5ba01033c8f44e7b72,Carrier 1039111,false
228be7b8a3aff3702bea8e9ebcc37257,Carrier 1650798,false
4350c357c0549628af8946b5a1d59a69,Carrier 1444786,false
9e7309481b7127616d3b0c7e327c088f,Carrier 1406661,false
18348e46b86152a41ac5cc12efe7dd7c,Carrier 1654710,false
2064d1d13359218981a20c6ed7fa5c01,Carrier 947118,false
b1fbc302625e8cc99df7753c8ac196c1,Carrier 965065,false
4a0948c4c95d1ec1ab17a19b00a05b8f,Carrier 505212,false
171263b7f19f9a4b6e851f50a193f25e,Carrier 95924,false
f8f190dc6e4564cd4554811c4f830aed,Carrier 4000,false
e60bab3d1b4fa43307ee84b3cd0bbca2,Carrier 106770,false
a72081bd077a3b2bb814a60ee451671e,Carrier 1645780,false
c474815b23c343cd763a8989b5e02ddb,Carrier 1075061,false
57c7ce32752a67269b375aa513e4f898,Carrier 1567302,false
7c477474a2897acb62e0ff345c83a8bc,Carrier 1040295,true
0f3c67a7e9c7c0d589246f285e519478,Carrier 581872,false
398e147f1b021d9961b0d4c4fa960941,Carrier 34822,false
7c05cc8dffb72e87c305f64d517babef,Carrier 1400325,false
1d70b026d7547de30cb0eaac8c9b818e,Carrier 10209,false
a15e38dd971afc5230bd5a9fa0d2ef82,Carrier 1403410,false
2d0de1f272f5698fc9404f77bc489e40,Carrier 1469538,false
e27f9099e70f34f3dda459f6c6219fa6,Carrier 1695170,false
7b8f123e4db202a9cab455a794a7a1af,Carrier 1079008,false
5395d137168a13462ea58015bc1be12a,Carrier 102741,false
e4a6e78e015bb9b2baf938cde3a60fa3,Carrier 1363581,false
8c6fa91efa7d41363b879dbf3e70d511,Carrier 1054345,false
473918f333518bcf1e845ca6ccc84b55,Carrier 1693533,false
7a4660463b87d46443a42705b13825b0,Carrier 1383428,false
707e95d26eeafa7e7635abf838b3acbc,Carrier 1039545,false
d111ba10ec26d08357c257b840f95a1e,Carrier 1598202,false
751bac749789c70aabb2a745e765e10b,Carrier 1664678,false
e06d52711037093b8e7cf497dd2d560c,Carrier 9651,false
d91862536d46340ce535a22fa56dea4b,Carrier 1695461,false
b9a291ba3c317761a7512e27fed35dec,Carrier 1215293,false
16919a72e3c005492a7a2ee0c519a958,Carrier 1038801,false
b915b0ce780e6f6623ad37bc4d46fbe2,Carrier 179386,false
f30e07c88e2514c2698a5c8de5362939,Carrier 1063135,false
1e7a80fdca377588edee1ce615e98e70,Carrier 159867,false
e50dcc5ee0eaf45500f3fd8edc23cf68,Carrier 1462791,false
7e6d0ea21c2871ca816b89ad97774f40,Carrier 364430,false
fa0895c3c1ab8871566dceebb16c74a3,Carrier 96779,false
81936c1823307fe71fe4b9cbe6643c43,Carrier 1693583,false
811eff266211d259dd60bbfad61c1e69,Carrier 82244,false
51aa62ae300e45429b1de40d5aa62ad1,Carrier 490311,false
55ceeff679feb0535d0ed3f13e3df23c,Carrier 972736,false
7cf43a9a501547f664f7f28a1f0f7dab,Carrier 22875,false
bd4400657b873f2ca252733f51f55549,Carrier 91606,false
1d3217b11564f33333912ea9346b00bf,Carrier 1497907,false
0b9257e3e8e00ef1a45d9e64eff5eccc,Carrier 1073000,false
cb748143fdf38f3426f3499d34a54aeb,Carrier 1693719,false
20cbc0c81578a7970f10b4c43e659c95,Carrier 341997,false
806eae5833f3fe88c0a8af1f0679ea77,Carrier 118956,false
59e853519204da49e4d2b2e05d22858d,Carrier 34070,false
57cc76e1242003859a7b1d701e8a840e,Carrier 1066338,false
7edd568224903f7dcef9ef0bbb3b5997,Carrier 428828,false
d3633fd50d7de10bb9fac8dead2145f9,Carrier 303317,false
f2882452f5fa0ecf7b3ad6efd8d11fc2,Carrier 82271,false
da92baabf29046eb23372dd00b5a925c,Carrier 1480060,false
adf20fd29cdfec920651fd64ae782e9c,Carrier 15344,false
40f7d2a3ebe5a8be3588ed62e23a7ca2,Carrier 1652859,false
7c612df72a5ee97a2111bae2def4c9af,Carrier 1695146,false
35b036cf17feb5989c27e632f318c236,Carrier 616661,false
e1ff93296732ff33ab04e8eeb685b822,Carrier 1150261,false
9dc556d9d15779f96cad15eb9aedb893,Carrier 55909,false
2cc84d2e2c5c08e4cf5ab72513181dcb,Carrier 1472021,false
6fe13360f1b2639d7c5022728769b760,Carrier 367437,false
4676d0d91a9ec3474fe1cda7d0015485,Carrier 1290956,false
1d6e860a2fc0bbd19ab4186c0ab22027,Carrier 18406,false
144c41d59699c1ee53c7b4ff904d53eb,Carrier 1695182,false
83a23129b6cd5b74b8f036b0fe83ff5f,Carrier 1686454,false
e13942b0bab34d8501f96f0b254f48e1,Carrier 249023,false
6698193a348d1dd96071d46d9eb268d8,Carrier 1005235,false
7dd6aba9d2b7e24c9551168b6ffe1e1f,Carrier 16025,false
5599c5a487f1a0aab3b5b6303b8d639e,Carrier 735522,false
3f9ff6359978e9ad0f633d020a43f24d,Carrier 1554386,false
9ec150324a3836a7c0002139284038e2,Carrier 27784,false
e9165c4d60b9b8b3e22824230053de4d,Carrier 1275662,false
ee137064f6f4213062eda1093896fc73,Carrier 1656928,false
3b488262c79646ed1792b8cad7e36449,Carrier 1446321,false
c77479fcd0c18dc4e5856599ae4cbcd5,Carrier 1017923,false
4db8b9ef8156cb119b21d21ef079004d,Carrier 1695344,false
e1b8f0b7bd96943b5272010ae1d38d46,Carrier 32166,false
41db9bac0bebcdba859947487cb2c88d,Carrier 1069377,false
d5b1d3f33819432177afdd3e0f6bae1d,Carrier 540532,false
67888a9a62248c86c3c90487328a4c38,Carrier 107817,false
cc412dacc90eb028fc87d200e8bbbdfb,Carrier 1085758,false
7332b92b60d593edb42da9c93a718ebe,Carrier 1064000,false
f36c01c029ff647239bb91d59dcfad32,Carrier 968589,false
1daad2d2afa201d5d2efac90d8b36673,Carrier 1695273,false
a5d3c1cd9a5efe04c1633739db7796b5,Carrier 795325,false
08955d1028bf0779e6f5672fa83d98a7,Carrier 1448160,false
c9a515295cd37ffeb719ee1f667a1d52,Carrier 1695650,false
5550faf6ba8e391529962feb77b454ae,Carrier 1285422,false
02dcc3236d647005daf40bfc90afd888,Carrier 997050,false
38cb471a891cc7e03e7110e66a5da126,Carrier 1330853,false
b137ab902d64872e0a7512d58911301d,Carrier 1694422,false
40792ec712a225956ae8de0b16621600,Carrier 1055986,false
75d93e51ac60ea5c6611330a58b4b04b,Carrier 113604,false
d04202a0e8d519a824fc3ce9a86b1491,Carrier 31780,false
935b58235ff3909410fbc79ee1585542,Carrier 1592494,false
3c1deda93341cb5944327151e408a23c,Carrier 72416,false
6568f5cb9d8960b3146092d4e535e0cc,Carrier 1058232,false
6bdea19498b8ebcad31c8afcdfb23b59,Carrier 1544941,false
a2c9bb186419145f886a227c828a750a,Carrier 10861,false
70e4b37fb5722677380f76241d8ab04c,Carrier 1695194,false
54b3c03055b925a63e7a4b1d795fede2,Carrier 604804,false
7fe2c23dcc54f61cc58d5537351cc856,Carrier 1695284,false
a845160baaa3251af0d76e1feea9dc07,Carrier 1695470,false
d4108f9129b1399a047d5399dd9237e5,Carrier 1694438,false
d41363f296379ddfc8489fb2eb5308f1,Carrier 1295438,false
1253c077268493f8db2df80648c7b534,Carrier 1086564,false
871b6106debc9c3285284121fdf17ee6,Carrier 792680,false
775d420710117ec6a294676f0c580879,Carrier 1416869,false
1538b2b61b5e440c381cccd0861ce2f8,Carrier 40847,false
79312f5c84d9f1bb64335ea13a12eb87,Carrier 98357,false
7253f94cb115404ddaf64ce321e195af,Carrier 2903,false
08de6ff942c2cad799c108d9a44cccc5,Carrier 1695516,false
8a5bbab8038bba5c8016ce581cff2582,Carrier 1016407,false
a8b8fd6439df39511f4139de901b2982,Carrier 989522,false
c13c12409c3b65fe3885361a47c0e859,Carrier 1371093,false
5262dc3a36d6467fabd5d1f920240e0e,Carrier 130636,false
842249040609a4f08a02f6505332d918,Carrier 1080120,false
a7b98c4118047af265a373f984a326c2,Carrier 1492032,false
1330ab40063b2476f3af3e36abb48106,Carrier 1403627,false
bd963ad67b173ce45aff6ab5b6b1a7b3,Carrier 1241246,false
97493f7446c00a6605d43c5df151267a,Carrier 359620,false
cc4969a6a837b6f23c46e2b742f098ce,Carrier 1695767,false
2e4bbe37c182ba68c1cbc8577d44ea7e,Carrier 89013,false
446a8dba06bf9f9f629fa615ecb231e8,Carrier 1404268,false
0ae541098778c672b39ae160c0dcf045,Carrier 1482236,false
b3726f1301b3ee2b8e965f4a699f9371,Carrier 1350533,false
2b199c2ab78d8ee9267d22ed26679bae,Carrier 1184908,false
94fe4f6dbfa0842112fa328dfc36419b,Carrier 651583,false
1940f1bfcfbb830d4b243072a9fa873d,Carrier 1695438,false
a0ba74779eec1e41e3c10ceb91ec6d23,Carrier 1049222,false
f480e5a4d3155f98e6656ee1430bc2b0,Carrier 1612575,false
23b6a0f02ad6365df29bf9823ace049f,Carrier 4094,false
9ed69e227272600e8c1a4e811a6465d2,Carrier 1374222,false
a544288c0b94b45d0b9b6fc5bc79b757,Carrier 660799,false
bcf9155a54e08d9b819978ced1f9786c,Carrier 1695651,false
fdd5f1173bbd91032430480866e16a6d,Carrier 46296,false
8363f8907a038bab82145e7c0ff35b05,Carrier 957189,false
0cc18feae3acb3a631897efff1f48245,Carrier 1695505,false
ab5c34ec10cb560939abb2896b167923,Carrier 1167673,false
eba988866b8589248a612d16ec5a3a4f,Carrier 964735,false
38292b1fba9ad38153bec8dffbdc49ef,Carrier 6100,false
9a44878dd8473bb863322cb32780caa7,Carrier 68535,false
136c0139f72e44ae573c2af90f465223,Carrier 23414,false
10945f728d93cae93cfae643aec2bf3b,Carrier 34349,false
57427594b2a67d32d594186660249c07,Carrier 33501,false
b0f41d397bd990fd032c41b0f9c9b795,Carrier 1695351,false
4b19218b797829e5f309a10ab3848ce3,Carrier 978458,false
9b25dbef3b4cfe6867c30ba94d142e4a,Carrier 1387313,false
a5836735f8e63079ee999717f9e87806,Carrier 1056252,false
39853ef621b21fa0d5b1a2fb685e9a35,Carrier 1071866,false
d705e6e2cb07e53007b46413fa3106b0,Carrier 16669,false
940a21a5206107cc7f62533bfbc5c27e,Carrier 123730,false
1ff37b2372e6679d81c83f160c272622,Carrier 115262,false
34cd38e2c4531ac680f50667d2c842ed,Carrier 49821,false
e2b89001d282c608b5e1aa43de566fc5,Carrier 85742,false
5abbeb2ea14f67a11fffa72981199afe,Carrier 1241093,false
f148ee96ad8f2f6f9b78b42d6226d6dc,Carrier 1240367,false
71760987d24e1b3168cc60d9fa08198e,Carrier 84507,false
75e30c2bb061803be33e647e5fc8ff08,Carrier 81816,false
ae5fc985af125577188d4e423b9d7cbe,Carrier 1440647,false
e0c93b9c48bc7b902614b39d0252c343,Carrier 31047,false
03828e54e559b47ac9f8c432c8642a79,Carrier 1695405,false
acccbb19e85e4942f97913daf07dcf92,Carrier 1352308,false
0f5d1ef17b66821e2ba1580c9b249a27,Carrier 108547,false
bf60021a9038dfbe1b623719b8c1241a,Carrier 1039260,false
803d02183b82c787275229391e07d237,Carrier 953158,false
e18f699686d22a100c3be5bf651b1e98,Carrier 1428438,false
bfac9ee33be47a986510a33ba9f51e56,Carrier 1638732,false
a2b2458e95e844ad339dd90b3e01cb91,Carrier 1693497,false
e87b6f563514fb1f1e2725cdd703879d,Carrier 1551543,false
5295b55247736f72385eec9b09013b97,Carrier 1030506,false
c7923270f37fd8c30200f9cae629ced0,Carrier 1078133,false
6bc488bd35f3816840a74c2ff47b7f77,Carrier 1695167,false
b8c5eb943e40faf1a78ea46b199babfa,Carrier 45211,false
46f949546be2a71299495b6a914e34ac,Carrier 1695373,false
d6f1d68e2908d948a7d599cde438f324,Carrier 1099925,false
fa641e8c723081189aef76ab019b2ae6,Carrier 1215371,false
a5e364c66db3e4d995f5f0804aecbc17,Carrier 1693573,false
bf1ae2f1a42832a9438e852d6a01f6cb,Carrier 1087076,false
4c9937e29b43a61123cc7eb6a7d0f725,Carrier 1314315,false
a61075df75d95b6d1b466754b77c6902,Carrier 1693783,false
d01212a591497578d256f10164717971,Carrier 38035,false
a16ab7f2786970337819a3acc2953a44,Carrier 1530261,false
f098e6d061b70ce2ced6265ca0733ccf,Carrier 1695464,false
c9d96b9d7a78db357fc5b7ea0c1f8f0e,Carrier 53703,false
e069fb8092f7bd4ffb7532ff5c5e246b,Carrier 1695673,false
596ac59a929e8664a26779d4bdf4025b,Carrier 611154,false
9534b43b648340ba3f8c40331188c953,Carrier 739123,false
8f44f577b8a546fb343315ccd91c0cef,Carrier 84650,false
71cc40d7bf771e8e535c667fe4b55880,Carrier 17228,false
40d464eeb24e5645ec6c5ba02be9cd43,Carrier 1695368,false
fc34166f4335e652576d36ad75985292,Carrier 82712,false
1299d8d3a25950ba1c725006d2e64178,Carrier 1694875,false
753493307b2cbef1b12b21f10b0a8b1e,Carrier 1286135,false
2bfa9f2c3a5ed612b3060220a1b786ec,Carrier 1570109,false
22c78d2fd60781293cc310571120a276,Carrier 1066565,false
6e762c57106b01f0338aac83f8787e88,Carrier 664,false
ce8d8d9d22e54fdd94a7400914eda146,Carrier 464981,false
e93351ea358fd0d8b671245094ef355e,Carrier 1695361,false
0e9657ed16ff353558c736165d7427db,Carrier 1655917,false
ac6ef45f7dfb4bd244a98abeacb2a2e9,Carrier 594541,false
58953c1eedb0ef40361dea2e26fef368,Carrier 1215422,false
c9b7300ceab94ed713d32b44f9ecf74d,Carrier 71315,false
057ae4e1e23102f282d81695532811f4,Carrier 826139,false
2b6799a7d19a530cf8f50322910d81fb,Carrier 67241,false
aad95f60672707792e178ffc41c6868e,Carrier 678706,false
599d9a7979fe5a5486fa181c6d2cb4aa,Carrier 9419,false
de470a8a160afe8c2de5623f9bdabb9c,Carrier 956499,false
1e0d48f751db9d3a6b78d41477c521c4,Carrier 1214406,false
aeb3641c9ad30f4b324e74bf98c61bba,Carrier 1444498,false
a85b360f4f40a170fe6beb068b7f10ac,Carrier 1695069,false
c1985570d3a391ed448cc528ffa1820c,Carrier 1012575,false
f3b37f890f45abfc81365a456f3ae484,Carrier 613999,false
30b98a519ae9940a7005aa496d3c6ada,Carrier 1695244,false
bd2e38998d7bb0b96f6e1b12497e3d81,Carrier 1517735,false
9a936933c6884aff6f0e69cc6411b782,Carrier 983407,false
92744dfb02ad7a2ee122999800f3d90e,Carrier 1361575,false
710ba137943ea2a4681e66afe5b4751f,Carrier 1402429,false
0e1010ca937afce52a2b636456f2bfa2,Carrier 87171,false
d2df4742ffdc91c1b1e6d4fd429b8050,Carrier 1695814,false
e8f7e9511410f69d7a9ad06c839ce880,Carrier 59766,false
8161630cc086387b5fb845b13b3e8d63,Carrier 1460328,false
7a5d762a8ff16758fdbbe2b7a3cbeecf,Carrier 101368,false
94b78191e9da9df10543544dd21269a9,Carrier 77878,false
da3b7a5e65f90f6f8d07590f1c94c9d0,Carrier 1695236,false
ccaacbba0e1990279e1ec2e585c69548,Carrier 751256,false
2b92381cb4d3ffc308a1145d942e531b,Carrier 86860,false
7f1391ec033850842b2be2955e2ddd83,Carrier 1633781,false
a8221a2ea2a07e04c17f10211e0e8347,Carrier 742049,false
ce5231de266a240d484839513203f9c7,Carrier 1693554,false
feb6fb73fea35666f9ef13c3a5df272b,Carrier 1695159,false
a24094d334bfcffa124a7daa80b37843,Carrier 1281522,false
bfd356d680953623abc065722c2bd25d,Carrier 1695249,false
cdb9cd90527bdb9e940eb2ec1eec1f4b,Carrier 1290175,false
02027c74c7474935ed8980f66857d3ee,Carrier 1291555,false
a430f81edd25cd51fc6d460ba0e25e2b,Carrier 1467037,false
13929be05aa9195201dc2fc4bf857b2a,Carrier 1268215,false
3b5361406867825d7daeb090f40be539,Carrier 605817,false
8d00bf2c7d3a9b0785a33c4212a1523e,Carrier 1044585,false
d6e0d942a072a94475d1c85f62008954,Carrier 59030,false
3790f1e5088b409cffa90c81c1a2ac5d,Carrier 1480348,false
d3569561c8f73b83a4186d47156eb636,Carrier 704679,false
3a58d5822e0548d0488e6893ffbb2d6d,Carrier 1693568,false
d89f126fd1deb2b88f00650305fec77a,Carrier 1468866,false
ed54f9cca4810ff7ee2a4c212cd61397,Carrier 1241642,false
92148ed03cce50ccaafac7497d2792d5,Carrier 107932,false
b7d5a859605065847aa84ded62c9f16c,Carrier 92055,false
d5f2f446cca246d30ad5c7bc6d8b8275,Carrier 1695548,false
b93d5ff336b494ec5b29ea20a681956f,Carrier 109416,false
9d485a31862e19a5b4dd25951d93f6de,Carrier 69267,true
46b04819fe0ef0b2b1285332b99f13aa,Carrier 1693836,false
05cb3288388e66018bdae42c36e949b7,Carrier 1050090,false
c6f4fcdbbf28e76c17b9b151fe426973,Carrier 1695627,false
388e139fa733e0fbe8786b0654ffcbe7,Carrier 173773,false
3d1d8764270423dad8b06f41dc748b46,Carrier 1662724,false
87f3fc1fa8b691a710044a6e3b72dd5e,Carrier 1599978,false
97eaf70c618b3704d2e7b4b0c2985c3b,Carrier 1563442,false
fc450f2744210cbf80f3bb95a10017e7,Carrier 84277,false
6b1dee0792be133a1b68d07cb253f7c4,Carrier 1545580,false
0124fe8fe6851f68af65bd55b9e89fb3,Carrier 800998,false
c8a2d16eff8927db6c76bcea576cb57b,Carrier 88258,false
57b67876a3308ede559679210e492e1a,Carrier 1335316,false
0915d557532bdf7242a8dbd59afc8835,Carrier 17203,false
7ab78309b75148c501bf65e5e921c903,Carrier 916023,false
95f89f52eaacaecc36b7710de1f48750,Carrier 1210765,false
6928111d21599c5de4591d97ffd7f88e,Carrier 1229228,true
431e72a92f80886e26bf2591f2926b6b,Carrier 1010542,false
5d9ec356bb5af8014aeef436e886b5ea,Carrier 1347068,false
33d18f5a552d2cbe8f26e9ec3abf6ff3,Carrier 1069790,false
e91ec12794d755e5140c12d9a29b4f0b,Carrier 1359323,false
3ee15665c74b73b13abf578122ef0384,Carrier 1391219,false
d0c3a87964f8c9155aa21d4f17755a93,Carrier 1695800,false
c580db348c0dbeaaaac97cc5d5482d2c,Carrier 154651,true
e4ea3898c979dde26ffdef94ec50af25,Carrier 1244151,false
34fdb144b4deaa456bb91722f40e4e07,Carrier 117607,false
47ad7f0d61bb60d19aefa2f5721b0004,Carrier 1327784,false
944d9a12c421655bbf2ddcdd00a8383d,Carrier 2279,false
d380805b7595607db1cefe7abff4dfcb,Carrier 1053118,false
92a9d534ac630aa6ec44050d3b58279e,Carrier 1113585,false
7ad7f79437180b45477a0c622f9276d2,Carrier 55001,false
b8b809779018268f3d3e59f5a728a1ca,Carrier 1461574,false
a98b79dc116f0cbb0148589786f9e59b,Carrier 55452,false
6614f212f682342a92c231b13e0c027a,Carrier 105166,false
2e7816dc52d52731c4d162d4bf34cb51,Carrier 1080860,false
74369a84542db19f2dc75958b3782c7b,Carrier 1113930,false
2396874528ac55872fa46bc45ec4408b,Carrier 1695805,false
8c3a6cf05c4b67ae51acfc2379264553,Carrier 1695245,false
c4bb95dce9ab1f18e7b1bfc096fd0613,Carrier 1086712,false
da520bdbb0412b078f13fa1524688038,Carrier 28008,false
fd2b620cbdede1e793402007024d5a8e,Carrier 1508175,false
d7261628572b6cd60b13e8db13e352d0,Carrier 7490,false
04eb711440f9c186a6acf92585d4f528,Carrier 1085471,false
cee444ff94d32356c55e4694bc490ae4,Carrier 925702,false
6437770162a7267fad40c8da7abb8521,Carrier 73029,false
1caf81b7adb16eb509d9aadb9be3ba4b,Carrier 1508367,false
d151ddf959ab84991c5369da777824fc,Carrier 1695796,false
84a829d6b406c0ad3b1886f4063d9068,Carrier 1305526,false
7fe23cfb3f6ed38b9b14ea71eba2621b,Carrier 1416338,false
78853cd71a5316691280509e68748dec,Carrier 1694132,false
5c1907359aa978301674596b7e6676f8,Carrier 945702,false
7ea92141be244df56eb9faaab2d60404,Carrier 110512,false
df240adbcd836744c7a0d34438689f36,Carrier 1695455,false
2c3e396129d3c353ba8bad0388e3987a,Carrier 1308446,false
e3210c40ecaad07bc1e02305ba164c44,Carrier 1451751,false
6433424e624e1fb642d8229dbbd53ba0,Carrier 1417083,false
159b7657fb8ea48f55710222671c4f94,Carrier 1215438,false
73bcc06b4edb09dc299c880677cddf33,Carrier 1340790,false
12a604c5039ceb6fdc5773b4f4c06540,Carrier 1695349,false
0c96602272e5dd4f72126905f4857e5d,Carrier 38605,false
d27859157507225b644c90b8e5c2793f,Carrier 1301148,false
9181f58ca59bfac09bad8cacda9453a9,Carrier 1340577,false
4e9d1dbca718aba2ab2a0a84d8c08b4d,Carrier 105523,false
ae5c10fe3da332bc9e9f6f97ff86b635,Carrier 90581,false
c3f81ea2323d9e93d0ae1e6a8e838785,Carrier 1069080,false
2a496b89e1119e43018f597168559e85,Carrier 1114859,true
3a0842cf9fa1becfa507b5e5dea627ee,Carrier 46076,false
754c8be25b378745366ed1220479e5bb,Carrier 13487,false
28e76fbdcc215e7283944ab22243f41d,Carrier 1471981,false
dda06dc44e780dd58ca23c34fd4defc2,Carrier 1695155,false
06f7186825547008fa569d82dc5d6acf,Carrier 1360635,false
5bda9cee88686291b3aaedfff7a937e5,Carrier 1401911,false
77804b42ac0b7321f1d7c63f9ea22741,Carrier 83148,false
b531967bde22c85465d7950867465b5c,Carrier 1406065,false
674eb6f7473799d19434a1969d2c61ee,Carrier 1040363,false
6bce6235809e018109bf1e327ee870cf,Carrier 1448922,false
70da780a28a2ff146ad960b1a283955e,Carrier 1248660,false
dab26f31d7acdd30273fd6415e0f3aef,Carrier 1042301,false
ac9f4bdad8ed7e02b31548eff8e0fb47,Carrier 30014,false
3891c2c1e781c07485c149508d3cfb97,Carrier 39446,false
5376d70591c1a5da6d88ac0add60110b,Carrier 370869,false
79975bdb4785f1f06deb813827d23e31,Carrier 22653,false
a6cb3222a1b35679bca67063dacb3907,Carrier 1680078,false
36106c7bad9327f0cf86011643c2ee02,Carrier 1009751,false
24a52620b05578b797e92ee973e76ab7,Carrier 1343372,false
443fefbdb5c1d3beb7a6fa1babb8abf7,Carrier 1240254,false
53f58848a0583f24f5484c56d28bae00,Carrier 1695624,false
6cff62dc8721b6b6a2e18a76754815bf,Carrier 1695364,false
e6f2236ea9dea748aa872cb1bc1af6de,Carrier 1416618,false
d64bc87fe44bdb70901e1ed7548241e4,Carrier 1385826,false
abb359f297032fcb66ec16aeb42c8ff4,Carrier 832217,false
b21b5c520033b7bbea9a8fdf3e0660cd,Carrier 1087552,false
fa4b5f92783fb18d3d4437aa05d5a5ef,Carrier 1357758,false
de8e3ec677695c1f58dbe42b88b50081,Carrier 1693508,false
7490ca75b562933c361056b3f0c1ba01,Carrier 1693537,false
ffe066022f74e79a821613b4ec9258d2,Carrier 1040375,false
0b8a5165422617d2840f03ae04e9fae8,Carrier 1695459,false
e4f11c4ecb60e571fb3def93a587ae16,Carrier 7543,false
ebb1bba92e590c4854b029153bc2ab5d,Carrier 1695528,false
409f331f68fb306bce773b8f50876baf,Carrier 1240714,false
c8de0dc018744ae973e750b8558a168a,Carrier 1083805,false
3b0cc587c724d882a71b678998b62275,Carrier 92424,false
4d34fc6dd97da249c89ee85dc7edb266,Carrier 412227,false
a5a4a76f9d734eff9b68a8c137b40f95,Carrier 1635065,false
0f6287716d376d0d24f667b880ef0dea,Carrier 1695562,false
3f0cd212df2e50aa948b9e2b9c248e1e,Carrier 1215270,false
cb17b81a1c02f50aa60a295d19d5f985,Carrier 360479,false
c3c987809c1f265744928823198d14f0,Carrier 1326154,false
9d5ad57fa477f0e342b85cd19dbc958f,Carrier 1330754,false
661b90ac2ccb5f5e76e9eda56318fdf9,Carrier 1080084,false
29f394d3cf556b7e461a97c693a3df4e,Carrier 1295756,false
9df896c431a0668f93814c5124d2de13,Carrier 961497,false
4b995ae35387ce6329b4ff99ff2e166a,Carrier 1695593,false
dc43a23fedf373231a8abbfba0a597c9,Carrier 772844,false
dc67bd22de0ecdfd54fc6091185a5838,Carrier 1693576,false
9b87e4a2c6590d51367e3f2a6359cadd,Carrier 820065,false
8ec260c771cb388845b147aa63fdbc78,Carrier 1012039,false
48eee676109678d88823afd9eb65212f,Carrier 1679937,false
2828aa32c87d240a6d39e36fc1dfa80d,Carrier 1054924,false
ee81228b0dc434dd497461fe7e4d3750,Carrier 16359,false
52e991630b63f5ecad350e33c5d3a62a,Carrier 1350192,false
bd420b11a7319f6581ffd8c765ea0fdb,Carrier 1403814,false
0e509f469acab2aca88460eaad338e45,Carrier 1085448,false
547b51d7ba80201c88095aaa587ac527,Carrier 1052955,false
c2f17f3222a80d2d3769a3734de060dd,Carrier 1695775,false
75c5a7a478f60b44aaa38fc4462af8fd,Carrier 1555174,false
075ae99fc186411cb89aff936f011b18,Carrier 1015803,false
cbeaf9dae27fc0cc4418c22a53b8ac26,Carrier 1045524,false
45a2e8b7410bba583a705cd85e0f273d,Carrier 1666034,false
f53bb1a95b76210328d4c6a5cfab4c24,Carrier 1569931,false
efc05583eae5a457eed313d4f59f9cda,Carrier 1102170,false
be8dbdba1eaafb3a8d1644c7f5521a80,Carrier 1243837,false
298df95f5ce4038af5649d9035840e15,Carrier 1074770,false
ce685779162bd1b1c968d14c7bdf1eef,Carrier 1695703,false
8c4211baaad85edc6fb709d13bd22fc0,Carrier 1436653,false
a55f099ad023705578829e21357aa3cd,Carrier 65608,false
292b0e12b18ce8b3043907dd09fd5392,Carrier 1695385,false
e05089dc6976b99600d3d47ebfc2ebf1,Carrier 1050359,false
1271b20f94b82d17463fa239d984671b,Carrier 1431022,false
a1c5f57bbf594e42d5ef938b852e70de,Carrier 1627334,false
5a3db79f6f3016f57625b271aa0ac889,Carrier 1445874,false
e96b60252f25cce162158ed09e9e3841,Carrier 975370,false
1bbb34ddbe5c5a7e1e29ec9ae6abefd4,Carrier 979154,false
d5fb0618a32fa09a07dce594f4a1c85f,Carrier 1386221,false
72fac2c462483dfefff0ef1c969ab8f7,Carrier 1465851,false
75dcd80981bc7d907613f0f6e6bafade,Carrier 1458303,false
2ab828a3dfb2d8d3a7e90a027241d1fa,Carrier 1059812,false
3f9d764cfedb8b92143fc2c7b547388a,Carrier 1006210,false
fdb2ee4bd46438d936dbdff4ba62b12c,Carrier 1233188,false
c8bd22ad2f065231dce4013e2a494bb3,Carrier 1515117,false
d391eca603384f03be2c9f61caea176e,Carrier 1695802,false
6e1b2f3d020c5e6ca33dd15cf054eb76,Carrier 1391175,false
c266da87c283802e8889147c0d47274a,Carrier 1200987,false
dd9418ee9953cf1656a6c3fe80c0ad0f,Carrier 83801,false
21c6916262795f7f03cc3b9a42c09c0d,Carrier 1057708,false
01f8bca1728efd613be418109c9ce909,Carrier 1396578,false
e351f394bf2770184b767822bab60ec2,Carrier 1027599,false
e9489f3cfcf4725a9e62a8bf8b7dee48,Carrier 1043515,false
9f659c34840ada6bfcb45b609a582329,Carrier 106325,false
fbaada067b5519ce14f8670cc259a29e,Carrier 1299707,false
c2cb46a6c3c9831e69c610d7abe337d4,Carrier 109254,false
197887424ece84ff0b3f1210ce9c7aed,Carrier 1086443,false
347e0407132be5dc99b721aaffb52500,Carrier 4928,false
8dd5cc510beff08fd4bd1bd5b7b95bdc,Carrier 940495,false
3c7c638b13a65b6c15792144abd312e6,Carrier 1694201,false
76662194361836538f21132fe49bb06f,Carrier 1642265,false
b4c9eb77f9d992daa8f2cd28645567e8,Carrier 1023114,false
75e405d49152253297b15e5e9d7a6752,Carrier 1283964,false
7606a751172d102b618ab2f2c3a134f6,Carrier 62451,false
503cf211cfa7a60c1f07c39bb7bb9e87,Carrier 432508,false
ef7f2e5fb1e7fe31d9f8feb3e0f9be3c,Carrier 1041814,false
cea1692e52130962e1d489a73d13ce90,Carrier 97236,false
77de7db0eed20292e3e556fbd7ee4fc6,Carrier 1572800,false
31c75590cc6f83b6b67b8cb833816fe0,Carrier 1066246,false
2b21eb387f57fffe1ce274ee391c8199,Carrier 610802,false
6d158ba2ad81ddbbf078cf22b03f64a0,Carrier 1543679,false
ecb5dc5e317e29d1f6ac7ac6ca5e0ac4,Carrier 117545,false
509bd0ff0dbd497d065760e19f11a2eb,Carrier 1489863,false
21b8eb40018ae5cef783b125928f5025,Carrier 994031,false
18ff140c7bc1390b06dc4668314f969d,Carrier 1215423,false
12a6cb7bb914e4a3c1fe850003ead476,Carrier 1064563,false
2e3309c69d74cc28a7fc4d6477837fb9,Carrier 1628671,false
c664a1712a6369e38be0e6a0d4de31b7,Carrier 400532,false
d011c49d6119d3d4691c4693e1d04651,Carrier 1041647,false
6ee4fb66b012f250d2475b019fd3f1fe,Carrier 71406,false
cea23acc3090901d314bd91a7d1974e3,Carrier 1140333,false
e92ab3abf472cf2369456a19adfde73d,Carrier 100051,false
8cb46e2ee9573da4f60a1133dd275072,Carrier 1035131,false
668083791c10b863ab5e0054616a1b71,Carrier 131313,false
f28da0503c900c9100697222344c7d8a,Carrier 951529,false
63734cd44e9dace401bf46fbc52e0354,Carrier 1634228,false
a3aab571dbc0d898ee2de0113564f4f7,Carrier 8900,false
d0e5e6cb86980448d66ae38a614d3c97,Carrier 1126066,false
b509076fbb16ebc8ce6f13f1f51728e7,Carrier 113302,false
405570dc9b8adcc04647a1f4badf4a0d,Carrier 7636,false
1aeb3066deb01b1e8e480eff86c5d3c0,Carrier 1661197,false
58ee0e80aaf0d5bd7533af89bb06b8a3,Carrier 1011211,false
ef6de698b2aa7bcaa6df5e201e81ee31,Carrier 1477624,false
7291376fa80c307d1139916a28bfce80,Carrier 1230028,false
797dd86050a62c6fbdfa9d3e9a682a1b,Carrier 1042669,false
744cffec452e07e24f63341872c7722c,Carrier 67639,false
0e74926e6398cf4b29c9f369f385d2e4,Carrier 1550829,false
24f480118eca37c9dda00530d5dcc9f4,Carrier 94197,false
e9a5194c672020a9e8682739fc56f9db,Carrier 983258,false
d986b9e7b83ab750914a384715f2806b,Carrier 1596270,false
60f5c64bdb0e1795c9f8857efa28876a,Carrier 691599,false
f2b3dbdacd15efeba2c4c6267268eb7f,Carrier 375555,false
7474b23c81931f9a98d144810e786453,Carrier 1336415,false
79f87fa5cfa9500a7f386aa6d401a520,Carrier 1390882,false
62585d5f9dd3a3506eb1cd4a3f3b811f,Carrier 26662,false
6b755b8795c300b2449c6788fb683538,Carrier 77479,false
d292efb46832186db1cfa8f46c01538a,Carrier 1565966,false
38b949ff6d60a146a99da62de3766359,Carrier 1693553,false
ce256d4a44c58af6637257934b6cd1a2,Carrier 1032150,false
e3f6332f12501df670891c19ccc5ae65,Carrier 1046673,false
10f9820fb7d64ae83be09efd2b7a51e6,Carrier 972012,false
65f9587b584f199d3a1f98d66326b550,Carrier 21821,false
26b7f6967af364380c7bce71d2a54a48,Carrier 1240629,false
ee358d5d114a02e2ed2a402ca9d3cf1b,Carrier 37131,false
86c81dbe68dfeb7f79a9cc91de9232d8,Carrier 953240,false
6035b0cae09c042d8e17cdb5a51a487d,Carrier 1695803,false
74508651be844a57e115983a0ffe854d,Carrier 66974,false
60ddee75d707496af5eb115aa4b5fc19,Carrier 1695151,false
639a399ecf28769152f0e067e45cbf89,Carrier 1532679,false
91215ca7bb5f7c1aa666cc9ca16570ab,Carrier 1288132,false
e35585f02271a440a98a1b7db8f44a44,Carrier 1695147,false
7c8b0b5a395517ce35123a06eddc1b8b,Carrier 1331962,false
3a5052516cdc7e47c214aeee8843cc38,Carrier 1396953,false
43d33ad05cd5849042b9cb585c74301c,Carrier 40296,false
91207117f0b746eb0dc396230413f96a,Carrier 10445,false
4f76b59fdbc5b12955746a03d7cb31dc,Carrier 11799,false
276538488ad9d8b4e95a649640a65c73,Carrier 442086,false
cd45df2c40d9a1ff021399219ec8db71,Carrier 69898,false
5c30294d54e4c0a16108983050a48bca,Carrier 827137,false
e19e3e9e1c6e5345668f62ea8979f24c,Carrier 110505,false
8a7889ba10ec6bca6d263d096530006c,Carrier 1068351,false
a6760068cc53e2aa06764ee1c780aed2,Carrier 89757,false
1955996f65620386ec04cd66f60dd02e,Carrier 1693569,false
4257423b13c9461b258495ba7a1eed27,Carrier 1695255,false
6bbde8ab1b1fc03ffbb34c7e62ae3aa6,Carrier 1073498,false
5dcb6501816cd181a1258d6f4403bc45,Carrier 47540,false
9102e95b0ac19e90a103f099bca694cc,Carrier 698669,false
f4f17eb95b8f7648526073a6c7b7febd,Carrier 62745,false
66555bd530da79008e36f60435fb82e2,Carrier 63760,false
a8fcc04127f336ec9333594ed56e55f3,Carrier 1534652,false
06ef0529a7cfb2a4d23523abd2ae7b1b,Carrier 1215412,false
65c9d84edc5b383130f89ca69276788e,Carrier 366056,false
cbc6343ed478d8bde44209694c96e390,Carrier 1391018,false
16e21a8f507165174959332286543bd6,Carrier 54660,false
7dad8bc188875c6fdf44bfef3d3b56ae,Carrier 1553265,false
e9d2d29420945bad7b0b84aaac4e6e6b,Carrier 1050238,false
061b2731744056c583e4210d39173a6a,Carrier 1396487,false
2fd57a1b9b58680bb35df2832b41751a,Carrier 1433718,false
8681c707bf149c8ca3d945c857fcb727,Carrier 778733,false
def79f35e290a25d1bfa4ac117220de7,Carrier 74163,false
d52e79da653328b20cdef8513b00d571,Carrier 1262311,false
3538e45d1747449f2c827902d174e39f,Carrier 1033481,false
2da94966a8bfae8e80473f628c2014bb,Carrier 86164,false
a386a694f4d38e1616fc8f3092d8b107,Carrier 1215243,false
fe73d5c99a22ce51e43f8074eb458c57,Carrier 65584,false
0fd4e06c7791b86f95f0a5b1da0d6398,Carrier 50251,false
a2dbf6e180e2624d6cd573624682ee4f,Carrier 1375300,false
13288e3c494c268be07258a9ac3a0139,Carrier 77438,false
09ae155730de161566744e7f7426efd5,Carrier 1005425,false
da2f46bb472e520e18b6f3f88e5fcb6c,Carrier 1215447,false
a0d76edfbb7c1a9522b223665794d0ae,Carrier 1244511,false
5c1571b240dbd4a9913917540372bc60,Carrier 1035111,false
7af83cd9494fedf1461387d145ba0a1d,Carrier 1695411,false
8a2a362544081807e8cdb22166d16bde,Carrier 69585,false
64cf2df5cc6b554a7c4adea841543066,Carrier 1532346,false
d343386b7946625329407e7e24d3a79b,Carrier 81373,false
77373d64752de0d379503d1691f48280,Carrier 1492355,false
03b4ac9c5d29b72bf4cf73f7a43adb5b,Carrier 1034065,false
870e847b6e00e877b85cddb0b6a60018,Carrier 1331325,false
896d6367b6e40eb1e8b1320c8e79bf23,Carrier 22382,false
d5da60ee2d2aa2b55c8c7d1caa2898ad,Carrier 1071312,false
0f92cfc287b7217cd703b04d6f0c62df,Carrier 49473,false
a4a302f324105750ddc1ab7d6241376e,Carrier 1629880,false
f431e3d4227311a7ba79e055064defcf,Carrier 951592,false
db939e9c62a45dfdd93b167a682f9a0d,Carrier 628093,false
c985d7d955f515f15f51266c85a604e9,Carrier 1036138,false
c1d3ba52dd0c9a612318abec3f7c9fac,Carrier 62279,false
4129f88c0ccee48a9bef0db9b1426d1a,Carrier 1071405,false
7816a6089af17b7a7f79a62d2b1ef988,Carrier 118543,false
05843347ab4e45ffb6b6e0f46ac4c12b,Carrier 1077485,false
64f0f8e2d36208b276407b63789953f8,Carrier 1601608,false
d52a00ccd87ad084f948f797be9b0ba8,Carrier 1695337,false
734ce2bdce4d087bf30450ce9019efd7,Carrier 75410,false
fa43f44fe1fe1ef0537362d0193dc423,Carrier 1596639,false
c77615d26a9fb52fb3200edfed028a72,Carrier 1693795,false
15d31b193903ae64ae8c003756397950,Carrier 1443130,false
2ce6f3b4fac69c495cec6e8a879c7d90,Carrier 953052,false
dfff4f09ed0956842916a40398e50a9a,Carrier 1040438,false
f47ffb9aa8698d0fec357df7cf0899bf,Carrier 451864,false
9cdfc5d140e10fc5315d2829019e7ab9,Carrier 1695483,false
dbea4033820a73a199ceebe7d0f15bbd,Carrier 991295,false
c21678e9129f571e5022bbe7ecaa0823,Carrier 1695536,false
50e0a7f692d1f181c3fc1a308858e750,Carrier 25652,false
a71fd5e354aa9296e6aa5cb9030d5f53,Carrier 24508,false
3e26af4052cb27680b054b70a7fb4563,Carrier 1005326,false
eedd7c9e46b54256114e8d4ff8c15767,Carrier 365596,false
7c18cf6466afeed2152f41db0a34251f,Carrier 1468324,false
49a9b88097fb45aec39c699f2792733e,Carrier 1332603,false
f486f7144d699f6c7021a7530585002c,Carrier 1012360,false
7feb29be6d29f33eb6ce5590651ae25e,Carrier 1424861,false
09762106c97d1dc376baf4382c1978e3,Carrier 1695720,false
0add5de40393dac4e11a939d2718af38,Carrier 1052883,false
130c32cee209c5de16b150d9b83187d4,Carrier 1053029,false
a1929ec59c381ede8f64a058d2434618,Carrier 1407031,false
ec1abca05f6f563e2ae2f38f6b3ef2bb,Carrier 1032825,false
89868f29ee92cadb1f0fca1a1b1b43aa,Carrier 647552,false
9756aac289668522d894f248b710aa75,Carrier 80841,false
9b60ce86775464036de5ca7622b4eca7,Carrier 1025622,false
1a66cc0633b4a0ae631d0785cad40408,Carrier 963783,false
c66655c8fa5a6ed35b84f08dc550f516,Carrier 947348,false
10e63c45e9a04d22820e2638bcaae0ab,Carrier 1327195,false
de4cc6cb52a085bd2369201c27231f8f,Carrier 1330914,false
36f9195bf96d4d000335a4fc46197a10,Carrier 19248,false
3b413812c7c16e0665bd22eda803d7fd,Carrier 20160,false
bdd82c3b15c9c1acb0d05d4531fcac69,Carrier 955825,false
77c4fde40fe286617d0ed74a5c8d784b,Carrier 1695277,false
a91982a11176ae9f188763f5afdd10b7,Carrier 32005,false
6d607c9f1ea0d6d6fdc63a0ecf35076b,Carrier 1021474,false
f5eb3e46d4303148738aea7e2d3213e4,Carrier 1034828,false
108192817a217e84ea9551df922f0c50,Carrier 1695357,false
161c3ed5b8593fd2dd493da32639e006,Carrier 1693549,false
13ec50e7e36d274766c2582c40aaa763,Carrier 1695515,false
865b0a7e70b1fafc22f46605c6b2118a,Carrier 104019,false
5afca0673a21dd56c59b815b5fa43e5f,Carrier 1014370,false
2d3115811bdc0d347c64fe197e5960be,Carrier 1331463,false
8af8b0f9dd30fd1a70936a3f23a4ddbc,Carrier 3939,false
dd3b1299bc4e5f0dfa6d5e211778d5af,Carrier 80368,false
643120550d05d8fd35be2ea94588bd54,Carrier 1067999,false
e1f06d822f62b9084781cbbf87139ddc,Carrier 1695550,false
2b4775b94f97aa520c16dfecdd649d66,Carrier 52627,false
2c572b322f1793a41ebbf31a9378dd8d,Carrier 967405,false
864560f9f10f5f01076482427965f51b,Carrier 1019824,false
87f1c47c8aa92ea6f0937d25bcefb63c,Carrier 1695623,false
34d93e0de70a055bffd4113bca4ac8d5,Carrier 1037782,false
4d9ac884e8ac6878c0cea4edec93d65a,Carrier 1695635,false
0dd5e9e0246ccd29b0a4fd552a888ba8,Carrier 1614220,false
ff75e940c39700bf69964dd13fe60784,Carrier 93616,false
51c20342012f2c20adfbcb1505002502,Carrier 1215497,false
efc48073e269764394e09d8968f221e7,Carrier 1072777,false
ac2d3db1b05ccf5065388a427d0b5c91,Carrier 311629,false
628b2b68e101d1005496a4c440b8f0d1,Carrier 1426045,false
a5536c874b9c43712d9695b6a05ae5a0,Carrier 1695597,false
6345e2704355d6bceb21d0fb3f48f8b7,Carrier 1695291,false
bf8fdf4b62a5dfabba5b3c9d69fb3ec8,Carrier 1056996,false
06c440f1bb7aa0cb3d5a39f9aa0ca17e,Carrier 1087619,false
7d2455b6af9f1f8a632560f57bc50a2c,Carrier 1692848,false
36418ed54f3805a4de122d267760520d,Carrier 13598,false
f1c818c5b876fe1795222e8584212a71,Carrier 599087,false
b2633898cbf79b2e8862fab9d98bf283,Carrier 863302,false
5720c5fcc2c6592a93dc1dba309323a7,Carrier 200419,false
60f17cdcdff84adea104c5360ea1089c,Carrier 93868,false
8e9fec5ece5e43d76b835195692c0b09,Carrier 76994,false
ab7db5c86522c497f9c50c9213812b6e,Carrier 1207457,true
b9694715a695e37e4f8da79fa92abf14,Carrier 80899,false
26934b42e7cb187e30d2c6d62ee6e26b,Carrier 645471,false
17f4507f425eea35232d43d1b92e8e8c,Carrier 998030,false
226c342a899648099c38f134a35d9fe8,Carrier 46636,false
a130b5482d61ef28941a4300bfb1a7ed,Carrier 1044756,false
8a1a9af06feea963a02a16c1415ef399,Carrier 1693552,false
149425203b101c54a045851c053442dc,Carrier 1192813,false
f884e4405c0fbef6094a74f740d529ee,Carrier 1695654,false
0a39ec8057f9e0d951d675dbebdd7c1e,Carrier 40749,false
4cdf840cd8d8532e7f5e5c9b1123e9d8,Carrier 161529,false
80a98b3448f1b28c3fd327e213281aad,Carrier 1244302,false
386194b3adb3640bbae40b2759c18c73,Carrier 127275,false
f4fd6789e0957c820694cb35920bb3f8,Carrier 1693493,false
72dd4a126f335b52df06ea11a630c8c5,Carrier 804788,false
0e164e4f3456d5af705124c18e6de0c0,Carrier 1413357,false
6b56984a57afcdaf995dcd6ad97b78c7,Carrier 1023686,false
70fe5e7f423078bad7f4b14ffdd69bba,Carrier 1695446,false
8eba5f9aadb1ec0a16d3282979a8dfb3,Carrier 1695682,false
f9b03a9ee8779de85d0bee1a0a5a7321,Carrier 1695239,false
6a7eb66c42b0fcdb853c509472dc676a,Carrier 374606,false
94429553d5d7b736da52cd580ae680a2,Carrier 420172,false
b91bc737b599b2a086e3b8956b5f4612,Carrier 1693924,false
c325f5e42dd779bd4a7bc937052d46e9,Carrier 414839,false
88b2540b8c89d069ffa38515a11c15fe,Carrier 1695372,false
92c524afbf3fce84f3082e97d9984c72,Carrier 1438360,false
49aa81414e379123b8ee7de8c0fa6bf8,Carrier 48458,false
8e8645d3ba38cb07f0b6c2c7bf815fc3,Carrier 1396793,false
c278f6ab47f5d88d150ea24938851495,Carrier 45414,false
